[2026-07-09T18:04:02.702Z] Extension activating. WorkspaceFolders found: ["/Users/jaffar/Desktop/MacBookPro14/IOTAGit/IOTADashboard","/Users/jaffar/Desktop/MacBookPro14/IOTAGit/IOTAApiServer","/Users/jaffar/Desktop/MacBookPro14/IOTAGit/IOTADocuments"]
[2026-07-09T18:04:02.703Z] runFullScan started
[2026-07-09T18:04:02.703Z] Discovering files...
[2026-07-09T18:04:03.967Z] Scan complete: 1820 files found, 0 cached, 1820 freshly parsed, 1264ms
[2026-07-09T18:04:03.967Z] runPostScanAnalysis started. Current nodes count: 1820
[2026-07-09T18:04:03.975Z] No active DependencyGraphPanel webview open.
[2026-07-09T18:04:03.975Z] runFullScan finished
[2026-07-09T18:18:42.373Z] runPostScanAnalysis started. Current nodes count: 1
[2026-07-09T18:18:42.376Z] No active DependencyGraphPanel webview open.
[2026-07-09T18:18:46.304Z] runPostScanAnalysis started. Current nodes count: 1
[2026-07-09T18:18:46.304Z] No active DependencyGraphPanel webview open.
[2026-07-09T18:19:08.451Z] runPostScanAnalysis started. Current nodes count: 1
[2026-07-09T18:19:08.452Z] No active DependencyGraphPanel webview open.
[2026-07-09T18:19:14.132Z] runPostScanAnalysis started. Current nodes count: 1
[2026-07-09T18:19:14.133Z] No active DependencyGraphPanel webview open.
[2026-07-09T18:19:20.068Z] runPostScanAnalysis started. Current nodes count: 1
[2026-07-09T18:19:20.070Z] No active DependencyGraphPanel webview open.
[2026-07-09T18:19:27.803Z] runPostScanAnalysis started. Current nodes count: 1
[2026-07-09T18:19:27.804Z] No active DependencyGraphPanel webview open.
[2026-07-09T18:19:38.992Z] runPostScanAnalysis started. Current nodes count: 1
[2026-07-09T18:19:38.993Z] No active DependencyGraphPanel webview open.
[2026-07-09T18:19:48.351Z] runPostScanAnalysis started. Current nodes count: 1
[2026-07-09T18:19:48.352Z] No active DependencyGraphPanel webview open.
[2026-07-09T18:19:56.106Z] runPostScanAnalysis started. Current nodes count: 1
[2026-07-09T18:19:56.107Z] No active DependencyGraphPanel webview open.
[2026-07-09T18:20:13.726Z] runPostScanAnalysis started. Current nodes count: 1
[2026-07-09T18:20:13.727Z] No active DependencyGraphPanel webview open.
[2026-07-09T18:20:45.059Z] runPostScanAnalysis started. Current nodes count: 3
[2026-07-09T18:20:45.061Z] No active DependencyGraphPanel webview open.
[2026-07-09T18:20:45.796Z] runPostScanAnalysis started. Current nodes count: 3
[2026-07-09T18:20:45.797Z] No active DependencyGraphPanel webview open.
[2026-07-09T18:20:54.319Z] runPostScanAnalysis started. Current nodes count: 3
[2026-07-09T18:20:54.320Z] No active DependencyGraphPanel webview open.
[2026-07-09T18:20:56.515Z] runPostScanAnalysis started. Current nodes count: 3
[2026-07-09T18:20:56.516Z] No active DependencyGraphPanel webview open.
[2026-07-09T18:21:10.748Z] runPostScanAnalysis started. Current nodes count: 3
[2026-07-09T18:21:10.749Z] No active DependencyGraphPanel webview open.
[2026-07-09T18:22:23.722Z] runPostScanAnalysis started. Current nodes count: 3
[2026-07-09T18:22:23.723Z] No active DependencyGraphPanel webview open.
[2026-07-09T18:22:43.103Z] runPostScanAnalysis started. Current nodes count: 3
[2026-07-09T18:22:43.104Z] No active DependencyGraphPanel webview open.
[2026-07-09T18:22:49.234Z] runPostScanAnalysis started. Current nodes count: 3
[2026-07-09T18:22:49.235Z] No active DependencyGraphPanel webview open.
[2026-07-09T18:23:04.961Z] runPostScanAnalysis started. Current nodes count: 3
[2026-07-09T18:23:04.962Z] No active DependencyGraphPanel webview open.
[2026-07-09T18:23:13.932Z] runPostScanAnalysis started. Current nodes count: 3
[2026-07-09T18:23:13.932Z] No active DependencyGraphPanel webview open.
[2026-07-09T18:23:20.285Z] runPostScanAnalysis started. Current nodes count: 3
[2026-07-09T18:23:20.287Z] No active DependencyGraphPanel webview open.
[2026-07-09T18:23:37.364Z] runPostScanAnalysis started. Current nodes count: 3
[2026-07-09T18:23:37.364Z] No active DependencyGraphPanel webview open.
[2026-07-09T18:55:27.957Z] runPostScanAnalysis started. Current nodes count: 3
[2026-07-09T18:55:27.958Z] No active DependencyGraphPanel webview open.
[2026-07-09T18:55:56.162Z] runPostScanAnalysis started. Current nodes count: 3
[2026-07-09T18:55:56.163Z] No active DependencyGraphPanel webview open.
[2026-07-09T18:56:15.407Z] runPostScanAnalysis started. Current nodes count: 3
[2026-07-09T18:56:15.409Z] No active DependencyGraphPanel webview open.
[2026-07-09T18:59:54.625Z] runPostScanAnalysis started. Current nodes count: 3
[2026-07-09T18:59:54.627Z] No active DependencyGraphPanel webview open.
[2026-07-09T19:11:07.869Z] runPostScanAnalysis started. Current nodes count: 3
[2026-07-09T19:11:07.872Z] No active DependencyGraphPanel webview open.
[2026-07-11T07:42:29.680Z] runPostScanAnalysis started. Current nodes count: 3
[2026-07-11T07:42:29.681Z] No active DependencyGraphPanel webview open.
[2026-07-11T09:05:08.791Z] runPostScanAnalysis started. Current nodes count: 3
[2026-07-11T09:05:08.792Z] No active DependencyGraphPanel webview open.
[2026-07-11T09:05:26.625Z] runPostScanAnalysis started. Current nodes count: 3
[2026-07-11T09:05:26.626Z] No active DependencyGraphPanel webview open.
[2026-07-11T09:15:56.770Z] runPostScanAnalysis started. Current nodes count: 3
[2026-07-11T09:15:56.771Z] No active DependencyGraphPanel webview open.
[2026-07-11T09:28:56.228Z] runPostScanAnalysis started. Current nodes count: 3
[2026-07-11T09:28:56.229Z] No active DependencyGraphPanel webview open.
[2026-07-11T14:19:20.292Z] runPostScanAnalysis started. Current nodes count: 3
[2026-07-11T14:19:20.293Z] No active DependencyGraphPanel webview open.
[2026-07-12T15:21:55.681Z] Extension activating. WorkspaceFolders found: ["/Users/jaffar/Desktop/MacBookPro14/IOTAGit/IOTADashboard","/Users/jaffar/Desktop/MacBookPro14/IOTAGit/IOTAApiServer","/Users/jaffar/Desktop/MacBookPro14/IOTAGit/IOTADocuments"]
[2026-07-12T15:21:55.692Z] runPostScanAnalysis started. Current nodes count: 1822
[2026-07-12T15:21:55.864Z] No active DependencyGraphPanel webview open.
[2026-07-12T15:21:55.864Z] runFullScan started
[2026-07-12T15:21:55.865Z] Discovering files...
[2026-07-12T15:21:56.700Z] Scan complete: 1820 files found, 1820 cached, 0 freshly parsed, 835ms
[2026-07-12T15:21:56.701Z] runPostScanAnalysis started. Current nodes count: 1820
[2026-07-12T15:21:56.707Z] No active DependencyGraphPanel webview open.
[2026-07-12T15:21:56.707Z] runFullScan finished
[2026-07-12T15:32:12.748Z] runPostScanAnalysis started. Current nodes count: 1822
[2026-07-12T15:32:12.757Z] No active DependencyGraphPanel webview open.
[2026-07-12T15:32:22.361Z] runPostScanAnalysis started. Current nodes count: 1822
[2026-07-12T15:32:22.367Z] No active DependencyGraphPanel webview open.
[2026-07-12T15:32:26.400Z] runPostScanAnalysis started. Current nodes count: 1822
[2026-07-12T15:32:26.409Z] No active DependencyGraphPanel webview open.
[2026-07-12T15:32:28.893Z] runPostScanAnalysis started. Current nodes count: 1822
[2026-07-12T15:32:28.899Z] No active DependencyGraphPanel webview open.
[2026-07-12T15:32:34.660Z] runPostScanAnalysis started. Current nodes count: 1822
[2026-07-12T15:32:34.667Z] No active DependencyGraphPanel webview open.
[2026-07-12T15:32:40.126Z] runPostScanAnalysis started. Current nodes count: 1822
[2026-07-12T15:32:40.132Z] No active DependencyGraphPanel webview open.
[2026-07-12T15:32:45.721Z] runPostScanAnalysis started. Current nodes count: 1822
[2026-07-12T15:32:45.728Z] No active DependencyGraphPanel webview open.
[2026-07-12T15:32:52.604Z] runPostScanAnalysis started. Current nodes count: 1822
[2026-07-12T15:32:52.610Z] No active DependencyGraphPanel webview open.
[2026-07-12T15:32:55.497Z] runPostScanAnalysis started. Current nodes count: 1822
[2026-07-12T15:32:55.504Z] No active DependencyGraphPanel webview open.
[2026-07-12T15:33:15.408Z] runPostScanAnalysis started. Current nodes count: 1822
[2026-07-12T15:33:15.414Z] No active DependencyGraphPanel webview open.
[2026-07-12T15:33:19.490Z] runPostScanAnalysis started. Current nodes count: 1822
[2026-07-12T15:33:19.496Z] No active DependencyGraphPanel webview open.
[2026-07-12T15:33:28.043Z] runPostScanAnalysis started. Current nodes count: 1822
[2026-07-12T15:33:28.048Z] No active DependencyGraphPanel webview open.
[2026-07-12T15:33:32.191Z] runPostScanAnalysis started. Current nodes count: 1822
[2026-07-12T15:33:32.196Z] No active DependencyGraphPanel webview open.
[2026-07-12T15:33:46.187Z] runPostScanAnalysis started. Current nodes count: 1822
[2026-07-12T15:33:46.192Z] No active DependencyGraphPanel webview open.
[2026-07-12T15:33:50.153Z] runPostScanAnalysis started. Current nodes count: 1822
[2026-07-12T15:33:50.159Z] No active DependencyGraphPanel webview open.
[2026-07-12T15:33:52.174Z] runPostScanAnalysis started. Current nodes count: 1822
[2026-07-12T15:33:52.181Z] No active DependencyGraphPanel webview open.
[2026-07-12T15:33:57.326Z] runPostScanAnalysis started. Current nodes count: 1822
[2026-07-12T15:33:57.332Z] No active DependencyGraphPanel webview open.
[2026-07-12T15:34:03.257Z] runPostScanAnalysis started. Current nodes count: 1822
[2026-07-12T15:34:03.262Z] No active DependencyGraphPanel webview open.
[2026-07-12T15:34:07.365Z] runPostScanAnalysis started. Current nodes count: 1822
[2026-07-12T15:34:07.371Z] No active DependencyGraphPanel webview open.
[2026-07-12T15:34:10.046Z] runPostScanAnalysis started. Current nodes count: 1822
[2026-07-12T15:34:10.051Z] No active DependencyGraphPanel webview open.
[2026-07-12T15:34:15.545Z] runPostScanAnalysis started. Current nodes count: 1822
[2026-07-12T15:34:15.551Z] No active DependencyGraphPanel webview open.
[2026-07-12T15:35:31.753Z] runPostScanAnalysis started. Current nodes count: 1822
[2026-07-12T15:35:31.759Z] No active DependencyGraphPanel webview open.
[2026-07-12T15:35:36.501Z] runPostScanAnalysis started. Current nodes count: 1822
[2026-07-12T15:35:36.506Z] No active DependencyGraphPanel webview open.
[2026-07-12T16:02:16.749Z] runPostScanAnalysis started. Current nodes count: 1822
[2026-07-12T16:02:16.755Z] No active DependencyGraphPanel webview open.
[2026-07-12T16:02:21.120Z] runPostScanAnalysis started. Current nodes count: 1822
[2026-07-12T16:02:21.126Z] No active DependencyGraphPanel webview open.
[2026-07-12T16:02:25.466Z] runPostScanAnalysis started. Current nodes count: 1822
[2026-07-12T16:02:25.471Z] No active DependencyGraphPanel webview open.
[2026-07-12T16:02:29.997Z] runPostScanAnalysis started. Current nodes count: 1822
[2026-07-12T16:02:30.003Z] No active DependencyGraphPanel webview open.
[2026-07-12T16:02:34.368Z] runPostScanAnalysis started. Current nodes count: 1822
[2026-07-12T16:02:34.374Z] No active DependencyGraphPanel webview open.
[2026-07-12T16:02:38.952Z] runPostScanAnalysis started. Current nodes count: 1822
[2026-07-12T16:02:38.957Z] No active DependencyGraphPanel webview open.
[2026-07-12T16:02:42.845Z] runPostScanAnalysis started. Current nodes count: 1822
[2026-07-12T16:02:42.851Z] No active DependencyGraphPanel webview open.
[2026-07-12T16:02:46.038Z] runPostScanAnalysis started. Current nodes count: 1822
[2026-07-12T16:02:46.043Z] No active DependencyGraphPanel webview open.
[2026-07-12T16:02:51.390Z] runPostScanAnalysis started. Current nodes count: 1822
[2026-07-12T16:02:51.395Z] No active DependencyGraphPanel webview open.
[2026-07-12T16:02:53.393Z] runPostScanAnalysis started. Current nodes count: 1822
[2026-07-12T16:02:53.399Z] No active DependencyGraphPanel webview open.
[2026-07-12T16:02:57.475Z] runPostScanAnalysis started. Current nodes count: 1822
[2026-07-12T16:02:57.480Z] No active DependencyGraphPanel webview open.
[2026-07-12T16:03:40.003Z] runPostScanAnalysis started. Current nodes count: 1822
[2026-07-12T16:03:40.008Z] No active DependencyGraphPanel webview open.
[2026-07-12T16:03:44.692Z] runPostScanAnalysis started. Current nodes count: 1822
[2026-07-12T16:03:44.698Z] No active DependencyGraphPanel webview open.
[2026-07-12T16:03:57.923Z] runPostScanAnalysis started. Current nodes count: 1822
[2026-07-12T16:03:57.928Z] No active DependencyGraphPanel webview open.
[2026-07-12T16:04:01.881Z] runPostScanAnalysis started. Current nodes count: 1822
[2026-07-12T16:04:01.885Z] No active DependencyGraphPanel webview open.
[2026-07-13T07:22:13.398Z] Extension activating. WorkspaceFolders found: ["/Users/jaffar/Desktop/MacBookPro14/IOTAGit/IOTADashboard","/Users/jaffar/Desktop/MacBookPro14/IOTAGit/IOTAApiServer","/Users/jaffar/Desktop/MacBookPro14/IOTAGit/IOTADocuments"]
[2026-07-13T07:22:13.414Z] runPostScanAnalysis started. Current nodes count: 1822
[2026-07-13T07:22:13.721Z] No active DependencyGraphPanel webview open.
[2026-07-13T07:22:13.722Z] runFullScan started
[2026-07-13T07:22:13.722Z] Discovering files...
[2026-07-13T07:22:14.899Z] Scan complete: 1820 files found, 1820 cached, 0 freshly parsed, 1177ms
[2026-07-13T07:22:14.900Z] runPostScanAnalysis started. Current nodes count: 1820
[2026-07-13T07:22:14.906Z] No active DependencyGraphPanel webview open.
[2026-07-13T07:22:14.906Z] runFullScan finished
[2026-07-17T14:17:47.421Z] Extension activating. WorkspaceFolders found: ["/Users/jaffar/Desktop/MacBookPro14/IOTAGit/IOTADashboard","/Users/jaffar/Desktop/MacBookPro14/IOTAGit/IOTAApiServer","/Users/jaffar/Desktop/MacBookPro14/IOTAGit/IOTADocuments"]
[2026-07-17T14:17:47.433Z] runPostScanAnalysis started. Current nodes count: 1822
[2026-07-17T14:17:47.460Z] No active DependencyGraphPanel webview open.
[2026-07-17T14:17:47.460Z] runFullScan started
[2026-07-17T14:17:47.461Z] Discovering files...
[2026-07-17T14:17:49.614Z] Scan complete: 1820 files found, 1820 cached, 0 freshly parsed, 2153ms
[2026-07-17T14:17:49.615Z] runPostScanAnalysis started. Current nodes count: 1820
[2026-07-17T14:17:49.622Z] No active DependencyGraphPanel webview open.
[2026-07-17T14:17:49.622Z] runFullScan finished
[2026-07-19T16:37:18.161Z] Extension activating. WorkspaceFolders found: ["/Users/jaffar/Desktop/MacBookPro14/IOTAGit/IOTADashboard","/Users/jaffar/Desktop/MacBookPro14/IOTAGit/IOTAApiServer","/Users/jaffar/Desktop/MacBookPro14/IOTAGit/IOTADocuments"]
[2026-07-19T16:37:18.176Z] runPostScanAnalysis started. Current nodes count: 1822
[2026-07-19T16:37:18.286Z] No active DependencyGraphPanel webview open.
[2026-07-19T16:37:18.287Z] runFullScan started
[2026-07-19T16:37:18.288Z] Discovering files...
[2026-07-19T16:37:19.289Z] Scan complete: 1820 files found, 1820 cached, 0 freshly parsed, 1001ms
[2026-07-19T16:37:19.290Z] runPostScanAnalysis started. Current nodes count: 1820
[2026-07-19T16:37:19.296Z] No active DependencyGraphPanel webview open.
[2026-07-19T16:37:19.296Z] runFullScan finished
[2026-07-21T16:59:39.814Z] runPostScanAnalysis started. Current nodes count: 1822
[2026-07-21T16:59:39.824Z] No active DependencyGraphPanel webview open.
[2026-07-21T16:59:46.101Z] runPostScanAnalysis started. Current nodes count: 1822
[2026-07-21T16:59:46.109Z] No active DependencyGraphPanel webview open.
[2026-07-21T16:59:52.325Z] runPostScanAnalysis started. Current nodes count: 1822
[2026-07-21T16:59:52.331Z] No active DependencyGraphPanel webview open.
[2026-07-21T17:40:45.243Z] runPostScanAnalysis started. Current nodes count: 1822
[2026-07-21T17:40:45.249Z] No active DependencyGraphPanel webview open.
[2026-07-21T17:41:09.799Z] runPostScanAnalysis started. Current nodes count: 1822
[2026-07-21T17:41:09.806Z] No active DependencyGraphPanel webview open.
[2026-07-21T17:41:14.284Z] runPostScanAnalysis started. Current nodes count: 1822
[2026-07-21T17:41:14.291Z] No active DependencyGraphPanel webview open.
[2026-07-21T17:41:23.871Z] runPostScanAnalysis started. Current nodes count: 1822
[2026-07-21T17:41:23.875Z] No active DependencyGraphPanel webview open.
[2026-07-21T17:41:37.065Z] runPostScanAnalysis started. Current nodes count: 1822
[2026-07-21T17:41:37.071Z] No active DependencyGraphPanel webview open.
[2026-07-21T17:41:41.680Z] runPostScanAnalysis started. Current nodes count: 1822
[2026-07-21T17:41:41.688Z] No active DependencyGraphPanel webview open.
[2026-07-21T17:41:50.049Z] runPostScanAnalysis started. Current nodes count: 1822
[2026-07-21T17:41:50.055Z] No active DependencyGraphPanel webview open.
[2026-07-21T17:41:54.746Z] runPostScanAnalysis started. Current nodes count: 1822
[2026-07-21T17:41:54.752Z] No active DependencyGraphPanel webview open.
[2026-07-21T17:41:58.942Z] runPostScanAnalysis started. Current nodes count: 1822
[2026-07-21T17:41:58.949Z] No active DependencyGraphPanel webview open.
[2026-07-21T17:42:04.130Z] runPostScanAnalysis started. Current nodes count: 1822
[2026-07-21T17:42:04.136Z] No active DependencyGraphPanel webview open.
[2026-07-21T17:42:07.513Z] runPostScanAnalysis started. Current nodes count: 1822
[2026-07-21T17:42:07.519Z] No active DependencyGraphPanel webview open.
[2026-07-21T17:42:14.507Z] runPostScanAnalysis started. Current nodes count: 1822
[2026-07-21T17:42:14.514Z] No active DependencyGraphPanel webview open.
[2026-07-21T17:42:19.823Z] runPostScanAnalysis started. Current nodes count: 1822
[2026-07-21T17:42:19.829Z] No active DependencyGraphPanel webview open.
[2026-07-21T17:42:25.152Z] runPostScanAnalysis started. Current nodes count: 1822
[2026-07-21T17:42:25.158Z] No active DependencyGraphPanel webview open.
[2026-07-21T18:05:02.913Z] runPostScanAnalysis started. Current nodes count: 1822
[2026-07-21T18:05:02.919Z] No active DependencyGraphPanel webview open.
[2026-07-21T18:05:21.735Z] runPostScanAnalysis started. Current nodes count: 1822
[2026-07-21T18:05:21.742Z] No active DependencyGraphPanel webview open.
[2026-07-21T18:05:31.925Z] runPostScanAnalysis started. Current nodes count: 1822
[2026-07-21T18:05:31.931Z] No active DependencyGraphPanel webview open.
[2026-07-21T18:05:46.707Z] runPostScanAnalysis started. Current nodes count: 1822
[2026-07-21T18:05:46.713Z] No active DependencyGraphPanel webview open.
[2026-07-21T18:05:52.228Z] runPostScanAnalysis started. Current nodes count: 1822
[2026-07-21T18:05:52.235Z] No active DependencyGraphPanel webview open.
[2026-07-21T18:05:57.389Z] runPostScanAnalysis started. Current nodes count: 1822
[2026-07-21T18:05:57.395Z] No active DependencyGraphPanel webview open.
[2026-07-21T18:06:02.865Z] runPostScanAnalysis started. Current nodes count: 1822
[2026-07-21T18:06:02.870Z] No active DependencyGraphPanel webview open.
[2026-07-21T18:06:06.295Z] runPostScanAnalysis started. Current nodes count: 1822
[2026-07-21T18:06:06.300Z] No active DependencyGraphPanel webview open.
[2026-07-21T18:06:12.124Z] runPostScanAnalysis started. Current nodes count: 1822
[2026-07-21T18:06:12.130Z] No active DependencyGraphPanel webview open.
[2026-07-21T18:06:16.968Z] runPostScanAnalysis started. Current nodes count: 1822
[2026-07-21T18:06:16.974Z] No active DependencyGraphPanel webview open.
[2026-07-21T18:06:21.152Z] runPostScanAnalysis started. Current nodes count: 1822
[2026-07-21T18:06:21.157Z] No active DependencyGraphPanel webview open.
[2026-07-21T18:06:30.799Z] runPostScanAnalysis started. Current nodes count: 1822
[2026-07-21T18:06:30.804Z] No active DependencyGraphPanel webview open.
[2026-07-21T18:06:36.277Z] runPostScanAnalysis started. Current nodes count: 1822
[2026-07-21T18:06:36.283Z] No active DependencyGraphPanel webview open.
[2026-07-21T18:06:42.186Z] runPostScanAnalysis started. Current nodes count: 1822
[2026-07-21T18:06:42.192Z] No active DependencyGraphPanel webview open.
[2026-07-21T18:06:47.736Z] runPostScanAnalysis started. Current nodes count: 1822
[2026-07-21T18:06:47.741Z] No active DependencyGraphPanel webview open.
[2026-07-21T18:06:55.985Z] runPostScanAnalysis started. Current nodes count: 1822
[2026-07-21T18:06:55.991Z] No active DependencyGraphPanel webview open.
[2026-07-21T18:07:00.052Z] runPostScanAnalysis started. Current nodes count: 1822
[2026-07-21T18:07:00.058Z] No active DependencyGraphPanel webview open.
[2026-07-21T18:07:04.843Z] runPostScanAnalysis started. Current nodes count: 1822
[2026-07-21T18:07:04.849Z] No active DependencyGraphPanel webview open.
[2026-07-21T18:07:09.069Z] runPostScanAnalysis started. Current nodes count: 1822
[2026-07-21T18:07:09.075Z] No active DependencyGraphPanel webview open.
[2026-07-21T18:07:45.556Z] runPostScanAnalysis started. Current nodes count: 1822
[2026-07-21T18:07:45.561Z] No active DependencyGraphPanel webview open.
[2026-07-21T18:07:50.021Z] runPostScanAnalysis started. Current nodes count: 1822
[2026-07-21T18:07:50.028Z] No active DependencyGraphPanel webview open.
[2026-08-21T10:07:10.085Z] Extension activating. WorkspaceFolders found: ["/Users/jaffar/Desktop/MacBookPro14/IOTAGit/IOTADashboard","/Users/jaffar/Desktop/MacBookPro14/IOTAGit/IOTAApiServer","/Users/jaffar/Desktop/MacBookPro14/IOTAGit/IOTADocuments"]
[2026-08-21T10:07:10.098Z] runPostScanAnalysis started. Current nodes count: 1822
[2026-08-21T10:07:10.220Z] No active DependencyGraphPanel webview open.
[2026-08-21T10:07:10.221Z] runFullScan started
[2026-08-21T10:07:10.221Z] Discovering files...
[2026-08-21T10:07:10.810Z] Scan complete: 1820 files found, 1820 cached, 0 freshly parsed, 588ms
[2026-08-21T10:07:10.811Z] runPostScanAnalysis started. Current nodes count: 1820
[2026-08-21T10:07:10.817Z] No active DependencyGraphPanel webview open.
[2026-08-21T10:07:10.817Z] runFullScan finished
[2026-08-21T10:28:35.997Z] runPostScanAnalysis started. Current nodes count: 1823
[2026-08-21T10:28:36.009Z] No active DependencyGraphPanel webview open.
[2026-08-21T10:29:38.826Z] runPostScanAnalysis started. Current nodes count: 1823
[2026-08-21T10:29:38.832Z] No active DependencyGraphPanel webview open.
[2026-08-21T10:29:43.228Z] runPostScanAnalysis started. Current nodes count: 1823
[2026-08-21T10:29:43.237Z] No active DependencyGraphPanel webview open.
[2026-08-21T10:29:46.205Z] runPostScanAnalysis started. Current nodes count: 1823
[2026-08-21T10:29:46.213Z] No active DependencyGraphPanel webview open.
[2026-08-21T10:29:51.804Z] runPostScanAnalysis started. Current nodes count: 1823
[2026-08-21T10:29:51.812Z] No active DependencyGraphPanel webview open.
[2026-08-21T10:29:58.388Z] runPostScanAnalysis started. Current nodes count: 1823
[2026-08-21T10:29:58.395Z] No active DependencyGraphPanel webview open.
[2026-08-21T10:30:02.845Z] runPostScanAnalysis started. Current nodes count: 1823
[2026-08-21T10:30:02.852Z] No active DependencyGraphPanel webview open.
[2026-08-21T10:30:07.028Z] runPostScanAnalysis started. Current nodes count: 1823
[2026-08-21T10:30:07.033Z] No active DependencyGraphPanel webview open.
[2026-08-21T10:30:12.296Z] runPostScanAnalysis started. Current nodes count: 1823
[2026-08-21T10:30:12.301Z] No active DependencyGraphPanel webview open.
[2026-08-21T10:30:37.307Z] runPostScanAnalysis started. Current nodes count: 1823
[2026-08-21T10:30:37.313Z] No active DependencyGraphPanel webview open.
[2026-08-21T10:32:34.280Z] runPostScanAnalysis started. Current nodes count: 1823
[2026-08-21T10:32:34.288Z] No active DependencyGraphPanel webview open.
[2026-08-21T10:32:56.700Z] runPostScanAnalysis started. Current nodes count: 1823
[2026-08-21T10:32:56.706Z] No active DependencyGraphPanel webview open.
[2026-08-21T10:33:10.184Z] runPostScanAnalysis started. Current nodes count: 1823
[2026-08-21T10:33:10.191Z] No active DependencyGraphPanel webview open.
[2026-08-21T10:34:39.203Z] runPostScanAnalysis started. Current nodes count: 1823
[2026-08-21T10:34:39.210Z] No active DependencyGraphPanel webview open.
[2026-08-21T10:34:52.942Z] runPostScanAnalysis started. Current nodes count: 1823
[2026-08-21T10:34:52.948Z] No active DependencyGraphPanel webview open.
[2026-08-21T10:35:04.718Z] runPostScanAnalysis started. Current nodes count: 1823
[2026-08-21T10:35:04.724Z] No active DependencyGraphPanel webview open.
[2026-08-21T10:44:11.393Z] runPostScanAnalysis started. Current nodes count: 1823
[2026-08-21T10:44:11.402Z] No active DependencyGraphPanel webview open.
[2026-08-21T10:44:37.833Z] runPostScanAnalysis started. Current nodes count: 1824
[2026-08-21T10:44:37.842Z] No active DependencyGraphPanel webview open.
[2026-08-21T10:45:37.031Z] runPostScanAnalysis started. Current nodes count: 1824
[2026-08-21T10:45:37.039Z] No active DependencyGraphPanel webview open.
[2026-08-21T10:45:44.589Z] runPostScanAnalysis started. Current nodes count: 1823
[2026-08-21T10:45:44.595Z] No active DependencyGraphPanel webview open.
[2026-08-21T10:46:24.147Z] runPostScanAnalysis started. Current nodes count: 1823
[2026-08-21T10:46:24.150Z] runPostScanAnalysis started. Current nodes count: 1823
[2026-08-21T10:46:24.157Z] No active DependencyGraphPanel webview open.
[2026-08-21T10:46:24.159Z] No active DependencyGraphPanel webview open.
[2026-08-21T10:47:32.833Z] runPostScanAnalysis started. Current nodes count: 1823
[2026-08-21T10:47:32.839Z] No active DependencyGraphPanel webview open.
[2026-08-21T10:47:49.298Z] runPostScanAnalysis started. Current nodes count: 1823
[2026-08-21T10:47:49.304Z] No active DependencyGraphPanel webview open.
[2026-08-21T10:49:23.575Z] runPostScanAnalysis started. Current nodes count: 1823
[2026-08-21T10:49:23.581Z] No active DependencyGraphPanel webview open.
[2026-08-21T10:49:40.166Z] runPostScanAnalysis started. Current nodes count: 1823
[2026-08-21T10:49:40.172Z] No active DependencyGraphPanel webview open.
[2026-08-21T10:50:22.180Z] runPostScanAnalysis started. Current nodes count: 1823
[2026-08-21T10:50:22.200Z] runPostScanAnalysis started. Current nodes count: 1823
[2026-08-21T10:50:22.206Z] No active DependencyGraphPanel webview open.
[2026-08-21T10:50:22.208Z] No active DependencyGraphPanel webview open.
[2026-08-21T10:50:22.228Z] runPostScanAnalysis started. Current nodes count: 1823
[2026-08-21T10:50:22.232Z] No active DependencyGraphPanel webview open.
[2026-08-21T10:50:31.838Z] runPostScanAnalysis started. Current nodes count: 1823
[2026-08-21T10:50:31.844Z] No active DependencyGraphPanel webview open.
[2026-08-21T10:52:35.374Z] runPostScanAnalysis started. Current nodes count: 1823
[2026-08-21T10:52:35.382Z] No active DependencyGraphPanel webview open.
[2026-08-21T10:52:49.323Z] runPostScanAnalysis started. Current nodes count: 1823
[2026-08-21T10:52:49.329Z] No active DependencyGraphPanel webview open.
[2026-08-21T10:53:34.217Z] runPostScanAnalysis started. Current nodes count: 1823
[2026-08-21T10:53:34.260Z] runPostScanAnalysis started. Current nodes count: 1823
[2026-08-21T10:53:34.265Z] No active DependencyGraphPanel webview open.
[2026-08-21T10:53:34.268Z] No active DependencyGraphPanel webview open.
[2026-08-21T10:53:34.297Z] runPostScanAnalysis started. Current nodes count: 1823
[2026-08-21T10:53:34.302Z] No active DependencyGraphPanel webview open.
[2026-08-21T10:54:14.820Z] runPostScanAnalysis started. Current nodes count: 1823
[2026-08-21T10:54:14.827Z] No active DependencyGraphPanel webview open.
[2026-08-21T11:46:08.799Z] runPostScanAnalysis started. Current nodes count: 1823
[2026-08-21T11:46:08.808Z] No active DependencyGraphPanel webview open.
[2026-08-21T11:46:23.911Z] runPostScanAnalysis started. Current nodes count: 1823
[2026-08-21T11:46:23.918Z] No active DependencyGraphPanel webview open.
[2026-08-21T12:17:33.431Z] runPostScanAnalysis started. Current nodes count: 1823
[2026-08-21T12:17:33.439Z] No active DependencyGraphPanel webview open.
[2026-08-21T12:18:09.002Z] runPostScanAnalysis started. Current nodes count: 1823
[2026-08-21T12:18:09.009Z] No active DependencyGraphPanel webview open.
[2026-08-21T12:18:29.530Z] runPostScanAnalysis started. Current nodes count: 1823
[2026-08-21T12:18:29.537Z] No active DependencyGraphPanel webview open.
[2026-08-21T12:19:13.266Z] runPostScanAnalysis started. Current nodes count: 1823
[2026-08-21T12:19:13.271Z] No active DependencyGraphPanel webview open.
[2026-08-21T12:19:55.659Z] runPostScanAnalysis started. Current nodes count: 1823
[2026-08-21T12:19:55.665Z] No active DependencyGraphPanel webview open.
[2026-08-21T12:19:56.418Z] runPostScanAnalysis started. Current nodes count: 1823
[2026-08-21T12:19:56.424Z] No active DependencyGraphPanel webview open.
[2026-08-21T20:45:56.972Z] runPostScanAnalysis started. Current nodes count: 1830
[2026-08-21T20:45:56.999Z] No active DependencyGraphPanel webview open.
[2026-08-22T11:54:40.181Z] Extension activating. WorkspaceFolders found: ["/Users/jaffar/Desktop/MacBookPro14/IOTAGit/IOTADashboard","/Users/jaffar/Desktop/MacBookPro14/IOTAGit/IOTAApiServer","/Users/jaffar/Desktop/MacBookPro14/IOTAGit/IOTADocuments"]
[2026-08-22T11:54:40.195Z] runPostScanAnalysis started. Current nodes count: 1830
[2026-08-22T11:54:40.216Z] No active DependencyGraphPanel webview open.
[2026-08-22T11:54:40.218Z] runFullScan started
[2026-08-22T11:54:40.219Z] Discovering files...
[2026-08-22T11:54:41.575Z] Scan complete: 1821 files found, 1821 cached, 0 freshly parsed, 1356ms
[2026-08-22T11:54:41.576Z] runPostScanAnalysis started. Current nodes count: 1821
[2026-08-22T11:54:41.584Z] No active DependencyGraphPanel webview open.
[2026-08-22T11:54:41.584Z] runFullScan finished
[2026-08-23T17:24:16.130Z] runPostScanAnalysis started. Current nodes count: 1830
[2026-08-23T17:24:16.142Z] No active DependencyGraphPanel webview open.
[2026-08-23T17:26:00.852Z] runPostScanAnalysis started. Current nodes count: 1830
[2026-08-23T17:26:00.862Z] No active DependencyGraphPanel webview open.
[2026-08-23T17:26:57.157Z] runPostScanAnalysis started. Current nodes count: 1830
[2026-08-23T17:26:57.167Z] No active DependencyGraphPanel webview open.
[2026-08-23T17:27:18.169Z] runPostScanAnalysis started. Current nodes count: 1830
[2026-08-23T17:27:18.179Z] No active DependencyGraphPanel webview open.
[2026-08-23T17:27:45.430Z] runPostScanAnalysis started. Current nodes count: 1830
[2026-08-23T17:27:45.549Z] No active DependencyGraphPanel webview open.
[2026-08-23T17:28:14.329Z] runPostScanAnalysis started. Current nodes count: 1830
[2026-08-23T17:28:14.340Z] No active DependencyGraphPanel webview open.
[2026-08-23T17:28:31.597Z] runPostScanAnalysis started. Current nodes count: 1830
[2026-08-23T17:28:31.604Z] No active DependencyGraphPanel webview open.
[2026-08-23T17:28:51.267Z] runPostScanAnalysis started. Current nodes count: 1830
[2026-08-23T17:28:51.276Z] No active DependencyGraphPanel webview open.
[2026-08-23T17:29:14.747Z] runPostScanAnalysis started. Current nodes count: 1830
[2026-08-23T17:29:14.755Z] No active DependencyGraphPanel webview open.
[2026-08-23T17:29:32.805Z] runPostScanAnalysis started. Current nodes count: 1830
[2026-08-23T17:29:32.812Z] No active DependencyGraphPanel webview open.
[2026-08-23T17:29:40.469Z] runPostScanAnalysis started. Current nodes count: 1830
[2026-08-23T17:29:40.476Z] No active DependencyGraphPanel webview open.
[2026-08-23T17:29:57.220Z] runPostScanAnalysis started. Current nodes count: 1830
[2026-08-23T17:29:57.228Z] No active DependencyGraphPanel webview open.
[2026-08-23T17:35:36.024Z] runPostScanAnalysis started. Current nodes count: 1830
[2026-08-23T17:35:36.032Z] No active DependencyGraphPanel webview open.
[2026-08-23T17:36:06.889Z] runPostScanAnalysis started. Current nodes count: 1830
[2026-08-23T17:36:06.900Z] No active DependencyGraphPanel webview open.
[2026-08-23T17:36:07.250Z] runPostScanAnalysis started. Current nodes count: 1831
[2026-08-23T17:36:07.256Z] No active DependencyGraphPanel webview open.
[2026-08-23T17:36:08.404Z] runPostScanAnalysis started. Current nodes count: 1833
[2026-08-23T17:36:08.425Z] runPostScanAnalysis started. Current nodes count: 1833
[2026-08-23T17:36:08.430Z] No active DependencyGraphPanel webview open.
[2026-08-23T17:36:08.461Z] No active DependencyGraphPanel webview open.
[2026-08-23T17:37:08.869Z] runPostScanAnalysis started. Current nodes count: 1842
[2026-08-23T17:37:08.891Z] runPostScanAnalysis started. Current nodes count: 1842
[2026-08-23T17:37:08.914Z] runPostScanAnalysis started. Current nodes count: 1842
[2026-08-23T17:37:08.931Z] runPostScanAnalysis started. Current nodes count: 1842
[2026-08-23T17:37:08.950Z] runPostScanAnalysis started. Current nodes count: 1842
[2026-08-23T17:37:08.969Z] runPostScanAnalysis started. Current nodes count: 1842
[2026-08-23T17:37:08.988Z] runPostScanAnalysis started. Current nodes count: 1842
[2026-08-23T17:37:08.996Z] No active DependencyGraphPanel webview open.
[2026-08-23T17:37:08.999Z] No active DependencyGraphPanel webview open.
[2026-08-23T17:37:09.013Z] runPostScanAnalysis started. Current nodes count: 1842
[2026-08-23T17:37:09.018Z] No active DependencyGraphPanel webview open.
[2026-08-23T17:37:09.021Z] No active DependencyGraphPanel webview open.
[2026-08-23T17:37:09.023Z] No active DependencyGraphPanel webview open.
[2026-08-23T17:37:09.027Z] No active DependencyGraphPanel webview open.
[2026-08-23T17:37:09.031Z] No active DependencyGraphPanel webview open.
[2026-08-23T17:37:09.050Z] No active DependencyGraphPanel webview open.
[2026-08-23T17:37:09.262Z] runPostScanAnalysis started. Current nodes count: 2000
[2026-08-23T17:37:09.279Z] runPostScanAnalysis started. Current nodes count: 2000
[2026-08-23T17:37:09.296Z] runPostScanAnalysis started. Current nodes count: 2000
[2026-08-23T17:37:09.314Z] runPostScanAnalysis started. Current nodes count: 2000
[2026-08-23T17:37:09.331Z] runPostScanAnalysis started. Current nodes count: 2000
[2026-08-23T17:37:09.359Z] runPostScanAnalysis started. Current nodes count: 2000
[2026-08-23T17:37:09.385Z] runPostScanAnalysis started. Current nodes count: 2000
[2026-08-23T17:37:09.404Z] runPostScanAnalysis started. Current nodes count: 2000
[2026-08-23T17:37:09.422Z] runPostScanAnalysis started. Current nodes count: 2000
[2026-08-23T17:37:09.441Z] runPostScanAnalysis started. Current nodes count: 2000
[2026-08-23T17:37:09.459Z] runPostScanAnalysis started. Current nodes count: 2000
[2026-08-23T17:37:09.477Z] runPostScanAnalysis started. Current nodes count: 2000
[2026-08-23T17:37:09.496Z] runPostScanAnalysis started. Current nodes count: 2000
[2026-08-23T17:37:09.516Z] runPostScanAnalysis started. Current nodes count: 2000
[2026-08-23T17:37:09.534Z] runPostScanAnalysis started. Current nodes count: 2000
[2026-08-23T17:37:09.553Z] runPostScanAnalysis started. Current nodes count: 2000
[2026-08-23T17:37:09.571Z] runPostScanAnalysis started. Current nodes count: 2000
[2026-08-23T17:37:09.589Z] runPostScanAnalysis started. Current nodes count: 2000
[2026-08-23T17:37:09.607Z] runPostScanAnalysis started. Current nodes count: 2000
[2026-08-23T17:37:09.637Z] runPostScanAnalysis started. Current nodes count: 2000
[2026-08-23T17:37:09.653Z] runPostScanAnalysis started. Current nodes count: 2000
[2026-08-23T17:37:09.669Z] runPostScanAnalysis started. Current nodes count: 2000
[2026-08-23T17:37:09.686Z] runPostScanAnalysis started. Current nodes count: 2000
[2026-08-23T17:37:09.702Z] runPostScanAnalysis started. Current nodes count: 2000
[2026-08-23T17:37:09.719Z] runPostScanAnalysis started. Current nodes count: 2000
[2026-08-23T17:37:09.737Z] runPostScanAnalysis started. Current nodes count: 2000
[2026-08-23T17:37:09.754Z] runPostScanAnalysis started. Current nodes count: 2000
[2026-08-23T17:37:09.772Z] runPostScanAnalysis started. Current nodes count: 2000
[2026-08-23T17:37:09.791Z] runPostScanAnalysis started. Current nodes count: 2000
[2026-08-23T17:37:09.809Z] runPostScanAnalysis started. Current nodes count: 2000
[2026-08-23T17:37:09.827Z] runPostScanAnalysis started. Current nodes count: 2000
[2026-08-23T17:37:09.849Z] runPostScanAnalysis started. Current nodes count: 2000
[2026-08-23T17:37:09.886Z] runPostScanAnalysis started. Current nodes count: 2000
[2026-08-23T17:37:09.904Z] runPostScanAnalysis started. Current nodes count: 2000
[2026-08-23T17:37:09.922Z] runPostScanAnalysis started. Current nodes count: 2000
[2026-08-23T17:37:09.939Z] runPostScanAnalysis started. Current nodes count: 2000
[2026-08-23T17:37:09.956Z] runPostScanAnalysis started. Current nodes count: 2000
[2026-08-23T17:37:09.973Z] runPostScanAnalysis started. Current nodes count: 2000
[2026-08-23T17:37:09.991Z] runPostScanAnalysis started. Current nodes count: 2000
[2026-08-23T17:37:10.008Z] runPostScanAnalysis started. Current nodes count: 2000
[2026-08-23T17:37:10.027Z] runPostScanAnalysis started. Current nodes count: 2000
[2026-08-23T17:37:10.046Z] runPostScanAnalysis started. Current nodes count: 2000
[2026-08-23T17:37:10.064Z] runPostScanAnalysis started. Current nodes count: 2000
[2026-08-23T17:37:10.083Z] runPostScanAnalysis started. Current nodes count: 2000
[2026-08-23T17:37:10.100Z] runPostScanAnalysis started. Current nodes count: 2000
[2026-08-23T17:37:10.119Z] runPostScanAnalysis started. Current nodes count: 2000
[2026-08-23T17:37:10.138Z] runPostScanAnalysis started. Current nodes count: 2000
[2026-08-23T17:37:10.157Z] runPostScanAnalysis started. Current nodes count: 2000
[2026-08-23T17:37:10.175Z] runPostScanAnalysis started. Current nodes count: 2000
[2026-08-23T17:37:10.193Z] runPostScanAnalysis started. Current nodes count: 2000
[2026-08-23T17:37:10.212Z] runPostScanAnalysis started. Current nodes count: 2000
[2026-08-23T17:37:10.231Z] runPostScanAnalysis started. Current nodes count: 2000
[2026-08-23T17:37:10.251Z] runPostScanAnalysis started. Current nodes count: 2000
[2026-08-23T17:37:10.272Z] runPostScanAnalysis started. Current nodes count: 2000
[2026-08-23T17:37:10.291Z] runPostScanAnalysis started. Current nodes count: 2000
[2026-08-23T17:37:10.314Z] runPostScanAnalysis started. Current nodes count: 2000
[2026-08-23T17:37:10.333Z] runPostScanAnalysis started. Current nodes count: 2000
[2026-08-23T17:37:10.351Z] runPostScanAnalysis started. Current nodes count: 2000
[2026-08-23T17:37:10.369Z] runPostScanAnalysis started. Current nodes count: 2000
[2026-08-23T17:37:10.386Z] runPostScanAnalysis started. Current nodes count: 2000
[2026-08-23T17:37:10.404Z] runPostScanAnalysis started. Current nodes count: 2000
[2026-08-23T17:37:10.424Z] runPostScanAnalysis started. Current nodes count: 2000
[2026-08-23T17:37:10.445Z] runPostScanAnalysis started. Current nodes count: 2000
[2026-08-23T17:37:10.463Z] runPostScanAnalysis started. Current nodes count: 2000
[2026-08-23T17:37:10.483Z] runPostScanAnalysis started. Current nodes count: 2000
[2026-08-23T17:37:10.500Z] runPostScanAnalysis started. Current nodes count: 2000
[2026-08-23T17:37:10.519Z] runPostScanAnalysis started. Current nodes count: 2000
[2026-08-23T17:37:10.537Z] runPostScanAnalysis started. Current nodes count: 2000
[2026-08-23T17:37:10.555Z] runPostScanAnalysis started. Current nodes count: 2000
[2026-08-23T17:37:10.571Z] runPostScanAnalysis started. Current nodes count: 2000
[2026-08-23T17:37:10.588Z] runPostScanAnalysis started. Current nodes count: 2000
[2026-08-23T17:37:10.605Z] runPostScanAnalysis started. Current nodes count: 2000
[2026-08-23T17:37:10.621Z] runPostScanAnalysis started. Current nodes count: 2000
[2026-08-23T17:37:10.639Z] runPostScanAnalysis started. Current nodes count: 2000
[2026-08-23T17:37:10.657Z] runPostScanAnalysis started. Current nodes count: 2000
[2026-08-23T17:37:10.673Z] runPostScanAnalysis started. Current nodes count: 2000
[2026-08-23T17:37:10.692Z] runPostScanAnalysis started. Current nodes count: 2000
[2026-08-23T17:37:10.708Z] runPostScanAnalysis started. Current nodes count: 2000
[2026-08-23T17:37:10.726Z] runPostScanAnalysis started. Current nodes count: 2000
[2026-08-23T17:37:10.743Z] runPostScanAnalysis started. Current nodes count: 2000
[2026-08-23T17:37:10.762Z] runPostScanAnalysis started. Current nodes count: 2000
[2026-08-23T17:37:10.782Z] runPostScanAnalysis started. Current nodes count: 2000
[2026-08-23T17:37:10.801Z] runPostScanAnalysis started. Current nodes count: 2000
[2026-08-23T17:37:10.821Z] runPostScanAnalysis started. Current nodes count: 2000
[2026-08-23T17:37:10.839Z] runPostScanAnalysis started. Current nodes count: 2000
[2026-08-23T17:37:10.860Z] runPostScanAnalysis started. Current nodes count: 2000
[2026-08-23T17:37:10.879Z] runPostScanAnalysis started. Current nodes count: 2000
[2026-08-23T17:37:10.898Z] runPostScanAnalysis started. Current nodes count: 2000
[2026-08-23T17:37:10.918Z] runPostScanAnalysis started. Current nodes count: 2000
[2026-08-23T17:37:10.938Z] runPostScanAnalysis started. Current nodes count: 2000
[2026-08-23T17:37:10.959Z] runPostScanAnalysis started. Current nodes count: 2000
[2026-08-23T17:37:10.979Z] runPostScanAnalysis started. Current nodes count: 2000
[2026-08-23T17:37:10.995Z] runPostScanAnalysis started. Current nodes count: 2000
[2026-08-23T17:37:11.014Z] runPostScanAnalysis started. Current nodes count: 2000
[2026-08-23T17:37:11.033Z] runPostScanAnalysis started. Current nodes count: 2000
[2026-08-23T17:37:11.050Z] runPostScanAnalysis started. Current nodes count: 2000
[2026-08-23T17:37:11.069Z] runPostScanAnalysis started. Current nodes count: 2000
[2026-08-23T17:37:11.088Z] runPostScanAnalysis started. Current nodes count: 2000
[2026-08-23T17:37:11.109Z] runPostScanAnalysis started. Current nodes count: 2000
[2026-08-23T17:37:11.119Z] No active DependencyGraphPanel webview open.
[2026-08-23T17:37:11.122Z] No active DependencyGraphPanel webview open.
[2026-08-23T17:37:11.125Z] No active DependencyGraphPanel webview open.
[2026-08-23T17:37:11.130Z] No active DependencyGraphPanel webview open.
[2026-08-23T17:37:11.136Z] No active DependencyGraphPanel webview open.
[2026-08-23T17:37:11.142Z] No active DependencyGraphPanel webview open.
[2026-08-23T17:37:11.146Z] No active DependencyGraphPanel webview open.
[2026-08-23T17:37:11.165Z] runPostScanAnalysis started. Current nodes count: 2000
[2026-08-23T17:37:11.178Z] No active DependencyGraphPanel webview open.
[2026-08-23T17:37:11.181Z] No active DependencyGraphPanel webview open.
[2026-08-23T17:37:11.187Z] No active DependencyGraphPanel webview open.
[2026-08-23T17:37:11.192Z] No active DependencyGraphPanel webview open.
[2026-08-23T17:37:11.210Z] runPostScanAnalysis started. Current nodes count: 2000
[2026-08-23T17:37:11.216Z] No active DependencyGraphPanel webview open.
[2026-08-23T17:37:11.220Z] No active DependencyGraphPanel webview open.
[2026-08-23T17:37:11.226Z] No active DependencyGraphPanel webview open.
[2026-08-23T17:37:11.231Z] No active DependencyGraphPanel webview open.
[2026-08-23T17:37:11.236Z] No active DependencyGraphPanel webview open.
[2026-08-23T17:37:11.239Z] No active DependencyGraphPanel webview open.
[2026-08-23T17:37:11.242Z] No active DependencyGraphPanel webview open.
[2026-08-23T17:37:11.246Z] No active DependencyGraphPanel webview open.
[2026-08-23T17:37:11.251Z] No active DependencyGraphPanel webview open.
[2026-08-23T17:37:11.255Z] No active DependencyGraphPanel webview open.
[2026-08-23T17:37:11.257Z] No active DependencyGraphPanel webview open.
[2026-08-23T17:37:11.261Z] No active DependencyGraphPanel webview open.
[2026-08-23T17:37:11.265Z] No active DependencyGraphPanel webview open.
[2026-08-23T17:37:11.270Z] No active DependencyGraphPanel webview open.
[2026-08-23T17:37:11.274Z] No active DependencyGraphPanel webview open.
[2026-08-23T17:37:11.279Z] No active DependencyGraphPanel webview open.
[2026-08-23T17:37:11.281Z] No active DependencyGraphPanel webview open.
[2026-08-23T17:37:11.290Z] runPostScanAnalysis started. Current nodes count: 2000
[2026-08-23T17:37:11.293Z] runPostScanAnalysis started. Current nodes count: 2000
[2026-08-23T17:37:11.297Z] runPostScanAnalysis started. Current nodes count: 2000
[2026-08-23T17:37:11.299Z] runPostScanAnalysis started. Current nodes count: 2000
[2026-08-23T17:37:11.305Z] runPostScanAnalysis started. Current nodes count: 2000
[2026-08-23T17:37:11.308Z] runPostScanAnalysis started. Current nodes count: 2000
[2026-08-23T17:37:11.314Z] runPostScanAnalysis started. Current nodes count: 2000
[2026-08-23T17:37:11.385Z] No active DependencyGraphPanel webview open.
[2026-08-23T17:37:11.390Z] No active DependencyGraphPanel webview open.
[2026-08-23T17:37:11.396Z] No active DependencyGraphPanel webview open.
[2026-08-23T17:37:11.402Z] No active DependencyGraphPanel webview open.
[2026-08-23T17:37:11.404Z] No active DependencyGraphPanel webview open.
[2026-08-23T17:37:11.407Z] No active DependencyGraphPanel webview open.
[2026-08-23T17:37:11.410Z] No active DependencyGraphPanel webview open.
[2026-08-23T17:37:11.413Z] No active DependencyGraphPanel webview open.
[2026-08-23T17:37:11.416Z] No active DependencyGraphPanel webview open.
[2026-08-23T17:37:11.418Z] No active DependencyGraphPanel webview open.
[2026-08-23T17:37:11.421Z] No active DependencyGraphPanel webview open.
[2026-08-23T17:37:11.423Z] No active DependencyGraphPanel webview open.
[2026-08-23T17:37:11.426Z] No active DependencyGraphPanel webview open.
[2026-08-23T17:37:11.428Z] No active DependencyGraphPanel webview open.
[2026-08-23T17:37:11.431Z] No active DependencyGraphPanel webview open.
[2026-08-23T17:37:11.433Z] No active DependencyGraphPanel webview open.
[2026-08-23T17:37:11.435Z] No active DependencyGraphPanel webview open.
[2026-08-23T17:37:11.438Z] No active DependencyGraphPanel webview open.
[2026-08-23T17:37:11.440Z] No active DependencyGraphPanel webview open.
[2026-08-23T17:37:11.442Z] No active DependencyGraphPanel webview open.
[2026-08-23T17:37:11.444Z] No active DependencyGraphPanel webview open.
[2026-08-23T17:37:11.447Z] No active DependencyGraphPanel webview open.
[2026-08-23T17:37:11.449Z] No active DependencyGraphPanel webview open.
[2026-08-23T17:37:11.451Z] No active DependencyGraphPanel webview open.
[2026-08-23T17:37:11.454Z] No active DependencyGraphPanel webview open.
[2026-08-23T17:37:11.456Z] No active DependencyGraphPanel webview open.
[2026-08-23T17:37:11.460Z] No active DependencyGraphPanel webview open.
[2026-08-23T17:37:11.464Z] No active DependencyGraphPanel webview open.
[2026-08-23T17:37:11.470Z] No active DependencyGraphPanel webview open.
[2026-08-23T17:37:11.473Z] No active DependencyGraphPanel webview open.
[2026-08-23T17:37:11.478Z] No active DependencyGraphPanel webview open.
[2026-08-23T17:37:11.480Z] No active DependencyGraphPanel webview open.
[2026-08-23T17:37:11.484Z] No active DependencyGraphPanel webview open.
[2026-08-23T17:37:11.507Z] No active DependencyGraphPanel webview open.
[2026-08-23T17:37:11.510Z] No active DependencyGraphPanel webview open.
[2026-08-23T17:37:11.512Z] No active DependencyGraphPanel webview open.
[2026-08-23T17:37:11.514Z] No active DependencyGraphPanel webview open.
[2026-08-23T17:37:11.517Z] No active DependencyGraphPanel webview open.
[2026-08-23T17:37:11.519Z] No active DependencyGraphPanel webview open.
[2026-08-23T17:37:11.522Z] No active DependencyGraphPanel webview open.
[2026-08-23T17:37:11.527Z] No active DependencyGraphPanel webview open.
[2026-08-23T17:37:11.529Z] No active DependencyGraphPanel webview open.
[2026-08-23T17:37:11.531Z] No active DependencyGraphPanel webview open.
[2026-08-23T17:37:11.534Z] No active DependencyGraphPanel webview open.
[2026-08-23T17:37:11.537Z] No active DependencyGraphPanel webview open.
[2026-08-23T17:37:11.540Z] No active DependencyGraphPanel webview open.
[2026-08-23T17:37:11.544Z] No active DependencyGraphPanel webview open.
[2026-08-23T17:37:11.546Z] No active DependencyGraphPanel webview open.
[2026-08-23T17:37:11.549Z] No active DependencyGraphPanel webview open.
[2026-08-23T17:37:11.562Z] No active DependencyGraphPanel webview open.
[2026-08-23T17:37:11.571Z] No active DependencyGraphPanel webview open.
[2026-08-23T17:37:11.582Z] No active DependencyGraphPanel webview open.
[2026-08-23T17:37:11.586Z] No active DependencyGraphPanel webview open.
[2026-08-23T17:37:11.588Z] No active DependencyGraphPanel webview open.
[2026-08-23T17:37:11.591Z] No active DependencyGraphPanel webview open.
[2026-08-23T17:37:11.594Z] No active DependencyGraphPanel webview open.
[2026-08-23T17:37:11.597Z] No active DependencyGraphPanel webview open.
[2026-08-23T17:37:11.605Z] No active DependencyGraphPanel webview open.
[2026-08-23T17:37:11.607Z] No active DependencyGraphPanel webview open.
[2026-08-23T17:37:11.609Z] No active DependencyGraphPanel webview open.
[2026-08-23T17:37:11.612Z] No active DependencyGraphPanel webview open.
[2026-08-23T17:37:11.614Z] No active DependencyGraphPanel webview open.
[2026-08-23T17:37:11.618Z] No active DependencyGraphPanel webview open.
[2026-08-23T17:37:11.622Z] No active DependencyGraphPanel webview open.
[2026-08-23T17:37:11.626Z] No active DependencyGraphPanel webview open.
[2026-08-23T17:37:11.628Z] No active DependencyGraphPanel webview open.
[2026-08-23T17:37:11.632Z] No active DependencyGraphPanel webview open.
[2026-08-23T17:37:11.635Z] No active DependencyGraphPanel webview open.
[2026-08-23T17:37:11.638Z] No active DependencyGraphPanel webview open.
[2026-08-23T17:37:11.640Z] No active DependencyGraphPanel webview open.
[2026-08-23T17:37:11.660Z] runPostScanAnalysis started. Current nodes count: 2000
[2026-08-23T17:37:11.678Z] runPostScanAnalysis started. Current nodes count: 2000
[2026-08-23T17:37:11.697Z] runPostScanAnalysis started. Current nodes count: 2000
[2026-08-23T17:37:11.715Z] runPostScanAnalysis started. Current nodes count: 2000
[2026-08-23T17:37:11.732Z] runPostScanAnalysis started. Current nodes count: 2000
[2026-08-23T17:37:11.754Z] runPostScanAnalysis started. Current nodes count: 2000
[2026-08-23T17:37:11.771Z] runPostScanAnalysis started. Current nodes count: 2000
[2026-08-23T17:37:11.788Z] runPostScanAnalysis started. Current nodes count: 2000
[2026-08-23T17:37:11.805Z] runPostScanAnalysis started. Current nodes count: 2000
[2026-08-23T17:37:11.824Z] runPostScanAnalysis started. Current nodes count: 2000
[2026-08-23T17:37:11.841Z] runPostScanAnalysis started. Current nodes count: 2000
[2026-08-23T17:37:11.846Z] No active DependencyGraphPanel webview open.
[2026-08-23T17:37:11.863Z] runPostScanAnalysis started. Current nodes count: 2000
[2026-08-23T17:37:11.879Z] runPostScanAnalysis started. Current nodes count: 2000
[2026-08-23T17:37:11.883Z] No active DependencyGraphPanel webview open.
[2026-08-23T17:37:11.886Z] No active DependencyGraphPanel webview open.
[2026-08-23T17:37:11.889Z] No active DependencyGraphPanel webview open.
[2026-08-23T17:37:11.892Z] No active DependencyGraphPanel webview open.
[2026-08-23T17:37:11.895Z] No active DependencyGraphPanel webview open.
[2026-08-23T17:37:11.897Z] No active DependencyGraphPanel webview open.
[2026-08-23T17:37:11.899Z] No active DependencyGraphPanel webview open.
[2026-08-23T17:37:11.901Z] No active DependencyGraphPanel webview open.
[2026-08-23T17:37:11.904Z] No active DependencyGraphPanel webview open.
[2026-08-23T17:37:11.959Z] runPostScanAnalysis started. Current nodes count: 2000
[2026-08-23T17:37:11.976Z] runPostScanAnalysis started. Current nodes count: 2000
[2026-08-23T17:37:11.981Z] No active DependencyGraphPanel webview open.
[2026-08-23T17:37:11.983Z] No active DependencyGraphPanel webview open.
[2026-08-23T17:37:11.985Z] No active DependencyGraphPanel webview open.
[2026-08-23T17:37:11.987Z] No active DependencyGraphPanel webview open.
[2026-08-23T17:37:11.989Z] No active DependencyGraphPanel webview open.
[2026-08-23T17:37:11.991Z] No active DependencyGraphPanel webview open.
[2026-08-23T17:37:11.993Z] No active DependencyGraphPanel webview open.
[2026-08-23T17:37:11.996Z] No active DependencyGraphPanel webview open.
[2026-08-23T17:37:11.997Z] No active DependencyGraphPanel webview open.
[2026-08-23T17:37:11.999Z] No active DependencyGraphPanel webview open.
[2026-08-23T17:37:12.001Z] No active DependencyGraphPanel webview open.
[2026-08-23T17:37:12.004Z] No active DependencyGraphPanel webview open.
[2026-08-23T17:37:12.005Z] No active DependencyGraphPanel webview open.
[2026-08-23T17:37:12.019Z] No active DependencyGraphPanel webview open.
[2026-08-23T17:37:12.021Z] No active DependencyGraphPanel webview open.
[2026-08-23T17:37:12.038Z] runPostScanAnalysis started. Current nodes count: 2000
[2026-08-23T17:37:12.057Z] runPostScanAnalysis started. Current nodes count: 2000
[2026-08-23T17:37:12.073Z] runPostScanAnalysis started. Current nodes count: 2000
[2026-08-23T17:37:12.091Z] runPostScanAnalysis started. Current nodes count: 2000
[2026-08-23T17:37:12.108Z] runPostScanAnalysis started. Current nodes count: 2000
[2026-08-23T17:37:12.125Z] runPostScanAnalysis started. Current nodes count: 2000
[2026-08-23T17:37:12.147Z] runPostScanAnalysis started. Current nodes count: 2000
[2026-08-23T17:37:12.165Z] runPostScanAnalysis started. Current nodes count: 2000
[2026-08-23T17:37:12.182Z] runPostScanAnalysis started. Current nodes count: 2000
[2026-08-23T17:37:12.200Z] runPostScanAnalysis started. Current nodes count: 2000
[2026-08-23T17:37:12.219Z] runPostScanAnalysis started. Current nodes count: 2000
[2026-08-23T17:37:12.236Z] runPostScanAnalysis started. Current nodes count: 2000
[2026-08-23T17:37:12.254Z] runPostScanAnalysis started. Current nodes count: 2000
[2026-08-23T17:37:12.272Z] runPostScanAnalysis started. Current nodes count: 2000
[2026-08-23T17:37:12.292Z] runPostScanAnalysis started. Current nodes count: 2000
[2026-08-23T17:37:12.309Z] runPostScanAnalysis started. Current nodes count: 2000
[2026-08-23T17:37:12.328Z] runPostScanAnalysis started. Current nodes count: 2000
[2026-08-23T17:37:12.345Z] runPostScanAnalysis started. Current nodes count: 2000
[2026-08-23T17:37:12.365Z] runPostScanAnalysis started. Current nodes count: 2000
[2026-08-23T17:37:12.382Z] runPostScanAnalysis started. Current nodes count: 2000
[2026-08-23T17:37:12.400Z] runPostScanAnalysis started. Current nodes count: 2000
[2026-08-23T17:37:12.419Z] runPostScanAnalysis started. Current nodes count: 2000
[2026-08-23T17:37:12.436Z] runPostScanAnalysis started. Current nodes count: 2000
[2026-08-23T17:37:12.454Z] runPostScanAnalysis started. Current nodes count: 2000
[2026-08-23T17:37:12.471Z] runPostScanAnalysis started. Current nodes count: 2000
[2026-08-23T17:37:12.487Z] runPostScanAnalysis started. Current nodes count: 2000
[2026-08-23T17:37:12.503Z] runPostScanAnalysis started. Current nodes count: 2000
[2026-08-23T17:37:12.520Z] runPostScanAnalysis started. Current nodes count: 2000
[2026-08-23T17:37:12.537Z] runPostScanAnalysis started. Current nodes count: 2000
[2026-08-23T17:37:12.560Z] runPostScanAnalysis started. Current nodes count: 2000
[2026-08-23T17:37:12.580Z] runPostScanAnalysis started. Current nodes count: 2000
[2026-08-23T17:37:12.597Z] runPostScanAnalysis started. Current nodes count: 2000
[2026-08-23T17:37:12.615Z] runPostScanAnalysis started. Current nodes count: 2000
[2026-08-23T17:37:12.631Z] runPostScanAnalysis started. Current nodes count: 2000
[2026-08-23T17:37:12.652Z] runPostScanAnalysis started. Current nodes count: 2000
[2026-08-23T17:37:12.670Z] runPostScanAnalysis started. Current nodes count: 2000
[2026-08-23T17:37:12.686Z] runPostScanAnalysis started. Current nodes count: 2000
[2026-08-23T17:37:12.705Z] runPostScanAnalysis started. Current nodes count: 2000
[2026-08-23T17:37:12.725Z] runPostScanAnalysis started. Current nodes count: 2000
[2026-08-23T17:37:12.742Z] runPostScanAnalysis started. Current nodes count: 2000
[2026-08-23T17:37:12.759Z] runPostScanAnalysis started. Current nodes count: 2000
[2026-08-23T17:37:12.775Z] runPostScanAnalysis started. Current nodes count: 2000
[2026-08-23T17:37:12.803Z] No active DependencyGraphPanel webview open.
[2026-08-23T17:37:12.806Z] No active DependencyGraphPanel webview open.
[2026-08-23T17:37:12.808Z] No active DependencyGraphPanel webview open.
[2026-08-23T17:37:12.812Z] No active DependencyGraphPanel webview open.
[2026-08-23T17:37:12.814Z] No active DependencyGraphPanel webview open.
[2026-08-23T17:37:12.816Z] No active DependencyGraphPanel webview open.
[2026-08-23T17:37:12.818Z] No active DependencyGraphPanel webview open.
[2026-08-23T17:37:12.821Z] No active DependencyGraphPanel webview open.
[2026-08-23T17:37:12.823Z] No active DependencyGraphPanel webview open.
[2026-08-23T17:37:12.826Z] No active DependencyGraphPanel webview open.
[2026-08-23T17:37:12.828Z] No active DependencyGraphPanel webview open.
[2026-08-23T17:37:12.831Z] No active DependencyGraphPanel webview open.
[2026-08-23T17:37:12.833Z] No active DependencyGraphPanel webview open.
[2026-08-23T17:37:12.835Z] No active DependencyGraphPanel webview open.
[2026-08-23T17:37:12.837Z] No active DependencyGraphPanel webview open.
[2026-08-23T17:37:12.841Z] No active DependencyGraphPanel webview open.
[2026-08-23T17:37:12.844Z] No active DependencyGraphPanel webview open.
[2026-08-23T17:37:12.847Z] No active DependencyGraphPanel webview open.
[2026-08-23T17:37:12.849Z] No active DependencyGraphPanel webview open.
[2026-08-23T17:37:12.852Z] No active DependencyGraphPanel webview open.
[2026-08-23T17:37:12.858Z] No active DependencyGraphPanel webview open.
[2026-08-23T17:37:12.861Z] No active DependencyGraphPanel webview open.
[2026-08-23T17:37:12.863Z] No active DependencyGraphPanel webview open.
[2026-08-23T17:37:12.865Z] No active DependencyGraphPanel webview open.
[2026-08-23T17:37:12.867Z] No active DependencyGraphPanel webview open.
[2026-08-23T17:37:12.869Z] No active DependencyGraphPanel webview open.
[2026-08-23T17:37:12.871Z] No active DependencyGraphPanel webview open.
[2026-08-23T17:37:12.873Z] No active DependencyGraphPanel webview open.
[2026-08-23T17:37:12.876Z] No active DependencyGraphPanel webview open.
[2026-08-23T17:37:12.878Z] No active DependencyGraphPanel webview open.
[2026-08-23T17:37:12.880Z] No active DependencyGraphPanel webview open.
[2026-08-23T17:37:12.882Z] No active DependencyGraphPanel webview open.
[2026-08-23T17:37:12.885Z] No active DependencyGraphPanel webview open.
[2026-08-23T17:37:12.888Z] No active DependencyGraphPanel webview open.
[2026-08-23T17:37:12.890Z] No active DependencyGraphPanel webview open.
[2026-08-23T17:37:12.893Z] No active DependencyGraphPanel webview open.
[2026-08-23T17:37:12.896Z] No active DependencyGraphPanel webview open.
[2026-08-23T17:37:12.898Z] No active DependencyGraphPanel webview open.
[2026-08-23T17:37:12.901Z] No active DependencyGraphPanel webview open.
[2026-08-23T17:37:12.904Z] No active DependencyGraphPanel webview open.
[2026-08-23T17:37:12.921Z] No active DependencyGraphPanel webview open.
[2026-08-23T17:37:12.923Z] No active DependencyGraphPanel webview open.
[2026-08-23T17:37:12.969Z] runPostScanAnalysis started. Current nodes count: 2182
[2026-08-23T17:37:12.988Z] runPostScanAnalysis started. Current nodes count: 2185
[2026-08-23T17:37:13.009Z] runPostScanAnalysis started. Current nodes count: 2187
[2026-08-23T17:37:13.027Z] runPostScanAnalysis started. Current nodes count: 2188
[2026-08-23T17:37:13.047Z] runPostScanAnalysis started. Current nodes count: 2189
[2026-08-23T17:37:13.067Z] runPostScanAnalysis started. Current nodes count: 2190
[2026-08-23T17:37:13.085Z] runPostScanAnalysis started. Current nodes count: 2192
[2026-08-23T17:37:13.103Z] runPostScanAnalysis started. Current nodes count: 2193
[2026-08-23T17:37:13.121Z] runPostScanAnalysis started. Current nodes count: 2194
[2026-08-23T17:37:13.140Z] runPostScanAnalysis started. Current nodes count: 2195
[2026-08-23T17:37:13.160Z] runPostScanAnalysis started. Current nodes count: 2196
[2026-08-23T17:37:13.180Z] runPostScanAnalysis started. Current nodes count: 2198
[2026-08-23T17:37:13.197Z] runPostScanAnalysis started. Current nodes count: 2199
[2026-08-23T17:37:13.216Z] runPostScanAnalysis started. Current nodes count: 2200
[2026-08-23T17:37:13.233Z] runPostScanAnalysis started. Current nodes count: 2202
[2026-08-23T17:37:13.252Z] runPostScanAnalysis started. Current nodes count: 2203
[2026-08-23T17:37:13.270Z] runPostScanAnalysis started. Current nodes count: 2204
[2026-08-23T17:37:13.289Z] runPostScanAnalysis started. Current nodes count: 2205
[2026-08-23T17:37:13.307Z] runPostScanAnalysis started. Current nodes count: 2206
[2026-08-23T17:37:13.326Z] runPostScanAnalysis started. Current nodes count: 2207
[2026-08-23T17:37:13.345Z] runPostScanAnalysis started. Current nodes count: 2208
[2026-08-23T17:37:13.363Z] runPostScanAnalysis started. Current nodes count: 2209
[2026-08-23T17:37:13.383Z] runPostScanAnalysis started. Current nodes count: 2210
[2026-08-23T17:37:13.405Z] runPostScanAnalysis started. Current nodes count: 2211
[2026-08-23T17:37:13.424Z] runPostScanAnalysis started. Current nodes count: 2212
[2026-08-23T17:37:13.444Z] runPostScanAnalysis started. Current nodes count: 2213
[2026-08-23T17:37:13.463Z] runPostScanAnalysis started. Current nodes count: 2214
[2026-08-23T17:37:13.481Z] runPostScanAnalysis started. Current nodes count: 2215
[2026-08-23T17:37:13.498Z] runPostScanAnalysis started. Current nodes count: 2216
[2026-08-23T17:37:13.517Z] runPostScanAnalysis started. Current nodes count: 2217
[2026-08-23T17:37:13.536Z] runPostScanAnalysis started. Current nodes count: 2218
[2026-08-23T17:37:13.556Z] runPostScanAnalysis started. Current nodes count: 2219
[2026-08-23T17:37:13.575Z] runPostScanAnalysis started. Current nodes count: 2220
[2026-08-23T17:37:13.595Z] runPostScanAnalysis started. Current nodes count: 2221
[2026-08-23T17:37:13.615Z] runPostScanAnalysis started. Current nodes count: 2222
[2026-08-23T17:37:13.636Z] runPostScanAnalysis started. Current nodes count: 2223
[2026-08-23T17:37:13.655Z] runPostScanAnalysis started. Current nodes count: 2224
[2026-08-23T17:37:13.675Z] runPostScanAnalysis started. Current nodes count: 2225
[2026-08-23T17:37:13.695Z] runPostScanAnalysis started. Current nodes count: 2226
[2026-08-23T17:37:13.715Z] runPostScanAnalysis started. Current nodes count: 2227
[2026-08-23T17:37:13.731Z] runPostScanAnalysis started. Current nodes count: 2228
[2026-08-23T17:37:13.749Z] runPostScanAnalysis started. Current nodes count: 2229
[2026-08-23T17:37:13.767Z] runPostScanAnalysis started. Current nodes count: 2230
[2026-08-23T17:37:13.784Z] runPostScanAnalysis started. Current nodes count: 2231
[2026-08-23T17:37:13.803Z] runPostScanAnalysis started. Current nodes count: 2232
[2026-08-23T17:37:13.821Z] runPostScanAnalysis started. Current nodes count: 2233
[2026-08-23T17:37:13.838Z] runPostScanAnalysis started. Current nodes count: 2234
[2026-08-23T17:37:13.856Z] runPostScanAnalysis started. Current nodes count: 2235
[2026-08-23T17:37:13.873Z] runPostScanAnalysis started. Current nodes count: 2236
[2026-08-23T17:37:13.891Z] runPostScanAnalysis started. Current nodes count: 2237
[2026-08-23T17:37:13.908Z] runPostScanAnalysis started. Current nodes count: 2238
[2026-08-23T17:37:13.925Z] runPostScanAnalysis started. Current nodes count: 2239
[2026-08-23T17:37:13.943Z] runPostScanAnalysis started. Current nodes count: 2240
[2026-08-23T17:37:13.961Z] runPostScanAnalysis started. Current nodes count: 2241
[2026-08-23T17:37:13.980Z] runPostScanAnalysis started. Current nodes count: 2242
[2026-08-23T17:37:14.002Z] runPostScanAnalysis started. Current nodes count: 2243
[2026-08-23T17:37:14.021Z] runPostScanAnalysis started. Current nodes count: 2244
[2026-08-23T17:37:14.040Z] runPostScanAnalysis started. Current nodes count: 2245
[2026-08-23T17:37:14.060Z] runPostScanAnalysis started. Current nodes count: 2246
[2026-08-23T17:37:14.078Z] runPostScanAnalysis started. Current nodes count: 2247
[2026-08-23T17:37:14.098Z] runPostScanAnalysis started. Current nodes count: 2248
[2026-08-23T17:37:14.118Z] runPostScanAnalysis started. Current nodes count: 2250
[2026-08-23T17:37:14.138Z] runPostScanAnalysis started. Current nodes count: 2251
[2026-08-23T17:37:14.157Z] runPostScanAnalysis started. Current nodes count: 2252
[2026-08-23T17:37:14.174Z] runPostScanAnalysis started. Current nodes count: 2253
[2026-08-23T17:37:14.192Z] runPostScanAnalysis started. Current nodes count: 2254
[2026-08-23T17:37:14.210Z] runPostScanAnalysis started. Current nodes count: 2255
[2026-08-23T17:37:14.228Z] runPostScanAnalysis started. Current nodes count: 2256
[2026-08-23T17:37:14.246Z] runPostScanAnalysis started. Current nodes count: 2257
[2026-08-23T17:37:14.266Z] runPostScanAnalysis started. Current nodes count: 2258
[2026-08-23T17:37:14.286Z] runPostScanAnalysis started. Current nodes count: 2259
[2026-08-23T17:37:14.309Z] runPostScanAnalysis started. Current nodes count: 2260
[2026-08-23T17:37:14.332Z] runPostScanAnalysis started. Current nodes count: 2261
[2026-08-23T17:37:14.351Z] runPostScanAnalysis started. Current nodes count: 2262
[2026-08-23T17:37:14.368Z] runPostScanAnalysis started. Current nodes count: 2263
[2026-08-23T17:37:14.388Z] runPostScanAnalysis started. Current nodes count: 2264
[2026-08-23T17:37:14.406Z] runPostScanAnalysis started. Current nodes count: 2265
[2026-08-23T17:37:14.422Z] runPostScanAnalysis started. Current nodes count: 2266
[2026-08-23T17:37:14.439Z] runPostScanAnalysis started. Current nodes count: 2267
[2026-08-23T17:37:14.456Z] runPostScanAnalysis started. Current nodes count: 2268
[2026-08-23T17:37:14.473Z] runPostScanAnalysis started. Current nodes count: 2269
[2026-08-23T17:37:14.494Z] runPostScanAnalysis started. Current nodes count: 2270
[2026-08-23T17:37:14.513Z] runPostScanAnalysis started. Current nodes count: 2271
[2026-08-23T17:37:14.532Z] runPostScanAnalysis started. Current nodes count: 2272
[2026-08-23T17:37:14.555Z] runPostScanAnalysis started. Current nodes count: 2273
[2026-08-23T17:37:14.575Z] runPostScanAnalysis started. Current nodes count: 2274
[2026-08-23T17:37:14.596Z] runPostScanAnalysis started. Current nodes count: 2275
[2026-08-23T17:37:14.618Z] runPostScanAnalysis started. Current nodes count: 2276
[2026-08-23T17:37:14.636Z] runPostScanAnalysis started. Current nodes count: 2277
[2026-08-23T17:37:14.654Z] runPostScanAnalysis started. Current nodes count: 2278
[2026-08-23T17:37:14.672Z] runPostScanAnalysis started. Current nodes count: 2279
[2026-08-23T17:37:14.691Z] runPostScanAnalysis started. Current nodes count: 2280
[2026-08-23T17:37:14.709Z] runPostScanAnalysis started. Current nodes count: 2281
[2026-08-23T17:37:14.728Z] runPostScanAnalysis started. Current nodes count: 2282
[2026-08-23T17:37:14.748Z] runPostScanAnalysis started. Current nodes count: 2283
[2026-08-23T17:37:14.767Z] runPostScanAnalysis started. Current nodes count: 2284
[2026-08-23T17:37:14.788Z] runPostScanAnalysis started. Current nodes count: 2285
[2026-08-23T17:37:14.806Z] runPostScanAnalysis started. Current nodes count: 2286
[2026-08-23T17:37:14.827Z] runPostScanAnalysis started. Current nodes count: 2287
[2026-08-23T17:37:14.844Z] runPostScanAnalysis started. Current nodes count: 2288
[2026-08-23T17:37:14.864Z] runPostScanAnalysis started. Current nodes count: 2289
[2026-08-23T17:37:14.883Z] runPostScanAnalysis started. Current nodes count: 2290
[2026-08-23T17:37:14.902Z] runPostScanAnalysis started. Current nodes count: 2291
[2026-08-23T17:37:14.921Z] runPostScanAnalysis started. Current nodes count: 2292
[2026-08-23T17:37:14.940Z] runPostScanAnalysis started. Current nodes count: 2293
[2026-08-23T17:37:14.959Z] runPostScanAnalysis started. Current nodes count: 2294
[2026-08-23T17:37:14.979Z] runPostScanAnalysis started. Current nodes count: 2295
[2026-08-23T17:37:15.014Z] runPostScanAnalysis started. Current nodes count: 2296
[2026-08-23T17:37:15.110Z] runPostScanAnalysis started. Current nodes count: 2297
[2026-08-23T17:37:15.203Z] runPostScanAnalysis started. Current nodes count: 2298
[2026-08-23T17:37:15.280Z] runPostScanAnalysis started. Current nodes count: 2299
[2026-08-23T17:37:15.300Z] runPostScanAnalysis started. Current nodes count: 2300
[2026-08-23T17:37:15.320Z] runPostScanAnalysis started. Current nodes count: 2301
[2026-08-23T17:37:15.338Z] runPostScanAnalysis started. Current nodes count: 2302
[2026-08-23T17:37:15.357Z] runPostScanAnalysis started. Current nodes count: 2303
[2026-08-23T17:37:15.376Z] runPostScanAnalysis started. Current nodes count: 2304
[2026-08-23T17:37:15.395Z] runPostScanAnalysis started. Current nodes count: 2305
[2026-08-23T17:37:15.413Z] runPostScanAnalysis started. Current nodes count: 2306
[2026-08-23T17:37:15.432Z] runPostScanAnalysis started. Current nodes count: 2307
[2026-08-23T17:37:15.451Z] runPostScanAnalysis started. Current nodes count: 2308
[2026-08-23T17:37:15.469Z] runPostScanAnalysis started. Current nodes count: 2309
[2026-08-23T17:37:15.489Z] runPostScanAnalysis started. Current nodes count: 2310
[2026-08-23T17:37:15.509Z] runPostScanAnalysis started. Current nodes count: 2311
[2026-08-23T17:37:15.527Z] runPostScanAnalysis started. Current nodes count: 2312
[2026-08-23T17:37:15.547Z] runPostScanAnalysis started. Current nodes count: 2313
[2026-08-23T17:37:15.566Z] runPostScanAnalysis started. Current nodes count: 2314
[2026-08-23T17:37:15.586Z] runPostScanAnalysis started. Current nodes count: 2315
[2026-08-23T17:37:15.605Z] runPostScanAnalysis started. Current nodes count: 2316
[2026-08-23T17:37:15.625Z] runPostScanAnalysis started. Current nodes count: 2317
[2026-08-23T17:37:15.643Z] runPostScanAnalysis started. Current nodes count: 2318
[2026-08-23T17:37:15.663Z] runPostScanAnalysis started. Current nodes count: 2319
[2026-08-23T17:37:15.683Z] runPostScanAnalysis started. Current nodes count: 2320
[2026-08-23T17:37:15.703Z] runPostScanAnalysis started. Current nodes count: 2321
[2026-08-23T17:37:15.727Z] runPostScanAnalysis started. Current nodes count: 2322
[2026-08-23T17:37:15.747Z] runPostScanAnalysis started. Current nodes count: 2323
[2026-08-23T17:37:15.767Z] runPostScanAnalysis started. Current nodes count: 2324
[2026-08-23T17:37:15.786Z] runPostScanAnalysis started. Current nodes count: 2325
[2026-08-23T17:37:15.806Z] runPostScanAnalysis started. Current nodes count: 2326
[2026-08-23T17:37:15.825Z] runPostScanAnalysis started. Current nodes count: 2327
[2026-08-23T17:37:15.844Z] runPostScanAnalysis started. Current nodes count: 2328
[2026-08-23T17:37:15.865Z] runPostScanAnalysis started. Current nodes count: 2329
[2026-08-23T17:37:15.885Z] runPostScanAnalysis started. Current nodes count: 2330
[2026-08-23T17:37:15.903Z] runPostScanAnalysis started. Current nodes count: 2331
[2026-08-23T17:37:15.921Z] runPostScanAnalysis started. Current nodes count: 2332
[2026-08-23T17:37:15.939Z] runPostScanAnalysis started. Current nodes count: 2333
[2026-08-23T17:37:15.961Z] runPostScanAnalysis started. Current nodes count: 2334
[2026-08-23T17:37:15.982Z] runPostScanAnalysis started. Current nodes count: 2335
[2026-08-23T17:37:16.002Z] runPostScanAnalysis started. Current nodes count: 2336
[2026-08-23T17:37:16.024Z] runPostScanAnalysis started. Current nodes count: 2337
[2026-08-23T17:37:16.043Z] runPostScanAnalysis started. Current nodes count: 2338
[2026-08-23T17:37:16.062Z] runPostScanAnalysis started. Current nodes count: 2339
[2026-08-23T17:37:16.081Z] runPostScanAnalysis started. Current nodes count: 2340
[2026-08-23T17:37:16.100Z] runPostScanAnalysis started. Current nodes count: 2341
[2026-08-23T17:37:16.119Z] runPostScanAnalysis started. Current nodes count: 2342
[2026-08-23T17:37:16.138Z] runPostScanAnalysis started. Current nodes count: 2343
[2026-08-23T17:37:16.159Z] runPostScanAnalysis started. Current nodes count: 2344
[2026-08-23T17:37:16.178Z] runPostScanAnalysis started. Current nodes count: 2345
[2026-08-23T17:37:16.198Z] runPostScanAnalysis started. Current nodes count: 2346
[2026-08-23T17:37:16.217Z] runPostScanAnalysis started. Current nodes count: 2347
[2026-08-23T17:37:19.363Z] runPostScanAnalysis started. Current nodes count: 2348
[2026-08-23T17:37:19.385Z] runPostScanAnalysis started. Current nodes count: 2349
[2026-08-23T17:37:19.404Z] runPostScanAnalysis started. Current nodes count: 2350
[2026-08-23T17:37:19.424Z] runPostScanAnalysis started. Current nodes count: 2351
[2026-08-23T17:37:19.443Z] runPostScanAnalysis started. Current nodes count: 2352
[2026-08-23T17:37:19.462Z] runPostScanAnalysis started. Current nodes count: 2353
[2026-08-23T17:37:19.482Z] runPostScanAnalysis started. Current nodes count: 2354
[2026-08-23T17:37:19.501Z] runPostScanAnalysis started. Current nodes count: 2355
[2026-08-23T17:37:19.522Z] runPostScanAnalysis started. Current nodes count: 2356
[2026-08-23T17:37:19.541Z] runPostScanAnalysis started. Current nodes count: 2357
[2026-08-23T17:37:19.565Z] runPostScanAnalysis started. Current nodes count: 2359
[2026-08-23T17:37:19.586Z] runPostScanAnalysis started. Current nodes count: 2360
[2026-08-23T17:37:19.612Z] runPostScanAnalysis started. Current nodes count: 2394
[2026-08-23T17:37:19.687Z] No active DependencyGraphPanel webview open.
[2026-08-23T17:37:19.691Z] No active DependencyGraphPanel webview open.
[2026-08-23T17:37:19.695Z] No active DependencyGraphPanel webview open.
[2026-08-23T17:37:19.698Z] No active DependencyGraphPanel webview open.
[2026-08-23T17:37:19.702Z] No active DependencyGraphPanel webview open.
[2026-08-23T17:37:19.707Z] No active DependencyGraphPanel webview open.
[2026-08-23T17:37:19.713Z] No active DependencyGraphPanel webview open.
[2026-08-23T17:37:19.717Z] No active DependencyGraphPanel webview open.
[2026-08-23T17:37:19.723Z] No active DependencyGraphPanel webview open.
[2026-08-23T17:37:19.727Z] No active DependencyGraphPanel webview open.
[2026-08-23T17:37:19.729Z] No active DependencyGraphPanel webview open.
[2026-08-23T17:37:19.731Z] No active DependencyGraphPanel webview open.
[2026-08-23T17:37:19.733Z] No active DependencyGraphPanel webview open.
[2026-08-23T17:37:19.736Z] No active DependencyGraphPanel webview open.
[2026-08-23T17:37:19.739Z] No active DependencyGraphPanel webview open.
[2026-08-23T17:37:19.742Z] No active DependencyGraphPanel webview open.
[2026-08-23T17:37:19.745Z] No active DependencyGraphPanel webview open.
[2026-08-23T17:37:19.748Z] No active DependencyGraphPanel webview open.
[2026-08-23T17:37:19.750Z] No active DependencyGraphPanel webview open.
[2026-08-23T17:37:19.752Z] No active DependencyGraphPanel webview open.
[2026-08-23T17:37:19.756Z] No active DependencyGraphPanel webview open.
[2026-08-23T17:37:19.758Z] No active DependencyGraphPanel webview open.
[2026-08-23T17:37:19.761Z] No active DependencyGraphPanel webview open.
[2026-08-23T17:37:19.764Z] No active DependencyGraphPanel webview open.
[2026-08-23T17:37:19.767Z] No active DependencyGraphPanel webview open.
[2026-08-23T17:37:19.770Z] No active DependencyGraphPanel webview open.
[2026-08-23T17:37:19.772Z] No active DependencyGraphPanel webview open.
[2026-08-23T17:37:19.777Z] No active DependencyGraphPanel webview open.
[2026-08-23T17:37:19.779Z] No active DependencyGraphPanel webview open.
[2026-08-23T17:37:19.781Z] No active DependencyGraphPanel webview open.
[2026-08-23T17:37:19.783Z] No active DependencyGraphPanel webview open.
[2026-08-23T17:37:19.788Z] No active DependencyGraphPanel webview open.
[2026-08-23T17:37:19.791Z] No active DependencyGraphPanel webview open.
[2026-08-23T17:37:19.793Z] No active DependencyGraphPanel webview open.
[2026-08-23T17:37:19.798Z] No active DependencyGraphPanel webview open.
[2026-08-23T17:37:19.800Z] No active DependencyGraphPanel webview open.
[2026-08-23T17:37:19.804Z] No active DependencyGraphPanel webview open.
[2026-08-23T17:37:19.810Z] No active DependencyGraphPanel webview open.
[2026-08-23T17:37:19.813Z] No active DependencyGraphPanel webview open.
[2026-08-23T17:37:19.818Z] No active DependencyGraphPanel webview open.
[2026-08-23T17:37:19.823Z] No active DependencyGraphPanel webview open.
[2026-08-23T17:37:19.825Z] No active DependencyGraphPanel webview open.
[2026-08-23T17:37:19.832Z] No active DependencyGraphPanel webview open.
[2026-08-23T17:37:19.835Z] No active DependencyGraphPanel webview open.
[2026-08-23T17:37:19.837Z] No active DependencyGraphPanel webview open.
[2026-08-23T17:37:19.839Z] No active DependencyGraphPanel webview open.
[2026-08-23T17:37:19.841Z] No active DependencyGraphPanel webview open.
[2026-08-23T17:37:19.844Z] No active DependencyGraphPanel webview open.
[2026-08-23T17:37:19.847Z] No active DependencyGraphPanel webview open.
[2026-08-23T17:37:19.861Z] No active DependencyGraphPanel webview open.
[2026-08-23T17:37:19.864Z] No active DependencyGraphPanel webview open.
[2026-08-23T17:37:19.869Z] No active DependencyGraphPanel webview open.
[2026-08-23T17:37:19.872Z] No active DependencyGraphPanel webview open.
[2026-08-23T17:37:19.874Z] No active DependencyGraphPanel webview open.
[2026-08-23T17:37:19.876Z] No active DependencyGraphPanel webview open.
[2026-08-23T17:37:19.882Z] No active DependencyGraphPanel webview open.
[2026-08-23T17:37:19.885Z] No active DependencyGraphPanel webview open.
[2026-08-23T17:37:19.888Z] No active DependencyGraphPanel webview open.
[2026-08-23T17:37:19.890Z] No active DependencyGraphPanel webview open.
[2026-08-23T17:37:19.892Z] No active DependencyGraphPanel webview open.
[2026-08-23T17:37:19.894Z] No active DependencyGraphPanel webview open.
[2026-08-23T17:37:19.897Z] No active DependencyGraphPanel webview open.
[2026-08-23T17:37:19.899Z] No active DependencyGraphPanel webview open.
[2026-08-23T17:37:19.901Z] No active DependencyGraphPanel webview open.
[2026-08-23T17:37:19.903Z] No active DependencyGraphPanel webview open.
[2026-08-23T17:37:19.904Z] No active DependencyGraphPanel webview open.
[2026-08-23T17:37:19.906Z] No active DependencyGraphPanel webview open.
[2026-08-23T17:37:19.908Z] No active DependencyGraphPanel webview open.
[2026-08-23T17:37:19.910Z] No active DependencyGraphPanel webview open.
[2026-08-23T17:37:19.914Z] No active DependencyGraphPanel webview open.
[2026-08-23T17:37:19.916Z] No active DependencyGraphPanel webview open.
[2026-08-23T17:37:19.918Z] No active DependencyGraphPanel webview open.
[2026-08-23T17:37:19.920Z] No active DependencyGraphPanel webview open.
[2026-08-23T17:37:19.921Z] No active DependencyGraphPanel webview open.
[2026-08-23T17:37:19.923Z] No active DependencyGraphPanel webview open.
[2026-08-23T17:37:19.925Z] No active DependencyGraphPanel webview open.
[2026-08-23T17:37:19.929Z] No active DependencyGraphPanel webview open.
[2026-08-23T17:37:19.932Z] No active DependencyGraphPanel webview open.
[2026-08-23T17:37:19.934Z] No active DependencyGraphPanel webview open.
[2026-08-23T17:37:19.936Z] No active DependencyGraphPanel webview open.
[2026-08-23T17:37:19.938Z] No active DependencyGraphPanel webview open.
[2026-08-23T17:37:19.940Z] No active DependencyGraphPanel webview open.
[2026-08-23T17:37:19.942Z] No active DependencyGraphPanel webview open.
[2026-08-23T17:37:19.945Z] No active DependencyGraphPanel webview open.
[2026-08-23T17:37:19.947Z] No active DependencyGraphPanel webview open.
[2026-08-23T17:37:19.949Z] No active DependencyGraphPanel webview open.
[2026-08-23T17:37:19.951Z] No active DependencyGraphPanel webview open.
[2026-08-23T17:37:19.962Z] No active DependencyGraphPanel webview open.
[2026-08-23T17:37:19.964Z] No active DependencyGraphPanel webview open.
[2026-08-23T17:37:19.966Z] No active DependencyGraphPanel webview open.
[2026-08-23T17:37:19.969Z] No active DependencyGraphPanel webview open.
[2026-08-23T17:37:19.971Z] No active DependencyGraphPanel webview open.
[2026-08-23T17:37:19.974Z] No active DependencyGraphPanel webview open.
[2026-08-23T17:37:19.976Z] No active DependencyGraphPanel webview open.
[2026-08-23T17:37:19.978Z] No active DependencyGraphPanel webview open.
[2026-08-23T17:37:19.980Z] No active DependencyGraphPanel webview open.
[2026-08-23T17:37:19.982Z] No active DependencyGraphPanel webview open.
[2026-08-23T17:37:19.984Z] No active DependencyGraphPanel webview open.
[2026-08-23T17:37:19.986Z] No active DependencyGraphPanel webview open.
[2026-08-23T17:37:19.989Z] No active DependencyGraphPanel webview open.
[2026-08-23T17:37:19.992Z] No active DependencyGraphPanel webview open.
[2026-08-23T17:37:19.995Z] No active DependencyGraphPanel webview open.
[2026-08-23T17:37:19.997Z] No active DependencyGraphPanel webview open.
[2026-08-23T17:37:19.999Z] No active DependencyGraphPanel webview open.
[2026-08-23T17:37:20.003Z] No active DependencyGraphPanel webview open.
[2026-08-23T17:37:20.006Z] No active DependencyGraphPanel webview open.
[2026-08-23T17:37:20.008Z] No active DependencyGraphPanel webview open.
[2026-08-23T17:37:20.010Z] No active DependencyGraphPanel webview open.
[2026-08-23T17:37:20.012Z] No active DependencyGraphPanel webview open.
[2026-08-23T17:37:20.014Z] No active DependencyGraphPanel webview open.
[2026-08-23T17:37:20.017Z] No active DependencyGraphPanel webview open.
[2026-08-23T17:37:20.020Z] No active DependencyGraphPanel webview open.
[2026-08-23T17:37:20.023Z] No active DependencyGraphPanel webview open.
[2026-08-23T17:37:20.026Z] No active DependencyGraphPanel webview open.
[2026-08-23T17:37:20.029Z] No active DependencyGraphPanel webview open.
[2026-08-23T17:37:20.031Z] No active DependencyGraphPanel webview open.
[2026-08-23T17:37:20.033Z] No active DependencyGraphPanel webview open.
[2026-08-23T17:37:20.035Z] No active DependencyGraphPanel webview open.
[2026-08-23T17:37:20.037Z] No active DependencyGraphPanel webview open.
[2026-08-23T17:37:20.038Z] No active DependencyGraphPanel webview open.
[2026-08-23T17:37:20.040Z] No active DependencyGraphPanel webview open.
[2026-08-23T17:37:20.042Z] No active DependencyGraphPanel webview open.
[2026-08-23T17:37:20.044Z] No active DependencyGraphPanel webview open.
[2026-08-23T17:37:20.047Z] No active DependencyGraphPanel webview open.
[2026-08-23T17:37:20.048Z] No active DependencyGraphPanel webview open.
[2026-08-23T17:37:20.050Z] No active DependencyGraphPanel webview open.
[2026-08-23T17:37:20.052Z] No active DependencyGraphPanel webview open.
[2026-08-23T17:37:20.057Z] No active DependencyGraphPanel webview open.
[2026-08-23T17:37:20.059Z] No active DependencyGraphPanel webview open.
[2026-08-23T17:37:20.062Z] No active DependencyGraphPanel webview open.
[2026-08-23T17:37:20.063Z] No active DependencyGraphPanel webview open.
[2026-08-23T17:37:20.066Z] No active DependencyGraphPanel webview open.
[2026-08-23T17:37:20.067Z] No active DependencyGraphPanel webview open.
[2026-08-23T17:37:20.069Z] No active DependencyGraphPanel webview open.
[2026-08-23T17:37:20.072Z] No active DependencyGraphPanel webview open.
[2026-08-23T17:37:20.074Z] No active DependencyGraphPanel webview open.
[2026-08-23T17:37:20.076Z] No active DependencyGraphPanel webview open.
[2026-08-23T17:37:20.078Z] No active DependencyGraphPanel webview open.
[2026-08-23T17:37:20.080Z] No active DependencyGraphPanel webview open.
[2026-08-23T17:37:20.083Z] No active DependencyGraphPanel webview open.
[2026-08-23T17:37:20.085Z] No active DependencyGraphPanel webview open.
[2026-08-23T17:37:20.089Z] No active DependencyGraphPanel webview open.
[2026-08-23T17:37:20.092Z] No active DependencyGraphPanel webview open.
[2026-08-23T17:37:20.096Z] No active DependencyGraphPanel webview open.
[2026-08-23T17:37:20.099Z] No active DependencyGraphPanel webview open.
[2026-08-23T17:37:20.101Z] No active DependencyGraphPanel webview open.
[2026-08-23T17:37:20.103Z] No active DependencyGraphPanel webview open.
[2026-08-23T17:37:20.105Z] No active DependencyGraphPanel webview open.
[2026-08-23T17:37:20.108Z] No active DependencyGraphPanel webview open.
[2026-08-23T17:37:20.111Z] No active DependencyGraphPanel webview open.
[2026-08-23T17:37:20.113Z] No active DependencyGraphPanel webview open.
[2026-08-23T17:37:20.116Z] No active DependencyGraphPanel webview open.
[2026-08-23T17:37:20.119Z] No active DependencyGraphPanel webview open.
[2026-08-23T17:37:20.121Z] No active DependencyGraphPanel webview open.
[2026-08-23T17:37:20.123Z] No active DependencyGraphPanel webview open.
[2026-08-23T17:37:20.124Z] No active DependencyGraphPanel webview open.
[2026-08-23T17:37:20.126Z] No active DependencyGraphPanel webview open.
[2026-08-23T17:37:20.128Z] No active DependencyGraphPanel webview open.
[2026-08-23T17:37:20.131Z] No active DependencyGraphPanel webview open.
[2026-08-23T17:37:20.134Z] No active DependencyGraphPanel webview open.
[2026-08-23T17:37:20.136Z] No active DependencyGraphPanel webview open.
[2026-08-23T17:37:20.140Z] No active DependencyGraphPanel webview open.
[2026-08-23T17:37:20.142Z] No active DependencyGraphPanel webview open.
[2026-08-23T17:37:20.144Z] No active DependencyGraphPanel webview open.
[2026-08-23T17:37:20.148Z] No active DependencyGraphPanel webview open.
[2026-08-23T17:37:20.151Z] No active DependencyGraphPanel webview open.
[2026-08-23T17:37:20.156Z] No active DependencyGraphPanel webview open.
[2026-08-23T17:37:20.159Z] No active DependencyGraphPanel webview open.
[2026-08-23T17:37:20.163Z] No active DependencyGraphPanel webview open.
[2026-08-23T17:37:20.165Z] No active DependencyGraphPanel webview open.
[2026-08-23T17:37:20.168Z] No active DependencyGraphPanel webview open.
[2026-08-23T17:37:20.185Z] runPostScanAnalysis started. Current nodes count: 2479
[2026-08-23T17:37:20.205Z] runPostScanAnalysis started. Current nodes count: 2479
[2026-08-23T17:37:20.224Z] runPostScanAnalysis started. Current nodes count: 2479
[2026-08-23T17:37:20.244Z] runPostScanAnalysis started. Current nodes count: 2479
[2026-08-23T17:37:20.250Z] No active DependencyGraphPanel webview open.
[2026-08-23T17:37:20.267Z] runPostScanAnalysis started. Current nodes count: 2479
[2026-08-23T17:37:20.286Z] runPostScanAnalysis started. Current nodes count: 2479
[2026-08-23T17:37:20.307Z] runPostScanAnalysis started. Current nodes count: 2479
[2026-08-23T17:37:20.327Z] runPostScanAnalysis started. Current nodes count: 2479
[2026-08-23T17:37:20.347Z] runPostScanAnalysis started. Current nodes count: 2479
[2026-08-23T17:37:20.368Z] runPostScanAnalysis started. Current nodes count: 2479
[2026-08-23T17:37:20.392Z] runPostScanAnalysis started. Current nodes count: 2479
[2026-08-23T17:37:20.412Z] runPostScanAnalysis started. Current nodes count: 2479
[2026-08-23T17:37:20.430Z] runPostScanAnalysis started. Current nodes count: 2479
[2026-08-23T17:37:20.448Z] runPostScanAnalysis started. Current nodes count: 2479
[2026-08-23T17:37:20.466Z] runPostScanAnalysis started. Current nodes count: 2479
[2026-08-23T17:37:20.485Z] runPostScanAnalysis started. Current nodes count: 2479
[2026-08-23T17:37:20.503Z] runPostScanAnalysis started. Current nodes count: 2479
[2026-08-23T17:37:20.520Z] runPostScanAnalysis started. Current nodes count: 2479
[2026-08-23T17:37:20.540Z] runPostScanAnalysis started. Current nodes count: 2479
[2026-08-23T17:37:20.560Z] runPostScanAnalysis started. Current nodes count: 2479
[2026-08-23T17:37:20.580Z] runPostScanAnalysis started. Current nodes count: 2479
[2026-08-23T17:37:20.599Z] runPostScanAnalysis started. Current nodes count: 2479
[2026-08-23T17:37:20.617Z] runPostScanAnalysis started. Current nodes count: 2479
[2026-08-23T17:37:20.636Z] runPostScanAnalysis started. Current nodes count: 2479
[2026-08-23T17:37:20.654Z] runPostScanAnalysis started. Current nodes count: 2479
[2026-08-23T17:37:20.672Z] runPostScanAnalysis started. Current nodes count: 2479
[2026-08-23T17:37:20.690Z] runPostScanAnalysis started. Current nodes count: 2479
[2026-08-23T17:37:20.707Z] runPostScanAnalysis started. Current nodes count: 2479
[2026-08-23T17:37:20.725Z] runPostScanAnalysis started. Current nodes count: 2479
[2026-08-23T17:37:20.745Z] runPostScanAnalysis started. Current nodes count: 2479
[2026-08-23T17:37:20.763Z] runPostScanAnalysis started. Current nodes count: 2479
[2026-08-23T17:37:20.782Z] runPostScanAnalysis started. Current nodes count: 2479
[2026-08-23T17:37:20.800Z] runPostScanAnalysis started. Current nodes count: 2479
[2026-08-23T17:37:20.816Z] runPostScanAnalysis started. Current nodes count: 2479
[2026-08-23T17:37:20.834Z] runPostScanAnalysis started. Current nodes count: 2479
[2026-08-23T17:37:20.853Z] runPostScanAnalysis started. Current nodes count: 2479
[2026-08-23T17:37:20.871Z] runPostScanAnalysis started. Current nodes count: 2479
[2026-08-23T17:37:20.889Z] runPostScanAnalysis started. Current nodes count: 2479
[2026-08-23T17:37:20.908Z] runPostScanAnalysis started. Current nodes count: 2479
[2026-08-23T17:37:20.925Z] runPostScanAnalysis started. Current nodes count: 2479
[2026-08-23T17:37:20.943Z] runPostScanAnalysis started. Current nodes count: 2479
[2026-08-23T17:37:20.961Z] runPostScanAnalysis started. Current nodes count: 2479
[2026-08-23T17:37:20.980Z] runPostScanAnalysis started. Current nodes count: 2479
[2026-08-23T17:37:21.001Z] runPostScanAnalysis started. Current nodes count: 2479
[2026-08-23T17:37:21.017Z] runPostScanAnalysis started. Current nodes count: 2479
[2026-08-23T17:37:21.036Z] runPostScanAnalysis started. Current nodes count: 2479
[2026-08-23T17:37:21.054Z] runPostScanAnalysis started. Current nodes count: 2479
[2026-08-23T17:37:21.072Z] runPostScanAnalysis started. Current nodes count: 2479
[2026-08-23T17:37:21.089Z] runPostScanAnalysis started. Current nodes count: 2479
[2026-08-23T17:37:21.108Z] runPostScanAnalysis started. Current nodes count: 2479
[2026-08-23T17:37:21.127Z] runPostScanAnalysis started. Current nodes count: 2479
[2026-08-23T17:37:21.146Z] runPostScanAnalysis started. Current nodes count: 2479
[2026-08-23T17:37:21.165Z] runPostScanAnalysis started. Current nodes count: 2479
[2026-08-23T17:37:21.184Z] runPostScanAnalysis started. Current nodes count: 2479
[2026-08-23T17:37:21.208Z] runPostScanAnalysis started. Current nodes count: 2479
[2026-08-23T17:37:21.257Z] runPostScanAnalysis started. Current nodes count: 2479
[2026-08-23T17:37:21.315Z] runPostScanAnalysis started. Current nodes count: 2479
[2026-08-23T17:37:21.342Z] runPostScanAnalysis started. Current nodes count: 2479
[2026-08-23T17:37:21.377Z] runPostScanAnalysis started. Current nodes count: 2480
[2026-08-23T17:37:21.454Z] runPostScanAnalysis started. Current nodes count: 2717
[2026-08-23T17:37:21.528Z] No active DependencyGraphPanel webview open.
[2026-08-23T17:37:21.536Z] No active DependencyGraphPanel webview open.
[2026-08-23T17:37:21.544Z] No active DependencyGraphPanel webview open.
[2026-08-23T17:37:21.553Z] No active DependencyGraphPanel webview open.
[2026-08-23T17:37:21.560Z] No active DependencyGraphPanel webview open.
[2026-08-23T17:37:21.568Z] No active DependencyGraphPanel webview open.
[2026-08-23T17:37:21.575Z] No active DependencyGraphPanel webview open.
[2026-08-23T17:37:21.584Z] No active DependencyGraphPanel webview open.
[2026-08-23T17:37:21.592Z] No active DependencyGraphPanel webview open.
[2026-08-23T17:37:21.600Z] No active DependencyGraphPanel webview open.
[2026-08-23T17:37:21.607Z] No active DependencyGraphPanel webview open.
[2026-08-23T17:37:21.614Z] No active DependencyGraphPanel webview open.
[2026-08-23T17:37:21.625Z] No active DependencyGraphPanel webview open.
[2026-08-23T17:37:21.632Z] No active DependencyGraphPanel webview open.
[2026-08-23T17:37:21.640Z] No active DependencyGraphPanel webview open.
[2026-08-23T17:37:21.647Z] No active DependencyGraphPanel webview open.
[2026-08-23T17:37:21.654Z] No active DependencyGraphPanel webview open.
[2026-08-23T17:37:21.661Z] No active DependencyGraphPanel webview open.
[2026-08-23T17:37:21.669Z] No active DependencyGraphPanel webview open.
[2026-08-23T17:37:21.676Z] No active DependencyGraphPanel webview open.
[2026-08-23T17:37:21.683Z] No active DependencyGraphPanel webview open.
[2026-08-23T17:37:21.690Z] No active DependencyGraphPanel webview open.
[2026-08-23T17:37:21.697Z] No active DependencyGraphPanel webview open.
[2026-08-23T17:37:21.705Z] No active DependencyGraphPanel webview open.
[2026-08-23T17:37:21.714Z] No active DependencyGraphPanel webview open.
[2026-08-23T17:37:21.722Z] No active DependencyGraphPanel webview open.
[2026-08-23T17:37:21.731Z] No active DependencyGraphPanel webview open.
[2026-08-23T17:37:21.738Z] No active DependencyGraphPanel webview open.
[2026-08-23T17:37:21.746Z] No active DependencyGraphPanel webview open.
[2026-08-23T17:37:21.759Z] No active DependencyGraphPanel webview open.
[2026-08-23T17:37:21.766Z] No active DependencyGraphPanel webview open.
[2026-08-23T17:37:21.773Z] No active DependencyGraphPanel webview open.
[2026-08-23T17:37:21.780Z] No active DependencyGraphPanel webview open.
[2026-08-23T17:37:21.787Z] No active DependencyGraphPanel webview open.
[2026-08-23T17:37:21.795Z] No active DependencyGraphPanel webview open.
[2026-08-23T17:37:21.801Z] No active DependencyGraphPanel webview open.
[2026-08-23T17:37:21.809Z] No active DependencyGraphPanel webview open.
[2026-08-23T17:37:21.817Z] No active DependencyGraphPanel webview open.
[2026-08-23T17:37:21.825Z] No active DependencyGraphPanel webview open.
[2026-08-23T17:37:21.833Z] No active DependencyGraphPanel webview open.
[2026-08-23T17:37:21.839Z] No active DependencyGraphPanel webview open.
[2026-08-23T17:37:21.847Z] No active DependencyGraphPanel webview open.
[2026-08-23T17:37:21.854Z] No active DependencyGraphPanel webview open.
[2026-08-23T17:37:21.862Z] No active DependencyGraphPanel webview open.
[2026-08-23T17:37:21.870Z] No active DependencyGraphPanel webview open.
[2026-08-23T17:37:21.877Z] No active DependencyGraphPanel webview open.
[2026-08-23T17:37:21.884Z] No active DependencyGraphPanel webview open.
[2026-08-23T17:37:21.897Z] No active DependencyGraphPanel webview open.
[2026-08-23T17:37:21.904Z] No active DependencyGraphPanel webview open.
[2026-08-23T17:37:21.911Z] No active DependencyGraphPanel webview open.
[2026-08-23T17:37:21.920Z] No active DependencyGraphPanel webview open.
[2026-08-23T17:37:21.927Z] No active DependencyGraphPanel webview open.
[2026-08-23T17:37:21.934Z] No active DependencyGraphPanel webview open.
[2026-08-23T17:37:21.941Z] No active DependencyGraphPanel webview open.
[2026-08-23T17:37:21.948Z] No active DependencyGraphPanel webview open.
[2026-08-23T17:37:21.955Z] No active DependencyGraphPanel webview open.
[2026-08-23T17:37:21.963Z] No active DependencyGraphPanel webview open.
[2026-08-23T17:37:21.970Z] No active DependencyGraphPanel webview open.
[2026-08-23T17:37:21.989Z] runPostScanAnalysis started. Current nodes count: 2719
[2026-08-23T17:37:21.998Z] No active DependencyGraphPanel webview open.
[2026-08-23T17:37:22.017Z] runPostScanAnalysis started. Current nodes count: 2719
[2026-08-23T17:37:22.037Z] runPostScanAnalysis started. Current nodes count: 2719
[2026-08-23T17:37:22.058Z] runPostScanAnalysis started. Current nodes count: 2719
[2026-08-23T17:37:22.079Z] runPostScanAnalysis started. Current nodes count: 2719
[2026-08-23T17:37:22.098Z] runPostScanAnalysis started. Current nodes count: 2719
[2026-08-23T17:37:22.118Z] runPostScanAnalysis started. Current nodes count: 2719
[2026-08-23T17:37:22.138Z] runPostScanAnalysis started. Current nodes count: 2719
[2026-08-23T17:37:22.158Z] runPostScanAnalysis started. Current nodes count: 2719
[2026-08-23T17:37:22.181Z] runPostScanAnalysis started. Current nodes count: 2719
[2026-08-23T17:37:22.203Z] runPostScanAnalysis started. Current nodes count: 2719
[2026-08-23T17:37:22.224Z] runPostScanAnalysis started. Current nodes count: 2719
[2026-08-23T17:37:22.243Z] runPostScanAnalysis started. Current nodes count: 2719
[2026-08-23T17:37:22.263Z] runPostScanAnalysis started. Current nodes count: 2719
[2026-08-23T17:37:22.283Z] runPostScanAnalysis started. Current nodes count: 2719
[2026-08-23T17:37:22.302Z] runPostScanAnalysis started. Current nodes count: 2719
[2026-08-23T17:37:22.322Z] runPostScanAnalysis started. Current nodes count: 2719
[2026-08-23T17:37:22.342Z] runPostScanAnalysis started. Current nodes count: 2719
[2026-08-23T17:37:22.362Z] runPostScanAnalysis started. Current nodes count: 2719
[2026-08-23T17:37:22.382Z] runPostScanAnalysis started. Current nodes count: 2719
[2026-08-23T17:37:22.407Z] runPostScanAnalysis started. Current nodes count: 2719
[2026-08-23T17:37:22.430Z] runPostScanAnalysis started. Current nodes count: 2719
[2026-08-23T17:37:22.450Z] runPostScanAnalysis started. Current nodes count: 2719
[2026-08-23T17:37:22.470Z] runPostScanAnalysis started. Current nodes count: 2719
[2026-08-23T17:37:22.490Z] runPostScanAnalysis started. Current nodes count: 2719
[2026-08-23T17:37:22.510Z] runPostScanAnalysis started. Current nodes count: 2719
[2026-08-23T17:37:22.529Z] runPostScanAnalysis started. Current nodes count: 2719
[2026-08-23T17:37:22.548Z] runPostScanAnalysis started. Current nodes count: 2719
[2026-08-23T17:37:22.567Z] runPostScanAnalysis started. Current nodes count: 2719
[2026-08-23T17:37:22.587Z] runPostScanAnalysis started. Current nodes count: 2719
[2026-08-23T17:37:22.616Z] runPostScanAnalysis started. Current nodes count: 2719
[2026-08-23T17:37:22.637Z] runPostScanAnalysis started. Current nodes count: 2719
[2026-08-23T17:37:22.656Z] runPostScanAnalysis started. Current nodes count: 2719
[2026-08-23T17:37:22.676Z] runPostScanAnalysis started. Current nodes count: 2719
[2026-08-23T17:37:22.696Z] runPostScanAnalysis started. Current nodes count: 2719
[2026-08-23T17:37:22.714Z] runPostScanAnalysis started. Current nodes count: 2719
[2026-08-23T17:37:22.733Z] runPostScanAnalysis started. Current nodes count: 2719
[2026-08-23T17:37:22.752Z] runPostScanAnalysis started. Current nodes count: 2719
[2026-08-23T17:37:22.772Z] runPostScanAnalysis started. Current nodes count: 2719
[2026-08-23T17:37:22.792Z] runPostScanAnalysis started. Current nodes count: 2719
[2026-08-23T17:37:22.811Z] runPostScanAnalysis started. Current nodes count: 2719
[2026-08-23T17:37:22.829Z] runPostScanAnalysis started. Current nodes count: 2719
[2026-08-23T17:37:22.851Z] runPostScanAnalysis started. Current nodes count: 2719
[2026-08-23T17:37:22.870Z] runPostScanAnalysis started. Current nodes count: 2719
[2026-08-23T17:37:22.889Z] runPostScanAnalysis started. Current nodes count: 2719
[2026-08-23T17:37:22.908Z] runPostScanAnalysis started. Current nodes count: 2719
[2026-08-23T17:37:22.928Z] runPostScanAnalysis started. Current nodes count: 2719
[2026-08-23T17:37:22.949Z] runPostScanAnalysis started. Current nodes count: 2719
[2026-08-23T17:37:22.968Z] runPostScanAnalysis started. Current nodes count: 2719
[2026-08-23T17:37:22.987Z] runPostScanAnalysis started. Current nodes count: 2719
[2026-08-23T17:37:23.007Z] runPostScanAnalysis started. Current nodes count: 2719
[2026-08-23T17:37:23.030Z] runPostScanAnalysis started. Current nodes count: 2719
[2026-08-23T17:37:23.053Z] runPostScanAnalysis started. Current nodes count: 2719
[2026-08-23T17:37:23.077Z] runPostScanAnalysis started. Current nodes count: 2719
[2026-08-23T17:37:23.369Z] runPostScanAnalysis started. Current nodes count: 2719
[2026-08-23T17:37:23.391Z] runPostScanAnalysis started. Current nodes count: 2719
[2026-08-23T17:37:23.413Z] runPostScanAnalysis started. Current nodes count: 2719
[2026-08-23T17:37:23.435Z] runPostScanAnalysis started. Current nodes count: 2719
[2026-08-23T17:37:23.456Z] runPostScanAnalysis started. Current nodes count: 2719
[2026-08-23T17:37:23.478Z] runPostScanAnalysis started. Current nodes count: 2719
[2026-08-23T17:37:23.498Z] runPostScanAnalysis started. Current nodes count: 2719
[2026-08-23T17:37:23.519Z] runPostScanAnalysis started. Current nodes count: 2719
[2026-08-23T17:37:23.540Z] runPostScanAnalysis started. Current nodes count: 2719
[2026-08-23T17:37:23.561Z] runPostScanAnalysis started. Current nodes count: 2719
[2026-08-23T17:37:23.581Z] runPostScanAnalysis started. Current nodes count: 2719
[2026-08-23T17:37:23.604Z] runPostScanAnalysis started. Current nodes count: 2719
[2026-08-23T17:37:23.624Z] runPostScanAnalysis started. Current nodes count: 2719
[2026-08-23T17:37:23.644Z] runPostScanAnalysis started. Current nodes count: 2719
[2026-08-23T17:37:23.665Z] runPostScanAnalysis started. Current nodes count: 2719
[2026-08-23T17:37:23.683Z] runPostScanAnalysis started. Current nodes count: 2719
[2026-08-23T17:37:23.701Z] runPostScanAnalysis started. Current nodes count: 2719
[2026-08-23T17:37:23.720Z] runPostScanAnalysis started. Current nodes count: 2719
[2026-08-23T17:37:23.740Z] runPostScanAnalysis started. Current nodes count: 2719
[2026-08-23T17:37:23.761Z] runPostScanAnalysis started. Current nodes count: 2719
[2026-08-23T17:37:23.778Z] runPostScanAnalysis started. Current nodes count: 2719
[2026-08-23T17:37:23.797Z] runPostScanAnalysis started. Current nodes count: 2719
[2026-08-23T17:37:23.816Z] runPostScanAnalysis started. Current nodes count: 2719
[2026-08-23T17:37:23.834Z] runPostScanAnalysis started. Current nodes count: 2719
[2026-08-23T17:37:23.852Z] runPostScanAnalysis started. Current nodes count: 2719
[2026-08-23T17:37:23.869Z] runPostScanAnalysis started. Current nodes count: 2719
[2026-08-23T17:37:23.886Z] runPostScanAnalysis started. Current nodes count: 2719
[2026-08-23T17:37:23.906Z] runPostScanAnalysis started. Current nodes count: 2719
[2026-08-23T17:37:23.925Z] runPostScanAnalysis started. Current nodes count: 2719
[2026-08-23T17:37:23.947Z] runPostScanAnalysis started. Current nodes count: 2719
[2026-08-23T17:37:24.013Z] runPostScanAnalysis started. Current nodes count: 2719
[2026-08-23T17:37:24.074Z] runPostScanAnalysis started. Current nodes count: 2719
[2026-08-23T17:37:24.113Z] runPostScanAnalysis started. Current nodes count: 2719
[2026-08-23T17:37:24.134Z] runPostScanAnalysis started. Current nodes count: 2719
[2026-08-23T17:37:24.157Z] runPostScanAnalysis started. Current nodes count: 2719
[2026-08-23T17:37:24.183Z] runPostScanAnalysis started. Current nodes count: 2719
[2026-08-23T17:37:24.204Z] runPostScanAnalysis started. Current nodes count: 2719
[2026-08-23T17:37:24.224Z] runPostScanAnalysis started. Current nodes count: 2719
[2026-08-23T17:37:24.246Z] runPostScanAnalysis started. Current nodes count: 2719
[2026-08-23T17:37:24.269Z] runPostScanAnalysis started. Current nodes count: 2719
[2026-08-23T17:37:33.054Z] Extension activating. WorkspaceFolders found: ["/Users/jaffar/Desktop/MacBookPro14/IOTAGit/IOTADashboard","/Users/jaffar/Desktop/MacBookPro14/IOTAGit/IOTAApiServer","/Users/jaffar/Desktop/MacBookPro14/IOTAGit/IOTADocuments"]
[2026-08-23T17:37:33.055Z] runFullScan started
[2026-08-23T17:37:33.055Z] Discovering files...
[2026-08-23T17:37:33.830Z] Scan complete: 1821 files found, 0 cached, 1821 freshly parsed, 774ms
[2026-08-23T17:37:33.830Z] runPostScanAnalysis started. Current nodes count: 1821
[2026-08-23T17:37:33.845Z] No active DependencyGraphPanel webview open.
[2026-08-23T17:37:33.845Z] runFullScan finished
[2026-08-23T17:37:47.659Z] runPostScanAnalysis started. Current nodes count: 0
[2026-08-23T17:37:47.660Z] runPostScanAnalysis started. Current nodes count: 0
[2026-08-23T17:37:47.660Z] runPostScanAnalysis started. Current nodes count: 0
[2026-08-23T17:37:47.660Z] runPostScanAnalysis started. Current nodes count: 0
[2026-08-23T17:37:47.660Z] runPostScanAnalysis started. Current nodes count: 0
[2026-08-23T17:37:47.660Z] runPostScanAnalysis started. Current nodes count: 0
[2026-08-23T17:37:47.660Z] runPostScanAnalysis started. Current nodes count: 0
[2026-08-23T17:37:47.660Z] runPostScanAnalysis started. Current nodes count: 0
[2026-08-23T17:37:47.660Z] runPostScanAnalysis started. Current nodes count: 0
[2026-08-23T17:37:47.660Z] runPostScanAnalysis started. Current nodes count: 0
[2026-08-23T17:37:47.660Z] runPostScanAnalysis started. Current nodes count: 0
[2026-08-23T17:37:47.660Z] runPostScanAnalysis started. Current nodes count: 0
[2026-08-23T17:37:47.660Z] runPostScanAnalysis started. Current nodes count: 0
[2026-08-23T17:37:47.660Z] runPostScanAnalysis started. Current nodes count: 0
[2026-08-23T17:37:47.660Z] runPostScanAnalysis started. Current nodes count: 0
[2026-08-23T17:37:47.660Z] runPostScanAnalysis started. Current nodes count: 0
[2026-08-23T17:37:47.660Z] runPostScanAnalysis started. Current nodes count: 0
[2026-08-23T17:37:47.660Z] runPostScanAnalysis started. Current nodes count: 0
[2026-08-23T17:37:47.660Z] runPostScanAnalysis started. Current nodes count: 0
[2026-08-23T17:37:47.660Z] runPostScanAnalysis started. Current nodes count: 0
[2026-08-23T17:37:47.660Z] runPostScanAnalysis started. Current nodes count: 0
[2026-08-23T17:37:47.660Z] runPostScanAnalysis started. Current nodes count: 0
[2026-08-23T17:37:47.660Z] runPostScanAnalysis started. Current nodes count: 0
[2026-08-23T17:37:47.661Z] runPostScanAnalysis started. Current nodes count: 0
[2026-08-23T17:37:47.661Z] runPostScanAnalysis started. Current nodes count: 0
[2026-08-23T17:37:47.661Z] runPostScanAnalysis started. Current nodes count: 0
[2026-08-23T17:37:47.661Z] runPostScanAnalysis started. Current nodes count: 0
[2026-08-23T17:37:47.661Z] runPostScanAnalysis started. Current nodes count: 0
[2026-08-23T17:37:47.661Z] runPostScanAnalysis started. Current nodes count: 0
[2026-08-23T17:37:47.661Z] runPostScanAnalysis started. Current nodes count: 0
[2026-08-23T17:37:47.661Z] runPostScanAnalysis started. Current nodes count: 0
[2026-08-23T17:37:47.661Z] runPostScanAnalysis started. Current nodes count: 0
[2026-08-23T17:37:47.661Z] runPostScanAnalysis started. Current nodes count: 0
[2026-08-23T17:37:47.661Z] runPostScanAnalysis started. Current nodes count: 0
[2026-08-23T17:37:47.661Z] runPostScanAnalysis started. Current nodes count: 0
[2026-08-23T17:37:47.661Z] runPostScanAnalysis started. Current nodes count: 0
[2026-08-23T17:37:47.662Z] runPostScanAnalysis started. Current nodes count: 0
[2026-08-23T17:37:47.662Z] runPostScanAnalysis started. Current nodes count: 0
[2026-08-23T17:37:47.662Z] runPostScanAnalysis started. Current nodes count: 0
[2026-08-23T17:37:47.662Z] runPostScanAnalysis started. Current nodes count: 0
[2026-08-23T17:37:47.662Z] runPostScanAnalysis started. Current nodes count: 0
[2026-08-23T17:37:47.662Z] runPostScanAnalysis started. Current nodes count: 0
[2026-08-23T17:37:47.662Z] runPostScanAnalysis started. Current nodes count: 0
[2026-08-23T17:37:47.662Z] runPostScanAnalysis started. Current nodes count: 0
[2026-08-23T17:37:47.662Z] runPostScanAnalysis started. Current nodes count: 0
[2026-08-23T17:37:47.662Z] runPostScanAnalysis started. Current nodes count: 0
[2026-08-23T17:37:47.662Z] runPostScanAnalysis started. Current nodes count: 0
[2026-08-23T17:37:47.662Z] runPostScanAnalysis started. Current nodes count: 0
[2026-08-23T17:37:47.662Z] runPostScanAnalysis started. Current nodes count: 0
[2026-08-23T17:37:47.662Z] runPostScanAnalysis started. Current nodes count: 0
[2026-08-23T17:37:47.662Z] runPostScanAnalysis started. Current nodes count: 0
[2026-08-23T17:37:47.662Z] runPostScanAnalysis started. Current nodes count: 0
[2026-08-23T17:37:47.662Z] runPostScanAnalysis started. Current nodes count: 0
[2026-08-23T17:37:47.662Z] runPostScanAnalysis started. Current nodes count: 0
[2026-08-23T17:37:47.663Z] runPostScanAnalysis started. Current nodes count: 0
[2026-08-23T17:37:47.663Z] runPostScanAnalysis started. Current nodes count: 0
[2026-08-23T17:37:47.663Z] runPostScanAnalysis started. Current nodes count: 0
[2026-08-23T17:37:47.663Z] runPostScanAnalysis started. Current nodes count: 0
[2026-08-23T17:37:47.663Z] runPostScanAnalysis started. Current nodes count: 0
[2026-08-23T17:37:47.663Z] runPostScanAnalysis started. Current nodes count: 0
[2026-08-23T17:37:47.663Z] runPostScanAnalysis started. Current nodes count: 0
[2026-08-23T17:37:47.663Z] runPostScanAnalysis started. Current nodes count: 0
[2026-08-23T17:37:47.663Z] runPostScanAnalysis started. Current nodes count: 0
[2026-08-23T17:37:47.663Z] runPostScanAnalysis started. Current nodes count: 0
[2026-08-23T17:37:47.663Z] runPostScanAnalysis started. Current nodes count: 0
[2026-08-23T17:37:47.663Z] runPostScanAnalysis started. Current nodes count: 0
[2026-08-23T17:37:47.663Z] runPostScanAnalysis started. Current nodes count: 0
[2026-08-23T17:37:47.663Z] runPostScanAnalysis started. Current nodes count: 0
[2026-08-23T17:37:47.663Z] runPostScanAnalysis started. Current nodes count: 0
[2026-08-23T17:37:47.663Z] runPostScanAnalysis started. Current nodes count: 0
[2026-08-23T17:37:47.663Z] runPostScanAnalysis started. Current nodes count: 0
[2026-08-23T17:37:47.663Z] runPostScanAnalysis started. Current nodes count: 0
[2026-08-23T17:37:47.663Z] runPostScanAnalysis started. Current nodes count: 0
[2026-08-23T17:37:47.663Z] runPostScanAnalysis started. Current nodes count: 0
[2026-08-23T17:37:47.663Z] runPostScanAnalysis started. Current nodes count: 0
[2026-08-23T17:37:47.663Z] runPostScanAnalysis started. Current nodes count: 0
[2026-08-23T17:37:47.663Z] runPostScanAnalysis started. Current nodes count: 0
[2026-08-23T17:37:47.663Z] runPostScanAnalysis started. Current nodes count: 0
[2026-08-23T17:37:47.664Z] runPostScanAnalysis started. Current nodes count: 0
[2026-08-23T17:37:47.664Z] runPostScanAnalysis started. Current nodes count: 0
[2026-08-23T17:37:47.664Z] runPostScanAnalysis started. Current nodes count: 0
[2026-08-23T17:37:47.664Z] runPostScanAnalysis started. Current nodes count: 0
[2026-08-23T17:37:47.664Z] runPostScanAnalysis started. Current nodes count: 0
[2026-08-23T17:37:47.664Z] runPostScanAnalysis started. Current nodes count: 0
[2026-08-23T17:37:47.664Z] runPostScanAnalysis started. Current nodes count: 0
[2026-08-23T17:37:47.664Z] runPostScanAnalysis started. Current nodes count: 0
[2026-08-23T17:37:47.664Z] runPostScanAnalysis started. Current nodes count: 0
[2026-08-23T17:37:47.664Z] runPostScanAnalysis started. Current nodes count: 0
[2026-08-23T17:37:47.664Z] runPostScanAnalysis started. Current nodes count: 0
[2026-08-23T17:37:47.664Z] runPostScanAnalysis started. Current nodes count: 0
[2026-08-23T17:37:47.664Z] runPostScanAnalysis started. Current nodes count: 0
[2026-08-23T17:37:47.664Z] runPostScanAnalysis started. Current nodes count: 0
[2026-08-23T17:37:47.664Z] runPostScanAnalysis started. Current nodes count: 0
[2026-08-23T17:37:47.664Z] runPostScanAnalysis started. Current nodes count: 0
[2026-08-23T17:37:47.664Z] runPostScanAnalysis started. Current nodes count: 0
[2026-08-23T17:37:47.664Z] runPostScanAnalysis started. Current nodes count: 0
[2026-08-23T17:37:47.664Z] runPostScanAnalysis started. Current nodes count: 0
[2026-08-23T17:37:47.664Z] runPostScanAnalysis started. Current nodes count: 0
[2026-08-23T17:37:47.664Z] runPostScanAnalysis started. Current nodes count: 0
[2026-08-23T17:37:47.664Z] runPostScanAnalysis started. Current nodes count: 0
[2026-08-23T17:37:47.665Z] runPostScanAnalysis started. Current nodes count: 0
[2026-08-23T17:37:47.665Z] runPostScanAnalysis started. Current nodes count: 0
[2026-08-23T17:37:47.665Z] runPostScanAnalysis started. Current nodes count: 0
[2026-08-23T17:37:47.665Z] runPostScanAnalysis started. Current nodes count: 0
[2026-08-23T17:37:47.665Z] runPostScanAnalysis started. Current nodes count: 0
[2026-08-23T17:37:47.665Z] runPostScanAnalysis started. Current nodes count: 0
[2026-08-23T17:37:47.665Z] runPostScanAnalysis started. Current nodes count: 0
[2026-08-23T17:37:47.665Z] runPostScanAnalysis started. Current nodes count: 0
[2026-08-23T17:37:47.665Z] runPostScanAnalysis started. Current nodes count: 0
[2026-08-23T17:37:47.665Z] runPostScanAnalysis started. Current nodes count: 0
[2026-08-23T17:37:47.665Z] runPostScanAnalysis started. Current nodes count: 0
[2026-08-23T17:37:47.665Z] runPostScanAnalysis started. Current nodes count: 0
[2026-08-23T17:37:47.665Z] runPostScanAnalysis started. Current nodes count: 0
[2026-08-23T17:37:47.665Z] runPostScanAnalysis started. Current nodes count: 0
[2026-08-23T17:37:47.665Z] runPostScanAnalysis started. Current nodes count: 0
[2026-08-23T17:37:47.665Z] runPostScanAnalysis started. Current nodes count: 0
[2026-08-23T17:37:47.665Z] runPostScanAnalysis started. Current nodes count: 0
[2026-08-23T17:37:47.665Z] runPostScanAnalysis started. Current nodes count: 0
[2026-08-23T17:37:47.665Z] runPostScanAnalysis started. Current nodes count: 0
[2026-08-23T17:37:47.665Z] runPostScanAnalysis started. Current nodes count: 0
[2026-08-23T17:37:47.665Z] runPostScanAnalysis started. Current nodes count: 0
[2026-08-23T17:37:47.665Z] runPostScanAnalysis started. Current nodes count: 0
[2026-08-23T17:37:47.665Z] runPostScanAnalysis started. Current nodes count: 0
[2026-08-23T17:37:47.665Z] runPostScanAnalysis started. Current nodes count: 0
[2026-08-23T17:37:47.666Z] runPostScanAnalysis started. Current nodes count: 0
[2026-08-23T17:37:47.666Z] runPostScanAnalysis started. Current nodes count: 0
[2026-08-23T17:37:47.666Z] runPostScanAnalysis started. Current nodes count: 0
[2026-08-23T17:37:47.666Z] runPostScanAnalysis started. Current nodes count: 0
[2026-08-23T17:37:47.666Z] runPostScanAnalysis started. Current nodes count: 0
[2026-08-23T17:37:47.666Z] runPostScanAnalysis started. Current nodes count: 0
[2026-08-23T17:37:47.666Z] runPostScanAnalysis started. Current nodes count: 0
[2026-08-23T17:37:47.666Z] runPostScanAnalysis started. Current nodes count: 0
[2026-08-23T17:37:47.666Z] runPostScanAnalysis started. Current nodes count: 0
[2026-08-23T17:37:47.666Z] runPostScanAnalysis started. Current nodes count: 0
[2026-08-23T17:37:47.666Z] runPostScanAnalysis started. Current nodes count: 0
[2026-08-23T17:37:47.666Z] runPostScanAnalysis started. Current nodes count: 0
[2026-08-23T17:37:47.666Z] runPostScanAnalysis started. Current nodes count: 0
[2026-08-23T17:37:47.666Z] runPostScanAnalysis started. Current nodes count: 0
[2026-08-23T17:37:47.666Z] runPostScanAnalysis started. Current nodes count: 0
[2026-08-23T17:37:47.666Z] runPostScanAnalysis started. Current nodes count: 0
[2026-08-23T17:37:47.666Z] runPostScanAnalysis started. Current nodes count: 0
[2026-08-23T17:37:47.666Z] runPostScanAnalysis started. Current nodes count: 0
[2026-08-23T17:37:47.666Z] runPostScanAnalysis started. Current nodes count: 0
[2026-08-23T17:37:47.666Z] runPostScanAnalysis started. Current nodes count: 0
[2026-08-23T17:37:47.667Z] runPostScanAnalysis started. Current nodes count: 0
[2026-08-23T17:37:47.667Z] runPostScanAnalysis started. Current nodes count: 0
[2026-08-23T17:37:47.667Z] runPostScanAnalysis started. Current nodes count: 0
[2026-08-23T17:37:47.667Z] runPostScanAnalysis started. Current nodes count: 0
[2026-08-23T17:37:47.667Z] runPostScanAnalysis started. Current nodes count: 0
[2026-08-23T17:37:47.667Z] runPostScanAnalysis started. Current nodes count: 0
[2026-08-23T17:37:47.667Z] runPostScanAnalysis started. Current nodes count: 0
[2026-08-23T17:37:47.667Z] runPostScanAnalysis started. Current nodes count: 0
[2026-08-23T17:37:47.667Z] runPostScanAnalysis started. Current nodes count: 0
[2026-08-23T17:37:47.667Z] runPostScanAnalysis started. Current nodes count: 0
[2026-08-23T17:37:47.667Z] runPostScanAnalysis started. Current nodes count: 0
[2026-08-23T17:37:47.667Z] runPostScanAnalysis started. Current nodes count: 0
[2026-08-23T17:37:47.667Z] runPostScanAnalysis started. Current nodes count: 0
[2026-08-23T17:37:47.667Z] runPostScanAnalysis started. Current nodes count: 0
[2026-08-23T17:37:47.667Z] runPostScanAnalysis started. Current nodes count: 0
[2026-08-23T17:37:47.667Z] runPostScanAnalysis started. Current nodes count: 0
[2026-08-23T17:37:47.667Z] runPostScanAnalysis started. Current nodes count: 0
[2026-08-23T17:37:47.667Z] runPostScanAnalysis started. Current nodes count: 0
[2026-08-23T17:37:47.667Z] runPostScanAnalysis started. Current nodes count: 0
[2026-08-23T17:37:47.667Z] runPostScanAnalysis started. Current nodes count: 0
[2026-08-23T17:37:47.667Z] runPostScanAnalysis started. Current nodes count: 0
[2026-08-23T17:37:47.667Z] runPostScanAnalysis started. Current nodes count: 0
[2026-08-23T17:37:47.667Z] runPostScanAnalysis started. Current nodes count: 0
[2026-08-23T17:37:47.667Z] runPostScanAnalysis started. Current nodes count: 0
[2026-08-23T17:37:47.668Z] runPostScanAnalysis started. Current nodes count: 0
[2026-08-23T17:37:47.668Z] runPostScanAnalysis started. Current nodes count: 0
[2026-08-23T17:37:47.668Z] runPostScanAnalysis started. Current nodes count: 0
[2026-08-23T17:37:47.668Z] runPostScanAnalysis started. Current nodes count: 0
[2026-08-23T17:37:47.668Z] runPostScanAnalysis started. Current nodes count: 0
[2026-08-23T17:37:47.668Z] runPostScanAnalysis started. Current nodes count: 0
[2026-08-23T17:37:47.668Z] runPostScanAnalysis started. Current nodes count: 0
[2026-08-23T17:37:47.668Z] runPostScanAnalysis started. Current nodes count: 0
[2026-08-23T17:37:47.668Z] runPostScanAnalysis started. Current nodes count: 0
[2026-08-23T17:37:47.668Z] runPostScanAnalysis started. Current nodes count: 0
[2026-08-23T17:37:47.668Z] runPostScanAnalysis started. Current nodes count: 0
[2026-08-23T17:37:47.668Z] runPostScanAnalysis started. Current nodes count: 0
[2026-08-23T17:37:47.668Z] runPostScanAnalysis started. Current nodes count: 0
[2026-08-23T17:37:47.668Z] runPostScanAnalysis started. Current nodes count: 0
[2026-08-23T17:37:47.668Z] runPostScanAnalysis started. Current nodes count: 0
[2026-08-23T17:37:47.668Z] runPostScanAnalysis started. Current nodes count: 0
[2026-08-23T17:37:47.668Z] runPostScanAnalysis started. Current nodes count: 0
[2026-08-23T17:37:47.668Z] runPostScanAnalysis started. Current nodes count: 0
[2026-08-23T17:37:47.668Z] runPostScanAnalysis started. Current nodes count: 0
[2026-08-23T17:37:47.668Z] runPostScanAnalysis started. Current nodes count: 0
[2026-08-23T17:37:47.668Z] runPostScanAnalysis started. Current nodes count: 0
[2026-08-23T17:37:47.669Z] runPostScanAnalysis started. Current nodes count: 0
[2026-08-23T17:37:47.669Z] runPostScanAnalysis started. Current nodes count: 0
[2026-08-23T17:37:47.669Z] runPostScanAnalysis started. Current nodes count: 0
[2026-08-23T17:37:47.669Z] runPostScanAnalysis started. Current nodes count: 0
[2026-08-23T17:37:47.669Z] runPostScanAnalysis started. Current nodes count: 0
[2026-08-23T17:37:47.669Z] runPostScanAnalysis started. Current nodes count: 0
[2026-08-23T17:37:47.669Z] runPostScanAnalysis started. Current nodes count: 0
[2026-08-23T17:37:47.669Z] runPostScanAnalysis started. Current nodes count: 0
[2026-08-23T17:37:47.669Z] runPostScanAnalysis started. Current nodes count: 0
[2026-08-23T17:37:47.669Z] runPostScanAnalysis started. Current nodes count: 0
[2026-08-23T17:37:47.669Z] runPostScanAnalysis started. Current nodes count: 0
[2026-08-23T17:37:47.669Z] runPostScanAnalysis started. Current nodes count: 0
[2026-08-23T17:37:47.669Z] runPostScanAnalysis started. Current nodes count: 0
[2026-08-23T17:37:47.669Z] runPostScanAnalysis started. Current nodes count: 0
[2026-08-23T17:37:47.669Z] runPostScanAnalysis started. Current nodes count: 0
[2026-08-23T17:37:47.669Z] runPostScanAnalysis started. Current nodes count: 0
[2026-08-23T17:37:47.669Z] runPostScanAnalysis started. Current nodes count: 0
[2026-08-23T17:37:47.669Z] runPostScanAnalysis started. Current nodes count: 0
[2026-08-23T17:37:47.669Z] runPostScanAnalysis started. Current nodes count: 0
[2026-08-23T17:37:47.669Z] runPostScanAnalysis started. Current nodes count: 0
[2026-08-23T17:37:47.669Z] runPostScanAnalysis started. Current nodes count: 0
[2026-08-23T17:37:47.669Z] runPostScanAnalysis started. Current nodes count: 0
[2026-08-23T17:37:47.669Z] runPostScanAnalysis started. Current nodes count: 0
[2026-08-23T17:37:47.669Z] runPostScanAnalysis started. Current nodes count: 0
[2026-08-23T17:37:47.670Z] runPostScanAnalysis started. Current nodes count: 0
[2026-08-23T17:37:47.671Z] No active DependencyGraphPanel webview open.
[2026-08-23T17:37:47.671Z] No active DependencyGraphPanel webview open.
[2026-08-23T17:37:47.672Z] No active DependencyGraphPanel webview open.
[2026-08-23T17:37:47.672Z] No active DependencyGraphPanel webview open.
[2026-08-23T17:37:47.672Z] No active DependencyGraphPanel webview open.
[2026-08-23T17:37:47.672Z] No active DependencyGraphPanel webview open.
[2026-08-23T17:37:47.672Z] No active DependencyGraphPanel webview open.
[2026-08-23T17:37:47.672Z] No active DependencyGraphPanel webview open.
[2026-08-23T17:37:47.673Z] No active DependencyGraphPanel webview open.
[2026-08-23T17:37:47.673Z] No active DependencyGraphPanel webview open.
[2026-08-23T17:37:47.673Z] No active DependencyGraphPanel webview open.
[2026-08-23T17:37:47.673Z] No active DependencyGraphPanel webview open.
[2026-08-23T17:37:47.673Z] No active DependencyGraphPanel webview open.
[2026-08-23T17:37:47.673Z] No active DependencyGraphPanel webview open.
[2026-08-23T17:37:47.673Z] No active DependencyGraphPanel webview open.
[2026-08-23T17:37:47.674Z] No active DependencyGraphPanel webview open.
[2026-08-23T17:37:47.674Z] No active DependencyGraphPanel webview open.
[2026-08-23T17:37:47.674Z] No active DependencyGraphPanel webview open.
[2026-08-23T17:37:47.674Z] No active DependencyGraphPanel webview open.
[2026-08-23T17:37:47.674Z] No active DependencyGraphPanel webview open.
[2026-08-23T17:37:47.674Z] No active DependencyGraphPanel webview open.
[2026-08-23T17:37:47.675Z] No active DependencyGraphPanel webview open.
[2026-08-23T17:37:47.675Z] No active DependencyGraphPanel webview open.
[2026-08-23T17:37:47.675Z] No active DependencyGraphPanel webview open.
[2026-08-23T17:37:47.675Z] No active DependencyGraphPanel webview open.
[2026-08-23T17:37:47.675Z] No active DependencyGraphPanel webview open.
[2026-08-23T17:37:47.675Z] No active DependencyGraphPanel webview open.
[2026-08-23T17:37:47.676Z] No active DependencyGraphPanel webview open.
[2026-08-23T17:37:47.676Z] No active DependencyGraphPanel webview open.
[2026-08-23T17:37:47.676Z] No active DependencyGraphPanel webview open.
[2026-08-23T17:37:47.676Z] No active DependencyGraphPanel webview open.
[2026-08-23T17:37:47.677Z] No active DependencyGraphPanel webview open.
[2026-08-23T17:37:47.677Z] No active DependencyGraphPanel webview open.
[2026-08-23T17:37:47.677Z] No active DependencyGraphPanel webview open.
[2026-08-23T17:37:47.677Z] No active DependencyGraphPanel webview open.
[2026-08-23T17:37:47.677Z] No active DependencyGraphPanel webview open.
[2026-08-23T17:37:47.677Z] No active DependencyGraphPanel webview open.
[2026-08-23T17:37:47.678Z] No active DependencyGraphPanel webview open.
[2026-08-23T17:37:47.678Z] No active DependencyGraphPanel webview open.
[2026-08-23T17:37:47.678Z] No active DependencyGraphPanel webview open.
[2026-08-23T17:37:47.678Z] No active DependencyGraphPanel webview open.
[2026-08-23T17:37:47.678Z] No active DependencyGraphPanel webview open.
[2026-08-23T17:37:47.678Z] No active DependencyGraphPanel webview open.
[2026-08-23T17:37:47.678Z] No active DependencyGraphPanel webview open.
[2026-08-23T17:37:47.679Z] No active DependencyGraphPanel webview open.
[2026-08-23T17:37:47.679Z] No active DependencyGraphPanel webview open.
[2026-08-23T17:37:47.679Z] No active DependencyGraphPanel webview open.
[2026-08-23T17:37:47.679Z] No active DependencyGraphPanel webview open.
[2026-08-23T17:37:47.679Z] No active DependencyGraphPanel webview open.
[2026-08-23T17:37:47.679Z] No active DependencyGraphPanel webview open.
[2026-08-23T17:37:47.679Z] No active DependencyGraphPanel webview open.
[2026-08-23T17:37:47.680Z] No active DependencyGraphPanel webview open.
[2026-08-23T17:37:47.680Z] No active DependencyGraphPanel webview open.
[2026-08-23T17:37:47.680Z] No active DependencyGraphPanel webview open.
[2026-08-23T17:37:47.680Z] No active DependencyGraphPanel webview open.
[2026-08-23T17:37:47.680Z] No active DependencyGraphPanel webview open.
[2026-08-23T17:37:47.680Z] No active DependencyGraphPanel webview open.
[2026-08-23T17:37:47.680Z] No active DependencyGraphPanel webview open.
[2026-08-23T17:37:47.681Z] No active DependencyGraphPanel webview open.
[2026-08-23T17:37:47.681Z] No active DependencyGraphPanel webview open.
[2026-08-23T17:37:47.681Z] No active DependencyGraphPanel webview open.
[2026-08-23T17:37:47.681Z] No active DependencyGraphPanel webview open.
[2026-08-23T17:37:47.681Z] No active DependencyGraphPanel webview open.
[2026-08-23T17:37:47.681Z] No active DependencyGraphPanel webview open.
[2026-08-23T17:37:47.682Z] No active DependencyGraphPanel webview open.
[2026-08-23T17:37:47.682Z] No active DependencyGraphPanel webview open.
[2026-08-23T17:37:47.682Z] No active DependencyGraphPanel webview open.
[2026-08-23T17:37:47.682Z] No active DependencyGraphPanel webview open.
[2026-08-23T17:37:47.682Z] No active DependencyGraphPanel webview open.
[2026-08-23T17:37:47.682Z] No active DependencyGraphPanel webview open.
[2026-08-23T17:37:47.683Z] No active DependencyGraphPanel webview open.
[2026-08-23T17:37:47.683Z] No active DependencyGraphPanel webview open.
[2026-08-23T17:37:47.683Z] No active DependencyGraphPanel webview open.
[2026-08-23T17:37:47.683Z] No active DependencyGraphPanel webview open.
[2026-08-23T17:37:47.683Z] No active DependencyGraphPanel webview open.
[2026-08-23T17:37:47.684Z] No active DependencyGraphPanel webview open.
[2026-08-23T17:37:47.684Z] No active DependencyGraphPanel webview open.
[2026-08-23T17:37:47.684Z] No active DependencyGraphPanel webview open.
[2026-08-23T17:37:47.685Z] No active DependencyGraphPanel webview open.
[2026-08-23T17:37:47.685Z] No active DependencyGraphPanel webview open.
[2026-08-23T17:37:47.685Z] No active DependencyGraphPanel webview open.
[2026-08-23T17:37:47.686Z] No active DependencyGraphPanel webview open.
[2026-08-23T17:37:47.686Z] No active DependencyGraphPanel webview open.
[2026-08-23T17:37:47.686Z] No active DependencyGraphPanel webview open.
[2026-08-23T17:37:47.686Z] No active DependencyGraphPanel webview open.
[2026-08-23T17:37:47.686Z] No active DependencyGraphPanel webview open.
[2026-08-23T17:37:47.686Z] No active DependencyGraphPanel webview open.
[2026-08-23T17:37:47.686Z] No active DependencyGraphPanel webview open.
[2026-08-23T17:37:47.687Z] No active DependencyGraphPanel webview open.
[2026-08-23T17:37:47.687Z] No active DependencyGraphPanel webview open.
[2026-08-23T17:37:47.687Z] No active DependencyGraphPanel webview open.
[2026-08-23T17:37:47.687Z] No active DependencyGraphPanel webview open.
[2026-08-23T17:37:47.687Z] No active DependencyGraphPanel webview open.
[2026-08-23T17:37:47.687Z] No active DependencyGraphPanel webview open.
[2026-08-23T17:37:47.687Z] No active DependencyGraphPanel webview open.
[2026-08-23T17:37:47.688Z] No active DependencyGraphPanel webview open.
[2026-08-23T17:37:47.688Z] No active DependencyGraphPanel webview open.
[2026-08-23T17:37:47.688Z] No active DependencyGraphPanel webview open.
[2026-08-23T17:37:47.688Z] No active DependencyGraphPanel webview open.
[2026-08-23T17:37:47.688Z] No active DependencyGraphPanel webview open.
[2026-08-23T17:37:47.688Z] No active DependencyGraphPanel webview open.
[2026-08-23T17:37:47.688Z] No active DependencyGraphPanel webview open.
[2026-08-23T17:37:47.688Z] No active DependencyGraphPanel webview open.
[2026-08-23T17:37:47.689Z] No active DependencyGraphPanel webview open.
[2026-08-23T17:37:47.689Z] No active DependencyGraphPanel webview open.
[2026-08-23T17:37:47.689Z] No active DependencyGraphPanel webview open.
[2026-08-23T17:37:47.689Z] No active DependencyGraphPanel webview open.
[2026-08-23T17:37:47.689Z] No active DependencyGraphPanel webview open.
[2026-08-23T17:37:47.689Z] No active DependencyGraphPanel webview open.
[2026-08-23T17:37:47.689Z] No active DependencyGraphPanel webview open.
[2026-08-23T17:37:47.690Z] No active DependencyGraphPanel webview open.
[2026-08-23T17:37:47.690Z] No active DependencyGraphPanel webview open.
[2026-08-23T17:37:47.690Z] No active DependencyGraphPanel webview open.
[2026-08-23T17:37:47.690Z] No active DependencyGraphPanel webview open.
[2026-08-23T17:37:47.690Z] No active DependencyGraphPanel webview open.
[2026-08-23T17:37:47.690Z] No active DependencyGraphPanel webview open.
[2026-08-23T17:37:47.691Z] No active DependencyGraphPanel webview open.
[2026-08-23T17:37:47.691Z] No active DependencyGraphPanel webview open.
[2026-08-23T17:37:47.691Z] No active DependencyGraphPanel webview open.
[2026-08-23T17:37:47.691Z] No active DependencyGraphPanel webview open.
[2026-08-23T17:37:47.691Z] No active DependencyGraphPanel webview open.
[2026-08-23T17:37:47.691Z] No active DependencyGraphPanel webview open.
[2026-08-23T17:37:47.692Z] No active DependencyGraphPanel webview open.
[2026-08-23T17:37:47.692Z] No active DependencyGraphPanel webview open.
[2026-08-23T17:37:47.692Z] No active DependencyGraphPanel webview open.
[2026-08-23T17:37:47.692Z] No active DependencyGraphPanel webview open.
[2026-08-23T17:37:47.692Z] No active DependencyGraphPanel webview open.
[2026-08-23T17:37:47.692Z] No active DependencyGraphPanel webview open.
[2026-08-23T17:37:47.692Z] No active DependencyGraphPanel webview open.
[2026-08-23T17:37:47.692Z] No active DependencyGraphPanel webview open.
[2026-08-23T17:37:47.693Z] No active DependencyGraphPanel webview open.
[2026-08-23T17:37:47.693Z] No active DependencyGraphPanel webview open.
[2026-08-23T17:37:47.693Z] No active DependencyGraphPanel webview open.
[2026-08-23T17:37:47.693Z] No active DependencyGraphPanel webview open.
[2026-08-23T17:37:47.693Z] No active DependencyGraphPanel webview open.
[2026-08-23T17:37:47.693Z] No active DependencyGraphPanel webview open.
[2026-08-23T17:37:47.693Z] No active DependencyGraphPanel webview open.
[2026-08-23T17:37:47.694Z] No active DependencyGraphPanel webview open.
[2026-08-23T17:37:47.694Z] No active DependencyGraphPanel webview open.
[2026-08-23T17:37:47.694Z] No active DependencyGraphPanel webview open.
[2026-08-23T17:37:47.694Z] No active DependencyGraphPanel webview open.
[2026-08-23T17:37:47.694Z] No active DependencyGraphPanel webview open.
[2026-08-23T17:37:47.695Z] No active DependencyGraphPanel webview open.
[2026-08-23T17:37:47.695Z] No active DependencyGraphPanel webview open.
[2026-08-23T17:37:47.695Z] No active DependencyGraphPanel webview open.
[2026-08-23T17:37:47.695Z] No active DependencyGraphPanel webview open.
[2026-08-23T17:37:47.695Z] No active DependencyGraphPanel webview open.
[2026-08-23T17:37:47.696Z] No active DependencyGraphPanel webview open.
[2026-08-23T17:37:47.696Z] No active DependencyGraphPanel webview open.
[2026-08-23T17:37:47.696Z] No active DependencyGraphPanel webview open.
[2026-08-23T17:37:47.696Z] No active DependencyGraphPanel webview open.
[2026-08-23T17:37:47.696Z] No active DependencyGraphPanel webview open.
[2026-08-23T17:37:47.696Z] No active DependencyGraphPanel webview open.
[2026-08-23T17:37:47.697Z] No active DependencyGraphPanel webview open.
[2026-08-23T17:37:47.697Z] No active DependencyGraphPanel webview open.
[2026-08-23T17:37:47.697Z] No active DependencyGraphPanel webview open.
[2026-08-23T17:37:47.697Z] No active DependencyGraphPanel webview open.
[2026-08-23T17:37:47.697Z] No active DependencyGraphPanel webview open.
[2026-08-23T17:37:47.697Z] No active DependencyGraphPanel webview open.
[2026-08-23T17:37:47.697Z] No active DependencyGraphPanel webview open.
[2026-08-23T17:37:47.698Z] No active DependencyGraphPanel webview open.
[2026-08-23T17:37:47.698Z] No active DependencyGraphPanel webview open.
[2026-08-23T17:37:47.698Z] No active DependencyGraphPanel webview open.
[2026-08-23T17:37:47.698Z] No active DependencyGraphPanel webview open.
[2026-08-23T17:37:47.698Z] No active DependencyGraphPanel webview open.
[2026-08-23T17:37:47.698Z] No active DependencyGraphPanel webview open.
[2026-08-23T17:37:47.698Z] No active DependencyGraphPanel webview open.
[2026-08-23T17:37:47.698Z] No active DependencyGraphPanel webview open.
[2026-08-23T17:37:47.699Z] No active DependencyGraphPanel webview open.
[2026-08-23T17:37:47.699Z] No active DependencyGraphPanel webview open.
[2026-08-23T17:37:47.699Z] No active DependencyGraphPanel webview open.
[2026-08-23T17:37:47.699Z] No active DependencyGraphPanel webview open.
[2026-08-23T17:37:47.699Z] No active DependencyGraphPanel webview open.
[2026-08-23T17:37:47.700Z] No active DependencyGraphPanel webview open.
[2026-08-23T17:37:47.700Z] No active DependencyGraphPanel webview open.
[2026-08-23T17:37:47.700Z] No active DependencyGraphPanel webview open.
[2026-08-23T17:37:47.700Z] No active DependencyGraphPanel webview open.
[2026-08-23T17:37:47.700Z] No active DependencyGraphPanel webview open.
[2026-08-23T17:37:47.700Z] No active DependencyGraphPanel webview open.
[2026-08-23T17:37:47.701Z] No active DependencyGraphPanel webview open.
[2026-08-23T17:37:47.701Z] No active DependencyGraphPanel webview open.
[2026-08-23T17:37:47.701Z] No active DependencyGraphPanel webview open.
[2026-08-23T17:37:47.701Z] No active DependencyGraphPanel webview open.
[2026-08-23T17:37:47.701Z] No active DependencyGraphPanel webview open.
[2026-08-23T17:37:47.702Z] No active DependencyGraphPanel webview open.
[2026-08-23T17:37:47.702Z] No active DependencyGraphPanel webview open.
[2026-08-23T17:37:47.702Z] No active DependencyGraphPanel webview open.
[2026-08-23T17:37:47.702Z] No active DependencyGraphPanel webview open.
[2026-08-23T17:37:47.703Z] No active DependencyGraphPanel webview open.
[2026-08-23T17:37:47.703Z] No active DependencyGraphPanel webview open.
[2026-08-23T17:37:47.703Z] No active DependencyGraphPanel webview open.
[2026-08-23T17:37:47.703Z] No active DependencyGraphPanel webview open.
[2026-08-23T17:37:47.703Z] No active DependencyGraphPanel webview open.
[2026-08-23T17:37:47.703Z] No active DependencyGraphPanel webview open.
[2026-08-23T17:37:47.703Z] No active DependencyGraphPanel webview open.
[2026-08-23T17:37:47.704Z] No active DependencyGraphPanel webview open.
[2026-08-23T17:37:47.704Z] No active DependencyGraphPanel webview open.
[2026-08-23T17:37:47.704Z] No active DependencyGraphPanel webview open.
[2026-08-23T17:37:47.704Z] No active DependencyGraphPanel webview open.
[2026-08-23T17:37:47.704Z] No active DependencyGraphPanel webview open.
[2026-08-23T17:37:47.704Z] No active DependencyGraphPanel webview open.
[2026-08-23T17:37:47.705Z] No active DependencyGraphPanel webview open.
[2026-08-23T17:37:47.705Z] No active DependencyGraphPanel webview open.
[2026-08-23T17:37:47.705Z] No active DependencyGraphPanel webview open.
[2026-08-23T17:37:47.705Z] No active DependencyGraphPanel webview open.
[2026-08-23T17:37:47.705Z] No active DependencyGraphPanel webview open.
[2026-08-23T17:37:47.706Z] No active DependencyGraphPanel webview open.
[2026-08-23T17:37:47.706Z] No active DependencyGraphPanel webview open.
[2026-08-23T17:37:47.706Z] No active DependencyGraphPanel webview open.
[2026-08-23T17:37:47.706Z] No active DependencyGraphPanel webview open.
[2026-08-23T17:37:47.706Z] No active DependencyGraphPanel webview open.
[2026-08-23T17:37:47.706Z] No active DependencyGraphPanel webview open.
[2026-08-23T17:37:47.706Z] No active DependencyGraphPanel webview open.
[2026-08-23T17:37:47.716Z] No active DependencyGraphPanel webview open.
[2026-08-23T17:37:47.766Z] runPostScanAnalysis started. Current nodes count: 1
[2026-08-23T17:37:47.781Z] runPostScanAnalysis started. Current nodes count: 2
[2026-08-23T17:37:47.796Z] runPostScanAnalysis started. Current nodes count: 3
[2026-08-23T17:37:47.813Z] runPostScanAnalysis started. Current nodes count: 4
[2026-08-23T17:37:47.828Z] runPostScanAnalysis started. Current nodes count: 5
[2026-08-23T17:37:47.841Z] runPostScanAnalysis started. Current nodes count: 6
[2026-08-23T17:37:47.855Z] runPostScanAnalysis started. Current nodes count: 7
[2026-08-23T17:37:47.870Z] runPostScanAnalysis started. Current nodes count: 8
[2026-08-23T17:37:47.884Z] runPostScanAnalysis started. Current nodes count: 9
[2026-08-23T17:37:47.900Z] runPostScanAnalysis started. Current nodes count: 10
[2026-08-23T17:37:47.914Z] runPostScanAnalysis started. Current nodes count: 11
[2026-08-23T17:37:47.928Z] runPostScanAnalysis started. Current nodes count: 12
[2026-08-23T17:37:47.943Z] runPostScanAnalysis started. Current nodes count: 13
[2026-08-23T17:37:47.958Z] runPostScanAnalysis started. Current nodes count: 14
[2026-08-23T17:37:47.974Z] runPostScanAnalysis started. Current nodes count: 15
[2026-08-23T17:37:47.990Z] runPostScanAnalysis started. Current nodes count: 16
[2026-08-23T17:37:48.006Z] runPostScanAnalysis started. Current nodes count: 17
[2026-08-23T17:37:48.023Z] runPostScanAnalysis started. Current nodes count: 18
[2026-08-23T17:37:48.038Z] runPostScanAnalysis started. Current nodes count: 19
[2026-08-23T17:37:48.053Z] runPostScanAnalysis started. Current nodes count: 20
[2026-08-23T17:37:48.069Z] runPostScanAnalysis started. Current nodes count: 21
[2026-08-23T17:37:48.086Z] runPostScanAnalysis started. Current nodes count: 22
[2026-08-23T17:37:48.102Z] runPostScanAnalysis started. Current nodes count: 23
[2026-08-23T17:37:48.131Z] runPostScanAnalysis started. Current nodes count: 24
[2026-08-23T17:37:48.147Z] runPostScanAnalysis started. Current nodes count: 25
[2026-08-23T17:37:48.162Z] runPostScanAnalysis started. Current nodes count: 26
[2026-08-23T17:37:48.179Z] runPostScanAnalysis started. Current nodes count: 27
[2026-08-23T17:37:48.196Z] runPostScanAnalysis started. Current nodes count: 28
[2026-08-23T17:37:48.211Z] runPostScanAnalysis started. Current nodes count: 29
[2026-08-23T17:37:48.226Z] runPostScanAnalysis started. Current nodes count: 30
[2026-08-23T17:37:48.241Z] runPostScanAnalysis started. Current nodes count: 31
[2026-08-23T17:37:48.256Z] runPostScanAnalysis started. Current nodes count: 32
[2026-08-23T17:37:48.271Z] runPostScanAnalysis started. Current nodes count: 33
[2026-08-23T17:37:48.286Z] runPostScanAnalysis started. Current nodes count: 34
[2026-08-23T17:37:48.303Z] runPostScanAnalysis started. Current nodes count: 35
[2026-08-23T17:37:48.320Z] runPostScanAnalysis started. Current nodes count: 36
[2026-08-23T17:37:48.335Z] runPostScanAnalysis started. Current nodes count: 37
[2026-08-23T17:37:48.351Z] runPostScanAnalysis started. Current nodes count: 38
[2026-08-23T17:37:48.367Z] runPostScanAnalysis started. Current nodes count: 39
[2026-08-23T17:37:48.384Z] runPostScanAnalysis started. Current nodes count: 40
[2026-08-23T17:37:48.406Z] runPostScanAnalysis started. Current nodes count: 41
[2026-08-23T17:37:48.421Z] runPostScanAnalysis started. Current nodes count: 42
[2026-08-23T17:37:48.437Z] runPostScanAnalysis started. Current nodes count: 43
[2026-08-23T17:37:48.453Z] runPostScanAnalysis started. Current nodes count: 44
[2026-08-23T17:37:48.468Z] runPostScanAnalysis started. Current nodes count: 45
[2026-08-23T17:37:48.483Z] runPostScanAnalysis started. Current nodes count: 46
[2026-08-23T17:37:48.499Z] runPostScanAnalysis started. Current nodes count: 47
[2026-08-23T17:37:48.515Z] runPostScanAnalysis started. Current nodes count: 48
[2026-08-23T17:37:48.532Z] runPostScanAnalysis started. Current nodes count: 49
[2026-08-23T17:37:48.549Z] runPostScanAnalysis started. Current nodes count: 50
[2026-08-23T17:37:48.566Z] runPostScanAnalysis started. Current nodes count: 51
[2026-08-23T17:37:48.583Z] runPostScanAnalysis started. Current nodes count: 52
[2026-08-23T17:37:48.599Z] runPostScanAnalysis started. Current nodes count: 53
[2026-08-23T17:37:48.617Z] runPostScanAnalysis started. Current nodes count: 54
[2026-08-23T17:37:48.633Z] runPostScanAnalysis started. Current nodes count: 55
[2026-08-23T17:37:48.648Z] runPostScanAnalysis started. Current nodes count: 56
[2026-08-23T17:37:48.665Z] runPostScanAnalysis started. Current nodes count: 57
[2026-08-23T17:37:48.679Z] runPostScanAnalysis started. Current nodes count: 58
[2026-08-23T17:37:48.696Z] runPostScanAnalysis started. Current nodes count: 59
[2026-08-23T17:37:48.709Z] runPostScanAnalysis started. Current nodes count: 60
[2026-08-23T17:37:48.723Z] runPostScanAnalysis started. Current nodes count: 61
[2026-08-23T17:37:48.739Z] runPostScanAnalysis started. Current nodes count: 62
[2026-08-23T17:37:48.752Z] runPostScanAnalysis started. Current nodes count: 63
[2026-08-23T17:37:48.766Z] runPostScanAnalysis started. Current nodes count: 64
[2026-08-23T17:37:48.780Z] runPostScanAnalysis started. Current nodes count: 65
[2026-08-23T17:37:48.793Z] runPostScanAnalysis started. Current nodes count: 66
[2026-08-23T17:37:48.806Z] runPostScanAnalysis started. Current nodes count: 67
[2026-08-23T17:37:48.819Z] runPostScanAnalysis started. Current nodes count: 68
[2026-08-23T17:37:48.833Z] runPostScanAnalysis started. Current nodes count: 69
[2026-08-23T17:37:48.846Z] runPostScanAnalysis started. Current nodes count: 70
[2026-08-23T17:37:48.860Z] runPostScanAnalysis started. Current nodes count: 71
[2026-08-23T17:37:48.874Z] runPostScanAnalysis started. Current nodes count: 72
[2026-08-23T17:37:48.889Z] runPostScanAnalysis started. Current nodes count: 73
[2026-08-23T17:37:48.905Z] runPostScanAnalysis started. Current nodes count: 74
[2026-08-23T17:37:48.920Z] runPostScanAnalysis started. Current nodes count: 75
[2026-08-23T17:37:48.935Z] runPostScanAnalysis started. Current nodes count: 76
[2026-08-23T17:37:48.950Z] runPostScanAnalysis started. Current nodes count: 77
[2026-08-23T17:37:48.966Z] runPostScanAnalysis started. Current nodes count: 78
[2026-08-23T17:37:48.981Z] runPostScanAnalysis started. Current nodes count: 79
[2026-08-23T17:37:48.997Z] runPostScanAnalysis started. Current nodes count: 80
[2026-08-23T17:37:49.013Z] runPostScanAnalysis started. Current nodes count: 81
[2026-08-23T17:37:49.030Z] runPostScanAnalysis started. Current nodes count: 82
[2026-08-23T17:37:49.047Z] runPostScanAnalysis started. Current nodes count: 83
[2026-08-23T17:37:49.064Z] runPostScanAnalysis started. Current nodes count: 84
[2026-08-23T17:37:49.081Z] runPostScanAnalysis started. Current nodes count: 85
[2026-08-23T17:37:49.097Z] runPostScanAnalysis started. Current nodes count: 86
[2026-08-23T17:37:49.112Z] runPostScanAnalysis started. Current nodes count: 87
[2026-08-23T17:37:49.134Z] runPostScanAnalysis started. Current nodes count: 88
[2026-08-23T17:37:49.156Z] runPostScanAnalysis started. Current nodes count: 89
[2026-08-23T17:37:49.175Z] runPostScanAnalysis started. Current nodes count: 90
[2026-08-23T17:37:49.195Z] runPostScanAnalysis started. Current nodes count: 91
[2026-08-23T17:37:49.211Z] runPostScanAnalysis started. Current nodes count: 92
[2026-08-23T17:37:49.226Z] runPostScanAnalysis started. Current nodes count: 93
[2026-08-23T17:37:49.242Z] runPostScanAnalysis started. Current nodes count: 94
[2026-08-23T17:37:49.258Z] runPostScanAnalysis started. Current nodes count: 95
[2026-08-23T17:37:49.273Z] runPostScanAnalysis started. Current nodes count: 96
[2026-08-23T17:37:49.289Z] runPostScanAnalysis started. Current nodes count: 97
[2026-08-23T17:37:49.305Z] runPostScanAnalysis started. Current nodes count: 98
[2026-08-23T17:37:49.321Z] runPostScanAnalysis started. Current nodes count: 99
[2026-08-23T17:37:49.338Z] runPostScanAnalysis started. Current nodes count: 100
[2026-08-23T17:37:49.354Z] runPostScanAnalysis started. Current nodes count: 101
[2026-08-23T17:37:49.371Z] runPostScanAnalysis started. Current nodes count: 102
[2026-08-23T17:37:49.387Z] runPostScanAnalysis started. Current nodes count: 103
[2026-08-23T17:37:49.403Z] runPostScanAnalysis started. Current nodes count: 104
[2026-08-23T17:37:49.432Z] runPostScanAnalysis started. Current nodes count: 105
[2026-08-23T17:37:49.446Z] runPostScanAnalysis started. Current nodes count: 106
[2026-08-23T17:37:49.460Z] runPostScanAnalysis started. Current nodes count: 107
[2026-08-23T17:37:49.474Z] runPostScanAnalysis started. Current nodes count: 108
[2026-08-23T17:37:49.487Z] runPostScanAnalysis started. Current nodes count: 109
[2026-08-23T17:37:49.501Z] runPostScanAnalysis started. Current nodes count: 110
[2026-08-23T17:37:49.514Z] runPostScanAnalysis started. Current nodes count: 111
[2026-08-23T17:37:49.529Z] runPostScanAnalysis started. Current nodes count: 112
[2026-08-23T17:37:49.543Z] runPostScanAnalysis started. Current nodes count: 113
[2026-08-23T17:37:49.558Z] runPostScanAnalysis started. Current nodes count: 114
[2026-08-23T17:37:49.574Z] runPostScanAnalysis started. Current nodes count: 115
[2026-08-23T17:37:49.590Z] runPostScanAnalysis started. Current nodes count: 116
[2026-08-23T17:37:49.608Z] runPostScanAnalysis started. Current nodes count: 117
[2026-08-23T17:37:49.626Z] runPostScanAnalysis started. Current nodes count: 118
[2026-08-23T17:37:49.643Z] runPostScanAnalysis started. Current nodes count: 119
[2026-08-23T17:37:49.660Z] runPostScanAnalysis started. Current nodes count: 120
[2026-08-23T17:37:49.677Z] runPostScanAnalysis started. Current nodes count: 121
[2026-08-23T17:37:49.694Z] runPostScanAnalysis started. Current nodes count: 122
[2026-08-23T17:37:49.711Z] runPostScanAnalysis started. Current nodes count: 123
[2026-08-23T17:37:49.728Z] runPostScanAnalysis started. Current nodes count: 124
[2026-08-23T17:37:49.744Z] runPostScanAnalysis started. Current nodes count: 125
[2026-08-23T17:37:49.760Z] runPostScanAnalysis started. Current nodes count: 126
[2026-08-23T17:37:49.775Z] runPostScanAnalysis started. Current nodes count: 127
[2026-08-23T17:37:49.792Z] runPostScanAnalysis started. Current nodes count: 128
[2026-08-23T17:37:49.808Z] runPostScanAnalysis started. Current nodes count: 129
[2026-08-23T17:37:49.824Z] runPostScanAnalysis started. Current nodes count: 130
[2026-08-23T17:37:49.840Z] runPostScanAnalysis started. Current nodes count: 131
[2026-08-23T17:37:49.857Z] runPostScanAnalysis started. Current nodes count: 132
[2026-08-23T17:37:49.873Z] runPostScanAnalysis started. Current nodes count: 133
[2026-08-23T17:37:49.888Z] runPostScanAnalysis started. Current nodes count: 134
[2026-08-23T17:37:49.903Z] runPostScanAnalysis started. Current nodes count: 135
[2026-08-23T17:37:49.919Z] runPostScanAnalysis started. Current nodes count: 136
[2026-08-23T17:37:49.933Z] runPostScanAnalysis started. Current nodes count: 137
[2026-08-23T17:37:49.946Z] runPostScanAnalysis started. Current nodes count: 138
[2026-08-23T17:37:49.960Z] runPostScanAnalysis started. Current nodes count: 139
[2026-08-23T17:37:49.974Z] runPostScanAnalysis started. Current nodes count: 140
[2026-08-23T17:37:49.990Z] runPostScanAnalysis started. Current nodes count: 141
[2026-08-23T17:37:50.005Z] runPostScanAnalysis started. Current nodes count: 142
[2026-08-23T17:37:50.020Z] runPostScanAnalysis started. Current nodes count: 143
[2026-08-23T17:37:50.039Z] runPostScanAnalysis started. Current nodes count: 144
[2026-08-23T17:37:50.058Z] runPostScanAnalysis started. Current nodes count: 145
[2026-08-23T17:37:50.074Z] runPostScanAnalysis started. Current nodes count: 146
[2026-08-23T17:37:50.091Z] runPostScanAnalysis started. Current nodes count: 147
[2026-08-23T17:37:50.107Z] runPostScanAnalysis started. Current nodes count: 148
[2026-08-23T17:37:50.122Z] runPostScanAnalysis started. Current nodes count: 149
[2026-08-23T17:37:50.140Z] runPostScanAnalysis started. Current nodes count: 150
[2026-08-23T17:37:50.159Z] runPostScanAnalysis started. Current nodes count: 151
[2026-08-23T17:37:50.175Z] runPostScanAnalysis started. Current nodes count: 152
[2026-08-23T17:37:50.191Z] runPostScanAnalysis started. Current nodes count: 153
[2026-08-23T17:37:50.206Z] runPostScanAnalysis started. Current nodes count: 154
[2026-08-23T17:37:50.220Z] runPostScanAnalysis started. Current nodes count: 155
[2026-08-23T17:37:50.236Z] runPostScanAnalysis started. Current nodes count: 156
[2026-08-23T17:37:50.252Z] runPostScanAnalysis started. Current nodes count: 157
[2026-08-23T17:37:50.265Z] runPostScanAnalysis started. Current nodes count: 158
[2026-08-23T17:37:50.280Z] runPostScanAnalysis started. Current nodes count: 159
[2026-08-23T17:37:50.298Z] runPostScanAnalysis started. Current nodes count: 160
[2026-08-23T17:37:50.313Z] runPostScanAnalysis started. Current nodes count: 161
[2026-08-23T17:37:50.332Z] runPostScanAnalysis started. Current nodes count: 162
[2026-08-23T17:37:50.351Z] runPostScanAnalysis started. Current nodes count: 163
[2026-08-23T17:37:50.369Z] runPostScanAnalysis started. Current nodes count: 164
[2026-08-23T17:37:50.384Z] runPostScanAnalysis started. Current nodes count: 165
[2026-08-23T17:37:50.398Z] runPostScanAnalysis started. Current nodes count: 166
[2026-08-23T17:37:50.422Z] runPostScanAnalysis started. Current nodes count: 167
[2026-08-23T17:37:50.440Z] runPostScanAnalysis started. Current nodes count: 168
[2026-08-23T17:37:50.455Z] runPostScanAnalysis started. Current nodes count: 169
[2026-08-23T17:37:50.470Z] runPostScanAnalysis started. Current nodes count: 170
[2026-08-23T17:37:50.484Z] runPostScanAnalysis started. Current nodes count: 171
[2026-08-23T17:37:50.499Z] runPostScanAnalysis started. Current nodes count: 172
[2026-08-23T17:37:50.513Z] runPostScanAnalysis started. Current nodes count: 173
[2026-08-23T17:37:50.533Z] runPostScanAnalysis started. Current nodes count: 174
[2026-08-23T17:37:50.547Z] runPostScanAnalysis started. Current nodes count: 175
[2026-08-23T17:37:50.561Z] runPostScanAnalysis started. Current nodes count: 176
[2026-08-23T17:37:50.575Z] runPostScanAnalysis started. Current nodes count: 177
[2026-08-23T17:37:50.590Z] runPostScanAnalysis started. Current nodes count: 178
[2026-08-23T17:37:50.604Z] runPostScanAnalysis started. Current nodes count: 179
[2026-08-23T17:37:50.619Z] runPostScanAnalysis started. Current nodes count: 180
[2026-08-23T17:37:50.633Z] runPostScanAnalysis started. Current nodes count: 181
[2026-08-23T17:37:50.648Z] runPostScanAnalysis started. Current nodes count: 182
[2026-08-23T17:37:50.664Z] runPostScanAnalysis started. Current nodes count: 183
[2026-08-23T17:37:50.678Z] runPostScanAnalysis started. Current nodes count: 184
[2026-08-23T17:37:50.694Z] runPostScanAnalysis started. Current nodes count: 185
[2026-08-23T17:37:50.715Z] runPostScanAnalysis started. Current nodes count: 186
[2026-08-23T17:37:50.730Z] runPostScanAnalysis started. Current nodes count: 187
[2026-08-23T17:37:50.746Z] runPostScanAnalysis started. Current nodes count: 188
[2026-08-23T17:37:50.762Z] runPostScanAnalysis started. Current nodes count: 189
[2026-08-23T17:37:50.777Z] runPostScanAnalysis started. Current nodes count: 190
[2026-08-23T17:37:50.793Z] runPostScanAnalysis started. Current nodes count: 191
[2026-08-23T17:37:50.808Z] runPostScanAnalysis started. Current nodes count: 192
[2026-08-23T17:37:50.823Z] runPostScanAnalysis started. Current nodes count: 193
[2026-08-23T17:37:50.839Z] runPostScanAnalysis started. Current nodes count: 194
[2026-08-23T17:37:50.855Z] runPostScanAnalysis started. Current nodes count: 195
[2026-08-23T17:37:50.874Z] runPostScanAnalysis started. Current nodes count: 196
[2026-08-23T17:37:50.888Z] runPostScanAnalysis started. Current nodes count: 197
[2026-08-23T17:37:50.904Z] runPostScanAnalysis started. Current nodes count: 198
[2026-08-23T17:37:50.919Z] runPostScanAnalysis started. Current nodes count: 199
[2026-08-23T17:37:50.934Z] runPostScanAnalysis started. Current nodes count: 200
[2026-08-23T17:37:50.949Z] runPostScanAnalysis started. Current nodes count: 201
[2026-08-23T17:37:50.965Z] runPostScanAnalysis started. Current nodes count: 202
[2026-08-23T17:37:50.982Z] runPostScanAnalysis started. Current nodes count: 203
[2026-08-23T17:37:50.998Z] runPostScanAnalysis started. Current nodes count: 204
[2026-08-23T17:37:51.015Z] runPostScanAnalysis started. Current nodes count: 205
[2026-08-23T17:37:51.030Z] runPostScanAnalysis started. Current nodes count: 206
[2026-08-23T17:37:51.045Z] runPostScanAnalysis started. Current nodes count: 207
[2026-08-23T17:37:51.062Z] runPostScanAnalysis started. Current nodes count: 208
[2026-08-23T17:37:51.078Z] runPostScanAnalysis started. Current nodes count: 209
[2026-08-23T17:37:51.094Z] runPostScanAnalysis started. Current nodes count: 210
[2026-08-23T17:37:51.109Z] runPostScanAnalysis started. Current nodes count: 211
[2026-08-23T17:37:51.125Z] runPostScanAnalysis started. Current nodes count: 212
[2026-08-23T17:37:51.142Z] runPostScanAnalysis started. Current nodes count: 213
[2026-08-23T17:37:51.160Z] runPostScanAnalysis started. Current nodes count: 214
[2026-08-23T17:37:51.175Z] runPostScanAnalysis started. Current nodes count: 215
[2026-08-23T17:37:51.191Z] runPostScanAnalysis started. Current nodes count: 216
[2026-08-23T17:37:51.208Z] runPostScanAnalysis started. Current nodes count: 217
[2026-08-23T17:37:51.223Z] runPostScanAnalysis started. Current nodes count: 218
[2026-08-23T17:37:51.239Z] runPostScanAnalysis started. Current nodes count: 219
[2026-08-23T17:37:51.255Z] runPostScanAnalysis started. Current nodes count: 220
[2026-08-23T17:37:51.271Z] runPostScanAnalysis started. Current nodes count: 221
[2026-08-23T17:37:51.287Z] runPostScanAnalysis started. Current nodes count: 222
[2026-08-23T17:37:51.304Z] runPostScanAnalysis started. Current nodes count: 223
[2026-08-23T17:37:51.321Z] runPostScanAnalysis started. Current nodes count: 224
[2026-08-23T17:37:51.338Z] runPostScanAnalysis started. Current nodes count: 225
[2026-08-23T17:37:51.354Z] runPostScanAnalysis started. Current nodes count: 226
[2026-08-23T17:37:51.367Z] runPostScanAnalysis started. Current nodes count: 227
[2026-08-23T17:37:51.383Z] runPostScanAnalysis started. Current nodes count: 228
[2026-08-23T17:37:51.399Z] runPostScanAnalysis started. Current nodes count: 229
[2026-08-23T17:37:51.413Z] runPostScanAnalysis started. Current nodes count: 230
[2026-08-23T17:37:51.428Z] runPostScanAnalysis started. Current nodes count: 231
[2026-08-23T17:37:51.448Z] runPostScanAnalysis started. Current nodes count: 232
[2026-08-23T17:37:51.464Z] runPostScanAnalysis started. Current nodes count: 233
[2026-08-23T17:37:51.480Z] runPostScanAnalysis started. Current nodes count: 234
[2026-08-23T17:37:51.501Z] runPostScanAnalysis started. Current nodes count: 235
[2026-08-23T17:37:51.517Z] runPostScanAnalysis started. Current nodes count: 236
[2026-08-23T17:37:51.533Z] runPostScanAnalysis started. Current nodes count: 237
[2026-08-23T17:37:51.549Z] runPostScanAnalysis started. Current nodes count: 238
[2026-08-23T17:37:51.563Z] runPostScanAnalysis started. Current nodes count: 239
[2026-08-23T17:37:51.582Z] runPostScanAnalysis started. Current nodes count: 240
[2026-08-23T17:37:51.601Z] runPostScanAnalysis started. Current nodes count: 241
[2026-08-23T17:37:51.618Z] runPostScanAnalysis started. Current nodes count: 242
[2026-08-23T17:37:51.638Z] runPostScanAnalysis started. Current nodes count: 243
[2026-08-23T17:37:51.656Z] runPostScanAnalysis started. Current nodes count: 244
[2026-08-23T17:37:51.677Z] runPostScanAnalysis started. Current nodes count: 245
[2026-08-23T17:37:51.695Z] runPostScanAnalysis started. Current nodes count: 246
[2026-08-23T17:37:51.714Z] runPostScanAnalysis started. Current nodes count: 247
[2026-08-23T17:37:51.734Z] runPostScanAnalysis started. Current nodes count: 248
[2026-08-23T17:37:51.752Z] runPostScanAnalysis started. Current nodes count: 249
[2026-08-23T17:37:51.769Z] runPostScanAnalysis started. Current nodes count: 250
[2026-08-23T17:37:51.788Z] runPostScanAnalysis started. Current nodes count: 251
[2026-08-23T17:37:51.809Z] runPostScanAnalysis started. Current nodes count: 252
[2026-08-23T17:37:51.828Z] runPostScanAnalysis started. Current nodes count: 253
[2026-08-23T17:37:51.847Z] runPostScanAnalysis started. Current nodes count: 254
[2026-08-23T17:37:51.865Z] runPostScanAnalysis started. Current nodes count: 255
[2026-08-23T17:37:51.882Z] runPostScanAnalysis started. Current nodes count: 256
[2026-08-23T17:37:51.900Z] runPostScanAnalysis started. Current nodes count: 257
[2026-08-23T17:37:51.919Z] runPostScanAnalysis started. Current nodes count: 258
[2026-08-23T17:37:51.936Z] runPostScanAnalysis started. Current nodes count: 259
[2026-08-23T17:37:51.953Z] runPostScanAnalysis started. Current nodes count: 260
[2026-08-23T17:37:51.971Z] runPostScanAnalysis started. Current nodes count: 261
[2026-08-23T17:37:51.988Z] runPostScanAnalysis started. Current nodes count: 262
[2026-08-23T17:37:52.006Z] runPostScanAnalysis started. Current nodes count: 263
[2026-08-23T17:37:52.023Z] runPostScanAnalysis started. Current nodes count: 264
[2026-08-23T17:37:52.040Z] runPostScanAnalysis started. Current nodes count: 265
[2026-08-23T17:37:52.056Z] runPostScanAnalysis started. Current nodes count: 266
[2026-08-23T17:37:52.073Z] runPostScanAnalysis started. Current nodes count: 267
[2026-08-23T17:37:52.089Z] runPostScanAnalysis started. Current nodes count: 268
[2026-08-23T17:37:52.107Z] runPostScanAnalysis started. Current nodes count: 269
[2026-08-23T17:37:52.124Z] runPostScanAnalysis started. Current nodes count: 270
[2026-08-23T17:37:52.141Z] runPostScanAnalysis started. Current nodes count: 271
[2026-08-23T17:37:52.158Z] runPostScanAnalysis started. Current nodes count: 272
[2026-08-23T17:37:52.175Z] runPostScanAnalysis started. Current nodes count: 273
[2026-08-23T17:37:52.190Z] runPostScanAnalysis started. Current nodes count: 274
[2026-08-23T17:37:52.205Z] runPostScanAnalysis started. Current nodes count: 275
[2026-08-23T17:37:52.221Z] runPostScanAnalysis started. Current nodes count: 276
[2026-08-23T17:37:52.236Z] runPostScanAnalysis started. Current nodes count: 277
[2026-08-23T17:37:52.251Z] runPostScanAnalysis started. Current nodes count: 278
[2026-08-23T17:37:52.252Z] No active DependencyGraphPanel webview open.
[2026-08-23T17:37:52.253Z] No active DependencyGraphPanel webview open.
[2026-08-23T17:37:52.253Z] No active DependencyGraphPanel webview open.
[2026-08-23T17:37:52.253Z] No active DependencyGraphPanel webview open.
[2026-08-23T17:37:52.253Z] No active DependencyGraphPanel webview open.
[2026-08-23T17:37:52.270Z] runPostScanAnalysis started. Current nodes count: 279
[2026-08-23T17:37:52.270Z] No active DependencyGraphPanel webview open.
[2026-08-23T17:37:52.270Z] No active DependencyGraphPanel webview open.
[2026-08-23T17:37:52.271Z] No active DependencyGraphPanel webview open.
[2026-08-23T17:37:52.271Z] No active DependencyGraphPanel webview open.
[2026-08-23T17:37:52.271Z] No active DependencyGraphPanel webview open.
[2026-08-23T17:37:52.271Z] No active DependencyGraphPanel webview open.
[2026-08-23T17:37:52.271Z] No active DependencyGraphPanel webview open.
[2026-08-23T17:37:52.272Z] No active DependencyGraphPanel webview open.
[2026-08-23T17:37:52.272Z] No active DependencyGraphPanel webview open.
[2026-08-23T17:37:52.272Z] No active DependencyGraphPanel webview open.
[2026-08-23T17:37:52.272Z] No active DependencyGraphPanel webview open.
[2026-08-23T17:37:52.273Z] No active DependencyGraphPanel webview open.
[2026-08-23T17:37:52.273Z] No active DependencyGraphPanel webview open.
[2026-08-23T17:37:52.273Z] No active DependencyGraphPanel webview open.
[2026-08-23T17:37:52.273Z] No active DependencyGraphPanel webview open.
[2026-08-23T17:37:52.273Z] No active DependencyGraphPanel webview open.
[2026-08-23T17:37:52.274Z] No active DependencyGraphPanel webview open.
[2026-08-23T17:37:52.274Z] No active DependencyGraphPanel webview open.
[2026-08-23T17:37:52.274Z] No active DependencyGraphPanel webview open.
[2026-08-23T17:37:52.275Z] No active DependencyGraphPanel webview open.
[2026-08-23T17:37:52.275Z] No active DependencyGraphPanel webview open.
[2026-08-23T17:37:52.276Z] No active DependencyGraphPanel webview open.
[2026-08-23T17:37:52.276Z] No active DependencyGraphPanel webview open.
[2026-08-23T17:37:52.276Z] No active DependencyGraphPanel webview open.
[2026-08-23T17:37:52.276Z] No active DependencyGraphPanel webview open.
[2026-08-23T17:37:52.277Z] No active DependencyGraphPanel webview open.
[2026-08-23T17:37:52.277Z] No active DependencyGraphPanel webview open.
[2026-08-23T17:37:52.277Z] No active DependencyGraphPanel webview open.
[2026-08-23T17:37:52.278Z] No active DependencyGraphPanel webview open.
[2026-08-23T17:37:52.278Z] No active DependencyGraphPanel webview open.
[2026-08-23T17:37:52.278Z] No active DependencyGraphPanel webview open.
[2026-08-23T17:37:52.278Z] No active DependencyGraphPanel webview open.
[2026-08-23T17:37:52.279Z] No active DependencyGraphPanel webview open.
[2026-08-23T17:37:52.279Z] No active DependencyGraphPanel webview open.
[2026-08-23T17:37:52.279Z] No active DependencyGraphPanel webview open.
[2026-08-23T17:37:52.279Z] No active DependencyGraphPanel webview open.
[2026-08-23T17:37:52.280Z] No active DependencyGraphPanel webview open.
[2026-08-23T17:37:52.295Z] runPostScanAnalysis started. Current nodes count: 280
[2026-08-23T17:37:52.296Z] No active DependencyGraphPanel webview open.
[2026-08-23T17:37:52.296Z] No active DependencyGraphPanel webview open.
[2026-08-23T17:37:52.296Z] No active DependencyGraphPanel webview open.
[2026-08-23T17:37:52.297Z] No active DependencyGraphPanel webview open.
[2026-08-23T17:37:52.297Z] No active DependencyGraphPanel webview open.
[2026-08-23T17:37:52.297Z] No active DependencyGraphPanel webview open.
[2026-08-23T17:37:52.298Z] No active DependencyGraphPanel webview open.
[2026-08-23T17:37:52.298Z] No active DependencyGraphPanel webview open.
[2026-08-23T17:37:52.298Z] No active DependencyGraphPanel webview open.
[2026-08-23T17:37:52.298Z] No active DependencyGraphPanel webview open.
[2026-08-23T17:37:52.299Z] No active DependencyGraphPanel webview open.
[2026-08-23T17:37:52.299Z] No active DependencyGraphPanel webview open.
[2026-08-23T17:37:52.299Z] No active DependencyGraphPanel webview open.
[2026-08-23T17:37:52.300Z] No active DependencyGraphPanel webview open.
[2026-08-23T17:37:52.300Z] No active DependencyGraphPanel webview open.
[2026-08-23T17:37:52.300Z] No active DependencyGraphPanel webview open.
[2026-08-23T17:37:52.301Z] No active DependencyGraphPanel webview open.
[2026-08-23T17:37:52.301Z] No active DependencyGraphPanel webview open.
[2026-08-23T17:37:52.301Z] No active DependencyGraphPanel webview open.
[2026-08-23T17:37:52.302Z] No active DependencyGraphPanel webview open.
[2026-08-23T17:37:52.302Z] No active DependencyGraphPanel webview open.
[2026-08-23T17:37:52.302Z] No active DependencyGraphPanel webview open.
[2026-08-23T17:37:52.302Z] No active DependencyGraphPanel webview open.
[2026-08-23T17:37:52.303Z] No active DependencyGraphPanel webview open.
[2026-08-23T17:37:52.303Z] No active DependencyGraphPanel webview open.
[2026-08-23T17:37:52.303Z] No active DependencyGraphPanel webview open.
[2026-08-23T17:37:52.304Z] No active DependencyGraphPanel webview open.
[2026-08-23T17:37:52.304Z] No active DependencyGraphPanel webview open.
[2026-08-23T17:37:52.304Z] No active DependencyGraphPanel webview open.
[2026-08-23T17:37:52.304Z] No active DependencyGraphPanel webview open.
[2026-08-23T17:37:52.305Z] No active DependencyGraphPanel webview open.
[2026-08-23T17:37:52.305Z] No active DependencyGraphPanel webview open.
[2026-08-23T17:37:52.305Z] No active DependencyGraphPanel webview open.
[2026-08-23T17:37:52.305Z] No active DependencyGraphPanel webview open.
[2026-08-23T17:37:52.306Z] No active DependencyGraphPanel webview open.
[2026-08-23T17:37:52.306Z] No active DependencyGraphPanel webview open.
[2026-08-23T17:37:52.306Z] No active DependencyGraphPanel webview open.
[2026-08-23T17:37:52.306Z] No active DependencyGraphPanel webview open.
[2026-08-23T17:37:52.307Z] No active DependencyGraphPanel webview open.
[2026-08-23T17:37:52.307Z] No active DependencyGraphPanel webview open.
[2026-08-23T17:37:52.307Z] No active DependencyGraphPanel webview open.
[2026-08-23T17:37:52.307Z] No active DependencyGraphPanel webview open.
[2026-08-23T17:37:52.308Z] No active DependencyGraphPanel webview open.
[2026-08-23T17:37:52.308Z] No active DependencyGraphPanel webview open.
[2026-08-23T17:37:52.308Z] No active DependencyGraphPanel webview open.
[2026-08-23T17:37:52.308Z] No active DependencyGraphPanel webview open.
[2026-08-23T17:37:52.309Z] No active DependencyGraphPanel webview open.
[2026-08-23T17:37:52.309Z] No active DependencyGraphPanel webview open.
[2026-08-23T17:37:52.309Z] No active DependencyGraphPanel webview open.
[2026-08-23T17:37:52.309Z] No active DependencyGraphPanel webview open.
[2026-08-23T17:37:52.309Z] No active DependencyGraphPanel webview open.
[2026-08-23T17:37:52.310Z] No active DependencyGraphPanel webview open.
[2026-08-23T17:37:52.310Z] No active DependencyGraphPanel webview open.
[2026-08-23T17:37:52.310Z] No active DependencyGraphPanel webview open.
[2026-08-23T17:37:52.310Z] No active DependencyGraphPanel webview open.
[2026-08-23T17:37:52.311Z] No active DependencyGraphPanel webview open.
[2026-08-23T17:37:52.311Z] No active DependencyGraphPanel webview open.
[2026-08-23T17:37:52.311Z] No active DependencyGraphPanel webview open.
[2026-08-23T17:37:52.311Z] No active DependencyGraphPanel webview open.
[2026-08-23T17:37:52.312Z] No active DependencyGraphPanel webview open.
[2026-08-23T17:37:52.312Z] No active DependencyGraphPanel webview open.
[2026-08-23T17:37:52.312Z] No active DependencyGraphPanel webview open.
[2026-08-23T17:37:52.312Z] No active DependencyGraphPanel webview open.
[2026-08-23T17:37:52.312Z] No active DependencyGraphPanel webview open.
[2026-08-23T17:37:52.313Z] No active DependencyGraphPanel webview open.
[2026-08-23T17:37:52.313Z] No active DependencyGraphPanel webview open.
[2026-08-23T17:37:52.313Z] No active DependencyGraphPanel webview open.
[2026-08-23T17:37:52.313Z] No active DependencyGraphPanel webview open.
[2026-08-23T17:37:52.314Z] No active DependencyGraphPanel webview open.
[2026-08-23T17:37:52.314Z] No active DependencyGraphPanel webview open.
[2026-08-23T17:37:52.314Z] No active DependencyGraphPanel webview open.
[2026-08-23T17:37:52.314Z] No active DependencyGraphPanel webview open.
[2026-08-23T17:37:52.315Z] No active DependencyGraphPanel webview open.
[2026-08-23T17:37:52.315Z] No active DependencyGraphPanel webview open.
[2026-08-23T17:37:52.315Z] No active DependencyGraphPanel webview open.
[2026-08-23T17:37:52.315Z] No active DependencyGraphPanel webview open.
[2026-08-23T17:37:52.316Z] No active DependencyGraphPanel webview open.
[2026-08-23T17:37:52.316Z] No active DependencyGraphPanel webview open.
[2026-08-23T17:37:52.316Z] No active DependencyGraphPanel webview open.
[2026-08-23T17:37:52.317Z] No active DependencyGraphPanel webview open.
[2026-08-23T17:37:52.317Z] No active DependencyGraphPanel webview open.
[2026-08-23T17:37:52.317Z] No active DependencyGraphPanel webview open.
[2026-08-23T17:37:52.317Z] No active DependencyGraphPanel webview open.
[2026-08-23T17:37:52.318Z] No active DependencyGraphPanel webview open.
[2026-08-23T17:37:52.318Z] No active DependencyGraphPanel webview open.
[2026-08-23T17:37:52.318Z] No active DependencyGraphPanel webview open.
[2026-08-23T17:37:52.318Z] No active DependencyGraphPanel webview open.
[2026-08-23T17:37:52.319Z] No active DependencyGraphPanel webview open.
[2026-08-23T17:37:52.319Z] No active DependencyGraphPanel webview open.
[2026-08-23T17:37:52.319Z] No active DependencyGraphPanel webview open.
[2026-08-23T17:37:52.320Z] No active DependencyGraphPanel webview open.
[2026-08-23T17:37:52.320Z] No active DependencyGraphPanel webview open.
[2026-08-23T17:37:52.320Z] No active DependencyGraphPanel webview open.
[2026-08-23T17:37:52.321Z] No active DependencyGraphPanel webview open.
[2026-08-23T17:37:52.321Z] No active DependencyGraphPanel webview open.
[2026-08-23T17:37:52.321Z] No active DependencyGraphPanel webview open.
[2026-08-23T17:37:52.322Z] No active DependencyGraphPanel webview open.
[2026-08-23T17:37:52.322Z] No active DependencyGraphPanel webview open.
[2026-08-23T17:37:52.322Z] No active DependencyGraphPanel webview open.
[2026-08-23T17:37:52.322Z] No active DependencyGraphPanel webview open.
[2026-08-23T17:37:52.323Z] No active DependencyGraphPanel webview open.
[2026-08-23T17:37:52.323Z] No active DependencyGraphPanel webview open.
[2026-08-23T17:37:52.323Z] No active DependencyGraphPanel webview open.
[2026-08-23T17:37:52.324Z] No active DependencyGraphPanel webview open.
[2026-08-23T17:37:52.324Z] No active DependencyGraphPanel webview open.
[2026-08-23T17:37:52.324Z] No active DependencyGraphPanel webview open.
[2026-08-23T17:37:52.325Z] No active DependencyGraphPanel webview open.
[2026-08-23T17:37:52.325Z] No active DependencyGraphPanel webview open.
[2026-08-23T17:37:52.325Z] No active DependencyGraphPanel webview open.
[2026-08-23T17:37:52.326Z] No active DependencyGraphPanel webview open.
[2026-08-23T17:37:52.326Z] No active DependencyGraphPanel webview open.
[2026-08-23T17:37:52.327Z] No active DependencyGraphPanel webview open.
[2026-08-23T17:37:52.327Z] No active DependencyGraphPanel webview open.
[2026-08-23T17:37:52.327Z] No active DependencyGraphPanel webview open.
[2026-08-23T17:37:52.328Z] No active DependencyGraphPanel webview open.
[2026-08-23T17:37:52.328Z] No active DependencyGraphPanel webview open.
[2026-08-23T17:37:52.328Z] No active DependencyGraphPanel webview open.
[2026-08-23T17:37:52.328Z] No active DependencyGraphPanel webview open.
[2026-08-23T17:37:52.328Z] No active DependencyGraphPanel webview open.
[2026-08-23T17:37:52.329Z] No active DependencyGraphPanel webview open.
[2026-08-23T17:37:52.329Z] No active DependencyGraphPanel webview open.
[2026-08-23T17:37:52.329Z] No active DependencyGraphPanel webview open.
[2026-08-23T17:37:52.329Z] No active DependencyGraphPanel webview open.
[2026-08-23T17:37:52.330Z] No active DependencyGraphPanel webview open.
[2026-08-23T17:37:52.330Z] No active DependencyGraphPanel webview open.
[2026-08-23T17:37:52.330Z] No active DependencyGraphPanel webview open.
[2026-08-23T17:37:52.330Z] No active DependencyGraphPanel webview open.
[2026-08-23T17:37:52.331Z] No active DependencyGraphPanel webview open.
[2026-08-23T17:37:52.331Z] No active DependencyGraphPanel webview open.
[2026-08-23T17:37:52.331Z] No active DependencyGraphPanel webview open.
[2026-08-23T17:37:52.331Z] No active DependencyGraphPanel webview open.
[2026-08-23T17:37:52.389Z] No active DependencyGraphPanel webview open.
[2026-08-23T17:37:52.390Z] No active DependencyGraphPanel webview open.
[2026-08-23T17:37:52.390Z] No active DependencyGraphPanel webview open.
[2026-08-23T17:37:52.390Z] No active DependencyGraphPanel webview open.
[2026-08-23T17:37:52.390Z] No active DependencyGraphPanel webview open.
[2026-08-23T17:37:52.391Z] No active DependencyGraphPanel webview open.
[2026-08-23T17:37:52.391Z] No active DependencyGraphPanel webview open.
[2026-08-23T17:37:52.391Z] No active DependencyGraphPanel webview open.
[2026-08-23T17:37:52.391Z] No active DependencyGraphPanel webview open.
[2026-08-23T17:37:52.391Z] No active DependencyGraphPanel webview open.
[2026-08-23T17:37:52.392Z] No active DependencyGraphPanel webview open.
[2026-08-23T17:37:52.392Z] No active DependencyGraphPanel webview open.
[2026-08-23T17:37:52.393Z] No active DependencyGraphPanel webview open.
[2026-08-23T17:37:52.396Z] No active DependencyGraphPanel webview open.
[2026-08-23T17:37:52.396Z] No active DependencyGraphPanel webview open.
[2026-08-23T17:37:52.397Z] No active DependencyGraphPanel webview open.
[2026-08-23T17:37:52.397Z] No active DependencyGraphPanel webview open.
[2026-08-23T17:37:52.397Z] No active DependencyGraphPanel webview open.
[2026-08-23T17:37:52.398Z] No active DependencyGraphPanel webview open.
[2026-08-23T17:37:52.399Z] No active DependencyGraphPanel webview open.
[2026-08-23T17:37:52.399Z] No active DependencyGraphPanel webview open.
[2026-08-23T17:37:52.400Z] No active DependencyGraphPanel webview open.
[2026-08-23T17:37:52.401Z] No active DependencyGraphPanel webview open.
[2026-08-23T17:37:52.401Z] No active DependencyGraphPanel webview open.
[2026-08-23T17:37:52.401Z] No active DependencyGraphPanel webview open.
[2026-08-23T17:37:52.402Z] No active DependencyGraphPanel webview open.
[2026-08-23T17:37:52.403Z] No active DependencyGraphPanel webview open.
[2026-08-23T17:37:52.403Z] No active DependencyGraphPanel webview open.
[2026-08-23T17:37:52.403Z] No active DependencyGraphPanel webview open.
[2026-08-23T17:37:52.404Z] No active DependencyGraphPanel webview open.
[2026-08-23T17:37:52.404Z] No active DependencyGraphPanel webview open.
[2026-08-23T17:37:52.405Z] No active DependencyGraphPanel webview open.
[2026-08-23T17:37:52.405Z] No active DependencyGraphPanel webview open.
[2026-08-23T17:37:52.405Z] No active DependencyGraphPanel webview open.
[2026-08-23T17:37:52.405Z] No active DependencyGraphPanel webview open.
[2026-08-23T17:37:52.406Z] No active DependencyGraphPanel webview open.
[2026-08-23T17:37:52.406Z] No active DependencyGraphPanel webview open.
[2026-08-23T17:37:52.406Z] No active DependencyGraphPanel webview open.
[2026-08-23T17:37:52.406Z] No active DependencyGraphPanel webview open.
[2026-08-23T17:37:52.406Z] No active DependencyGraphPanel webview open.
[2026-08-23T17:37:52.406Z] No active DependencyGraphPanel webview open.
[2026-08-23T17:37:52.407Z] No active DependencyGraphPanel webview open.
[2026-08-23T17:37:52.407Z] No active DependencyGraphPanel webview open.
[2026-08-23T17:37:52.408Z] No active DependencyGraphPanel webview open.
[2026-08-23T17:37:52.409Z] No active DependencyGraphPanel webview open.
[2026-08-23T17:37:52.410Z] No active DependencyGraphPanel webview open.
[2026-08-23T17:37:52.410Z] No active DependencyGraphPanel webview open.
[2026-08-23T17:37:52.411Z] No active DependencyGraphPanel webview open.
[2026-08-23T17:37:52.411Z] No active DependencyGraphPanel webview open.
[2026-08-23T17:37:52.411Z] No active DependencyGraphPanel webview open.
[2026-08-23T17:37:52.411Z] No active DependencyGraphPanel webview open.
[2026-08-23T17:37:52.411Z] No active DependencyGraphPanel webview open.
[2026-08-23T17:37:52.412Z] No active DependencyGraphPanel webview open.
[2026-08-23T17:37:52.412Z] No active DependencyGraphPanel webview open.
[2026-08-23T17:37:52.412Z] No active DependencyGraphPanel webview open.
[2026-08-23T17:37:52.412Z] No active DependencyGraphPanel webview open.
[2026-08-23T17:37:52.412Z] No active DependencyGraphPanel webview open.
[2026-08-23T17:37:52.413Z] No active DependencyGraphPanel webview open.
[2026-08-23T17:37:52.413Z] No active DependencyGraphPanel webview open.
[2026-08-23T17:37:52.413Z] No active DependencyGraphPanel webview open.
[2026-08-23T17:37:52.413Z] No active DependencyGraphPanel webview open.
[2026-08-23T17:37:52.414Z] No active DependencyGraphPanel webview open.
[2026-08-23T17:37:52.414Z] No active DependencyGraphPanel webview open.
[2026-08-23T17:37:52.414Z] No active DependencyGraphPanel webview open.
[2026-08-23T17:37:52.415Z] No active DependencyGraphPanel webview open.
[2026-08-23T17:37:52.415Z] No active DependencyGraphPanel webview open.
[2026-08-23T17:37:52.415Z] No active DependencyGraphPanel webview open.
[2026-08-23T17:37:52.416Z] No active DependencyGraphPanel webview open.
[2026-08-23T17:37:52.416Z] No active DependencyGraphPanel webview open.
[2026-08-23T17:37:52.416Z] No active DependencyGraphPanel webview open.
[2026-08-23T17:37:52.417Z] No active DependencyGraphPanel webview open.
[2026-08-23T17:37:52.417Z] No active DependencyGraphPanel webview open.
[2026-08-23T17:37:52.417Z] No active DependencyGraphPanel webview open.
[2026-08-23T17:37:52.417Z] No active DependencyGraphPanel webview open.
[2026-08-23T17:37:52.417Z] No active DependencyGraphPanel webview open.
[2026-08-23T17:37:52.418Z] No active DependencyGraphPanel webview open.
[2026-08-23T17:37:52.418Z] No active DependencyGraphPanel webview open.
[2026-08-23T17:37:52.418Z] No active DependencyGraphPanel webview open.
[2026-08-23T17:37:52.418Z] No active DependencyGraphPanel webview open.
[2026-08-23T17:37:52.418Z] No active DependencyGraphPanel webview open.
[2026-08-23T17:37:52.419Z] No active DependencyGraphPanel webview open.
[2026-08-23T17:37:52.419Z] No active DependencyGraphPanel webview open.
[2026-08-23T17:37:52.419Z] No active DependencyGraphPanel webview open.
[2026-08-23T17:37:52.420Z] No active DependencyGraphPanel webview open.
[2026-08-23T17:37:52.420Z] No active DependencyGraphPanel webview open.
[2026-08-23T17:37:52.420Z] No active DependencyGraphPanel webview open.
[2026-08-23T17:37:52.420Z] No active DependencyGraphPanel webview open.
[2026-08-23T17:37:52.421Z] No active DependencyGraphPanel webview open.
[2026-08-23T17:37:52.421Z] No active DependencyGraphPanel webview open.
[2026-08-23T17:37:52.421Z] No active DependencyGraphPanel webview open.
[2026-08-23T17:37:52.422Z] No active DependencyGraphPanel webview open.
[2026-08-23T17:37:52.422Z] No active DependencyGraphPanel webview open.
[2026-08-23T17:37:52.422Z] No active DependencyGraphPanel webview open.
[2026-08-23T17:37:52.423Z] No active DependencyGraphPanel webview open.
[2026-08-23T17:37:52.423Z] No active DependencyGraphPanel webview open.
[2026-08-23T17:37:52.423Z] No active DependencyGraphPanel webview open.
[2026-08-23T17:37:52.423Z] No active DependencyGraphPanel webview open.
[2026-08-23T17:37:52.424Z] No active DependencyGraphPanel webview open.
[2026-08-23T17:37:52.425Z] No active DependencyGraphPanel webview open.
[2026-08-23T17:37:52.425Z] No active DependencyGraphPanel webview open.
[2026-08-23T17:37:52.426Z] No active DependencyGraphPanel webview open.
[2026-08-23T17:37:52.427Z] No active DependencyGraphPanel webview open.
[2026-08-23T17:37:52.428Z] No active DependencyGraphPanel webview open.
[2026-08-23T17:37:52.428Z] No active DependencyGraphPanel webview open.
[2026-08-23T17:37:52.429Z] No active DependencyGraphPanel webview open.
[2026-08-23T17:37:52.429Z] No active DependencyGraphPanel webview open.
[2026-08-23T17:37:52.430Z] No active DependencyGraphPanel webview open.
[2026-08-23T17:37:52.622Z] runPostScanAnalysis started. Current nodes count: 281
[2026-08-23T17:37:52.639Z] runPostScanAnalysis started. Current nodes count: 282
[2026-08-23T17:37:52.656Z] runPostScanAnalysis started. Current nodes count: 283
[2026-08-23T17:37:52.672Z] runPostScanAnalysis started. Current nodes count: 284
[2026-08-23T17:37:52.687Z] runPostScanAnalysis started. Current nodes count: 285
[2026-08-23T17:37:52.704Z] runPostScanAnalysis started. Current nodes count: 286
[2026-08-23T17:37:52.719Z] runPostScanAnalysis started. Current nodes count: 287
[2026-08-23T17:37:52.733Z] runPostScanAnalysis started. Current nodes count: 288
[2026-08-23T17:37:52.748Z] runPostScanAnalysis started. Current nodes count: 289
[2026-08-23T17:37:52.762Z] runPostScanAnalysis started. Current nodes count: 290
[2026-08-23T17:37:52.777Z] runPostScanAnalysis started. Current nodes count: 291
[2026-08-23T17:37:52.792Z] runPostScanAnalysis started. Current nodes count: 292
[2026-08-23T17:37:52.808Z] runPostScanAnalysis started. Current nodes count: 293
[2026-08-23T17:37:52.822Z] runPostScanAnalysis started. Current nodes count: 294
[2026-08-23T17:37:52.837Z] runPostScanAnalysis started. Current nodes count: 295
[2026-08-23T17:37:52.851Z] runPostScanAnalysis started. Current nodes count: 296
[2026-08-23T17:37:52.865Z] runPostScanAnalysis started. Current nodes count: 297
[2026-08-23T17:37:52.880Z] runPostScanAnalysis started. Current nodes count: 298
[2026-08-23T17:37:52.895Z] runPostScanAnalysis started. Current nodes count: 299
[2026-08-23T17:37:52.910Z] runPostScanAnalysis started. Current nodes count: 300
[2026-08-23T17:37:52.927Z] runPostScanAnalysis started. Current nodes count: 301
[2026-08-23T17:37:52.941Z] runPostScanAnalysis started. Current nodes count: 302
[2026-08-23T17:37:52.955Z] runPostScanAnalysis started. Current nodes count: 303
[2026-08-23T17:37:52.969Z] runPostScanAnalysis started. Current nodes count: 304
[2026-08-23T17:37:52.984Z] runPostScanAnalysis started. Current nodes count: 305
[2026-08-23T17:37:52.998Z] runPostScanAnalysis started. Current nodes count: 306
[2026-08-23T17:37:53.013Z] runPostScanAnalysis started. Current nodes count: 307
[2026-08-23T17:37:53.027Z] runPostScanAnalysis started. Current nodes count: 308
[2026-08-23T17:37:53.042Z] runPostScanAnalysis started. Current nodes count: 309
[2026-08-23T17:37:53.057Z] runPostScanAnalysis started. Current nodes count: 310
[2026-08-23T17:37:53.072Z] runPostScanAnalysis started. Current nodes count: 311
[2026-08-23T17:37:53.089Z] runPostScanAnalysis started. Current nodes count: 312
[2026-08-23T17:37:53.104Z] runPostScanAnalysis started. Current nodes count: 313
[2026-08-23T17:37:53.120Z] runPostScanAnalysis started. Current nodes count: 314
[2026-08-23T17:37:53.136Z] runPostScanAnalysis started. Current nodes count: 315
[2026-08-23T17:37:53.151Z] runPostScanAnalysis started. Current nodes count: 316
[2026-08-23T17:37:53.167Z] runPostScanAnalysis started. Current nodes count: 317
[2026-08-23T17:37:53.184Z] runPostScanAnalysis started. Current nodes count: 318
[2026-08-23T17:37:53.200Z] runPostScanAnalysis started. Current nodes count: 319
[2026-08-23T17:37:53.215Z] runPostScanAnalysis started. Current nodes count: 320
[2026-08-23T17:37:53.230Z] runPostScanAnalysis started. Current nodes count: 321
[2026-08-23T17:37:53.245Z] runPostScanAnalysis started. Current nodes count: 322
[2026-08-23T17:37:53.260Z] runPostScanAnalysis started. Current nodes count: 323
[2026-08-23T17:37:53.278Z] runPostScanAnalysis started. Current nodes count: 324
[2026-08-23T17:37:53.295Z] runPostScanAnalysis started. Current nodes count: 325
[2026-08-23T17:37:53.312Z] runPostScanAnalysis started. Current nodes count: 326
[2026-08-23T17:37:53.330Z] runPostScanAnalysis started. Current nodes count: 327
[2026-08-23T17:37:53.347Z] runPostScanAnalysis started. Current nodes count: 328
[2026-08-23T17:37:53.362Z] runPostScanAnalysis started. Current nodes count: 329
[2026-08-23T17:37:53.378Z] runPostScanAnalysis started. Current nodes count: 330
[2026-08-23T17:37:53.396Z] runPostScanAnalysis started. Current nodes count: 331
[2026-08-23T17:37:53.415Z] runPostScanAnalysis started. Current nodes count: 332
[2026-08-23T17:37:53.432Z] runPostScanAnalysis started. Current nodes count: 333
[2026-08-23T17:37:53.449Z] runPostScanAnalysis started. Current nodes count: 334
[2026-08-23T17:37:53.466Z] runPostScanAnalysis started. Current nodes count: 335
[2026-08-23T17:37:53.483Z] runPostScanAnalysis started. Current nodes count: 336
[2026-08-23T17:37:53.504Z] runPostScanAnalysis started. Current nodes count: 337
[2026-08-23T17:37:53.525Z] runPostScanAnalysis started. Current nodes count: 338
[2026-08-23T17:37:53.545Z] runPostScanAnalysis started. Current nodes count: 339
[2026-08-23T17:37:53.564Z] runPostScanAnalysis started. Current nodes count: 340
[2026-08-23T17:37:53.614Z] runPostScanAnalysis started. Current nodes count: 341
[2026-08-23T17:37:53.643Z] runPostScanAnalysis started. Current nodes count: 342
[2026-08-23T17:37:53.668Z] runPostScanAnalysis started. Current nodes count: 343
[2026-08-23T17:37:53.748Z] runPostScanAnalysis started. Current nodes count: 344
[2026-08-23T17:37:53.786Z] runPostScanAnalysis started. Current nodes count: 345
[2026-08-23T17:37:53.818Z] runPostScanAnalysis started. Current nodes count: 346
[2026-08-23T17:37:53.852Z] runPostScanAnalysis started. Current nodes count: 347
[2026-08-23T17:37:53.880Z] runPostScanAnalysis started. Current nodes count: 348
[2026-08-23T17:37:53.913Z] runPostScanAnalysis started. Current nodes count: 349
[2026-08-23T17:37:53.945Z] runPostScanAnalysis started. Current nodes count: 350
[2026-08-23T17:37:53.971Z] runPostScanAnalysis started. Current nodes count: 351
[2026-08-23T17:37:54.005Z] runPostScanAnalysis started. Current nodes count: 352
[2026-08-23T17:37:54.041Z] runPostScanAnalysis started. Current nodes count: 353
[2026-08-23T17:37:54.093Z] runPostScanAnalysis started. Current nodes count: 354
[2026-08-23T17:37:54.171Z] runPostScanAnalysis started. Current nodes count: 355
[2026-08-23T17:37:54.205Z] runPostScanAnalysis started. Current nodes count: 356
[2026-08-23T17:37:54.237Z] runPostScanAnalysis started. Current nodes count: 357
[2026-08-23T17:37:54.266Z] runPostScanAnalysis started. Current nodes count: 358
[2026-08-23T17:37:54.327Z] runPostScanAnalysis started. Current nodes count: 359
[2026-08-23T17:37:54.348Z] runPostScanAnalysis started. Current nodes count: 360
[2026-08-23T17:37:54.368Z] runPostScanAnalysis started. Current nodes count: 361
[2026-08-23T17:37:54.388Z] runPostScanAnalysis started. Current nodes count: 362
[2026-08-23T17:37:54.405Z] runPostScanAnalysis started. Current nodes count: 363
[2026-08-23T17:37:54.424Z] runPostScanAnalysis started. Current nodes count: 364
[2026-08-23T17:37:54.441Z] runPostScanAnalysis started. Current nodes count: 365
[2026-08-23T17:37:54.459Z] runPostScanAnalysis started. Current nodes count: 366
[2026-08-23T17:37:54.476Z] runPostScanAnalysis started. Current nodes count: 367
[2026-08-23T17:37:54.494Z] runPostScanAnalysis started. Current nodes count: 368
[2026-08-23T17:37:54.511Z] runPostScanAnalysis started. Current nodes count: 369
[2026-08-23T17:37:54.529Z] runPostScanAnalysis started. Current nodes count: 370
[2026-08-23T17:37:54.548Z] runPostScanAnalysis started. Current nodes count: 371
[2026-08-23T17:37:54.565Z] runPostScanAnalysis started. Current nodes count: 372
[2026-08-23T17:37:54.582Z] runPostScanAnalysis started. Current nodes count: 373
[2026-08-23T17:37:54.599Z] runPostScanAnalysis started. Current nodes count: 374
[2026-08-23T17:37:54.615Z] runPostScanAnalysis started. Current nodes count: 375
[2026-08-23T17:37:54.632Z] runPostScanAnalysis started. Current nodes count: 376
[2026-08-23T17:37:54.649Z] runPostScanAnalysis started. Current nodes count: 377
[2026-08-23T17:37:54.667Z] runPostScanAnalysis started. Current nodes count: 378
[2026-08-23T17:37:54.686Z] runPostScanAnalysis started. Current nodes count: 379
[2026-08-23T17:37:54.704Z] runPostScanAnalysis started. Current nodes count: 380
[2026-08-23T17:37:54.721Z] runPostScanAnalysis started. Current nodes count: 381
[2026-08-23T17:37:54.739Z] runPostScanAnalysis started. Current nodes count: 382
[2026-08-23T17:37:54.758Z] runPostScanAnalysis started. Current nodes count: 383
[2026-08-23T17:37:54.778Z] runPostScanAnalysis started. Current nodes count: 384
[2026-08-23T17:37:54.795Z] runPostScanAnalysis started. Current nodes count: 385
[2026-08-23T17:37:54.813Z] runPostScanAnalysis started. Current nodes count: 386
[2026-08-23T17:37:54.831Z] runPostScanAnalysis started. Current nodes count: 387
[2026-08-23T17:37:54.849Z] runPostScanAnalysis started. Current nodes count: 388
[2026-08-23T17:37:54.867Z] runPostScanAnalysis started. Current nodes count: 389
[2026-08-23T17:37:54.885Z] runPostScanAnalysis started. Current nodes count: 390
[2026-08-23T17:37:54.902Z] runPostScanAnalysis started. Current nodes count: 391
[2026-08-23T17:37:54.920Z] runPostScanAnalysis started. Current nodes count: 392
[2026-08-23T17:37:54.937Z] runPostScanAnalysis started. Current nodes count: 393
[2026-08-23T17:37:54.956Z] runPostScanAnalysis started. Current nodes count: 394
[2026-08-23T17:37:54.975Z] runPostScanAnalysis started. Current nodes count: 395
[2026-08-23T17:37:54.993Z] runPostScanAnalysis started. Current nodes count: 396
[2026-08-23T17:37:55.011Z] runPostScanAnalysis started. Current nodes count: 397
[2026-08-23T17:37:55.029Z] runPostScanAnalysis started. Current nodes count: 398
[2026-08-23T17:37:55.046Z] runPostScanAnalysis started. Current nodes count: 399
[2026-08-23T17:37:55.064Z] runPostScanAnalysis started. Current nodes count: 400
[2026-08-23T17:37:55.083Z] runPostScanAnalysis started. Current nodes count: 401
[2026-08-23T17:37:55.101Z] runPostScanAnalysis started. Current nodes count: 402
[2026-08-23T17:37:55.118Z] runPostScanAnalysis started. Current nodes count: 403
[2026-08-23T17:37:55.135Z] runPostScanAnalysis started. Current nodes count: 404
[2026-08-23T17:37:55.153Z] runPostScanAnalysis started. Current nodes count: 405
[2026-08-23T17:37:55.173Z] runPostScanAnalysis started. Current nodes count: 406
[2026-08-23T17:37:55.191Z] runPostScanAnalysis started. Current nodes count: 407
[2026-08-23T17:37:55.209Z] runPostScanAnalysis started. Current nodes count: 408
[2026-08-23T17:37:55.225Z] runPostScanAnalysis started. Current nodes count: 409
[2026-08-23T17:37:55.243Z] runPostScanAnalysis started. Current nodes count: 410
[2026-08-23T17:37:55.262Z] runPostScanAnalysis started. Current nodes count: 411
[2026-08-23T17:37:55.280Z] runPostScanAnalysis started. Current nodes count: 412
[2026-08-23T17:37:55.300Z] runPostScanAnalysis started. Current nodes count: 413
[2026-08-23T17:37:55.318Z] runPostScanAnalysis started. Current nodes count: 414
[2026-08-23T17:37:55.336Z] runPostScanAnalysis started. Current nodes count: 415
[2026-08-23T17:37:55.354Z] runPostScanAnalysis started. Current nodes count: 416
[2026-08-23T17:37:55.372Z] runPostScanAnalysis started. Current nodes count: 417
[2026-08-23T17:37:55.393Z] runPostScanAnalysis started. Current nodes count: 418
[2026-08-23T17:37:55.410Z] runPostScanAnalysis started. Current nodes count: 419
[2026-08-23T17:37:55.426Z] runPostScanAnalysis started. Current nodes count: 420
[2026-08-23T17:37:55.443Z] runPostScanAnalysis started. Current nodes count: 421
[2026-08-23T17:37:55.459Z] runPostScanAnalysis started. Current nodes count: 422
[2026-08-23T17:37:55.476Z] runPostScanAnalysis started. Current nodes count: 423
[2026-08-23T17:37:55.493Z] runPostScanAnalysis started. Current nodes count: 424
[2026-08-23T17:37:55.510Z] runPostScanAnalysis started. Current nodes count: 425
[2026-08-23T17:37:55.529Z] runPostScanAnalysis started. Current nodes count: 426
[2026-08-23T17:37:55.546Z] runPostScanAnalysis started. Current nodes count: 427
[2026-08-23T17:37:55.564Z] runPostScanAnalysis started. Current nodes count: 428
[2026-08-23T17:37:55.580Z] runPostScanAnalysis started. Current nodes count: 429
[2026-08-23T17:37:55.595Z] runPostScanAnalysis started. Current nodes count: 430
[2026-08-23T17:37:55.611Z] runPostScanAnalysis started. Current nodes count: 431
[2026-08-23T17:37:55.625Z] runPostScanAnalysis started. Current nodes count: 432
[2026-08-23T17:37:55.641Z] runPostScanAnalysis started. Current nodes count: 433
[2026-08-23T17:37:55.657Z] runPostScanAnalysis started. Current nodes count: 434
[2026-08-23T17:37:55.676Z] runPostScanAnalysis started. Current nodes count: 435
[2026-08-23T17:37:55.695Z] runPostScanAnalysis started. Current nodes count: 436
[2026-08-23T17:37:55.713Z] runPostScanAnalysis started. Current nodes count: 437
[2026-08-23T17:37:55.731Z] runPostScanAnalysis started. Current nodes count: 438
[2026-08-23T17:37:55.749Z] runPostScanAnalysis started. Current nodes count: 439
[2026-08-23T17:37:55.766Z] runPostScanAnalysis started. Current nodes count: 440
[2026-08-23T17:37:55.783Z] runPostScanAnalysis started. Current nodes count: 441
[2026-08-23T17:37:55.801Z] runPostScanAnalysis started. Current nodes count: 442
[2026-08-23T17:37:55.819Z] runPostScanAnalysis started. Current nodes count: 443
[2026-08-23T17:37:55.836Z] runPostScanAnalysis started. Current nodes count: 444
[2026-08-23T17:37:55.854Z] runPostScanAnalysis started. Current nodes count: 445
[2026-08-23T17:37:55.873Z] runPostScanAnalysis started. Current nodes count: 446
[2026-08-23T17:37:57.259Z] runPostScanAnalysis started. Current nodes count: 447
[2026-08-23T17:37:57.772Z] runPostScanAnalysis started. Current nodes count: 448
[2026-08-23T17:37:57.803Z] runPostScanAnalysis started. Current nodes count: 449
[2026-08-23T17:37:57.822Z] runPostScanAnalysis started. Current nodes count: 450
[2026-08-23T17:37:57.837Z] runPostScanAnalysis started. Current nodes count: 451
[2026-08-23T17:37:57.853Z] runPostScanAnalysis started. Current nodes count: 452
[2026-08-23T17:37:57.868Z] runPostScanAnalysis started. Current nodes count: 453
[2026-08-23T17:37:57.886Z] runPostScanAnalysis started. Current nodes count: 454
[2026-08-23T17:37:57.902Z] runPostScanAnalysis started. Current nodes count: 455
[2026-08-23T17:37:57.920Z] runPostScanAnalysis started. Current nodes count: 456
[2026-08-23T17:37:57.937Z] runPostScanAnalysis started. Current nodes count: 457
[2026-08-23T17:37:57.954Z] runPostScanAnalysis started. Current nodes count: 458
[2026-08-23T17:37:57.970Z] runPostScanAnalysis started. Current nodes count: 459
[2026-08-23T17:37:57.987Z] runPostScanAnalysis started. Current nodes count: 460
[2026-08-23T17:37:58.002Z] runPostScanAnalysis started. Current nodes count: 461
[2026-08-23T17:37:58.017Z] runPostScanAnalysis started. Current nodes count: 462
[2026-08-23T17:37:58.033Z] runPostScanAnalysis started. Current nodes count: 463
[2026-08-23T17:37:58.049Z] runPostScanAnalysis started. Current nodes count: 464
[2026-08-23T17:37:58.065Z] runPostScanAnalysis started. Current nodes count: 465
[2026-08-23T17:37:58.080Z] runPostScanAnalysis started. Current nodes count: 466
[2026-08-23T17:37:58.098Z] runPostScanAnalysis started. Current nodes count: 467
[2026-08-23T17:37:58.116Z] runPostScanAnalysis started. Current nodes count: 468
[2026-08-23T17:37:58.136Z] runPostScanAnalysis started. Current nodes count: 469
[2026-08-23T17:37:58.153Z] runPostScanAnalysis started. Current nodes count: 470
[2026-08-23T17:37:58.170Z] runPostScanAnalysis started. Current nodes count: 471
[2026-08-23T17:37:58.186Z] runPostScanAnalysis started. Current nodes count: 472
[2026-08-23T17:37:58.203Z] runPostScanAnalysis started. Current nodes count: 473
[2026-08-23T17:37:58.220Z] runPostScanAnalysis started. Current nodes count: 474
[2026-08-23T17:37:58.236Z] runPostScanAnalysis started. Current nodes count: 475
[2026-08-23T17:37:58.252Z] runPostScanAnalysis started. Current nodes count: 476
[2026-08-23T17:37:58.268Z] runPostScanAnalysis started. Current nodes count: 477
[2026-08-23T17:37:58.291Z] runPostScanAnalysis started. Current nodes count: 478
[2026-08-23T17:37:58.331Z] runPostScanAnalysis started. Current nodes count: 479
[2026-08-23T17:37:58.369Z] runPostScanAnalysis started. Current nodes count: 480
[2026-08-23T17:37:58.402Z] runPostScanAnalysis started. Current nodes count: 481
[2026-08-23T17:37:58.424Z] runPostScanAnalysis started. Current nodes count: 482
[2026-08-23T17:37:58.474Z] runPostScanAnalysis started. Current nodes count: 483
[2026-08-23T17:37:58.491Z] runPostScanAnalysis started. Current nodes count: 484
[2026-08-23T17:37:58.509Z] runPostScanAnalysis started. Current nodes count: 485
[2026-08-23T17:37:58.533Z] runPostScanAnalysis started. Current nodes count: 486
[2026-08-23T17:37:58.552Z] runPostScanAnalysis started. Current nodes count: 487
[2026-08-23T17:37:58.578Z] runPostScanAnalysis started. Current nodes count: 488
[2026-08-23T17:37:58.597Z] runPostScanAnalysis started. Current nodes count: 489
[2026-08-23T17:37:58.617Z] runPostScanAnalysis started. Current nodes count: 490
[2026-08-23T17:37:58.633Z] runPostScanAnalysis started. Current nodes count: 491
[2026-08-23T17:37:58.650Z] runPostScanAnalysis started. Current nodes count: 492
[2026-08-23T17:37:58.668Z] runPostScanAnalysis started. Current nodes count: 493
[2026-08-23T17:37:58.686Z] runPostScanAnalysis started. Current nodes count: 494
[2026-08-23T17:37:58.705Z] runPostScanAnalysis started. Current nodes count: 495
[2026-08-23T17:37:58.722Z] runPostScanAnalysis started. Current nodes count: 496
[2026-08-23T17:37:58.739Z] runPostScanAnalysis started. Current nodes count: 497
[2026-08-23T17:37:58.755Z] runPostScanAnalysis started. Current nodes count: 498
[2026-08-23T17:37:58.774Z] runPostScanAnalysis started. Current nodes count: 499
[2026-08-23T17:37:58.792Z] runPostScanAnalysis started. Current nodes count: 500
[2026-08-23T17:37:58.809Z] runPostScanAnalysis started. Current nodes count: 501
[2026-08-23T17:37:58.826Z] runPostScanAnalysis started. Current nodes count: 502
[2026-08-23T17:37:58.842Z] runPostScanAnalysis started. Current nodes count: 503
[2026-08-23T17:37:58.860Z] runPostScanAnalysis started. Current nodes count: 504
[2026-08-23T17:37:58.878Z] runPostScanAnalysis started. Current nodes count: 505
[2026-08-23T17:37:58.895Z] runPostScanAnalysis started. Current nodes count: 506
[2026-08-23T17:37:58.910Z] runPostScanAnalysis started. Current nodes count: 507
[2026-08-23T17:37:58.925Z] runPostScanAnalysis started. Current nodes count: 508
[2026-08-23T17:37:58.940Z] runPostScanAnalysis started. Current nodes count: 509
[2026-08-23T17:37:58.955Z] runPostScanAnalysis started. Current nodes count: 510
[2026-08-23T17:37:58.969Z] runPostScanAnalysis started. Current nodes count: 511
[2026-08-23T17:37:58.984Z] runPostScanAnalysis started. Current nodes count: 512
[2026-08-23T17:37:59.000Z] runPostScanAnalysis started. Current nodes count: 513
[2026-08-23T17:37:59.015Z] runPostScanAnalysis started. Current nodes count: 514
[2026-08-23T17:37:59.032Z] runPostScanAnalysis started. Current nodes count: 515
[2026-08-23T17:37:59.048Z] runPostScanAnalysis started. Current nodes count: 516
[2026-08-23T17:37:59.066Z] runPostScanAnalysis started. Current nodes count: 517
[2026-08-23T17:37:59.087Z] runPostScanAnalysis started. Current nodes count: 518
[2026-08-23T17:37:59.109Z] runPostScanAnalysis started. Current nodes count: 519
[2026-08-23T17:37:59.128Z] runPostScanAnalysis started. Current nodes count: 520
[2026-08-23T17:37:59.147Z] runPostScanAnalysis started. Current nodes count: 521
[2026-08-23T17:37:59.165Z] runPostScanAnalysis started. Current nodes count: 522
[2026-08-23T17:37:59.183Z] runPostScanAnalysis started. Current nodes count: 523
[2026-08-23T17:37:59.199Z] runPostScanAnalysis started. Current nodes count: 524
[2026-08-23T17:37:59.216Z] runPostScanAnalysis started. Current nodes count: 525
[2026-08-23T17:37:59.233Z] runPostScanAnalysis started. Current nodes count: 526
[2026-08-23T17:37:59.249Z] runPostScanAnalysis started. Current nodes count: 527
[2026-08-23T17:37:59.266Z] runPostScanAnalysis started. Current nodes count: 528
[2026-08-23T17:37:59.284Z] runPostScanAnalysis started. Current nodes count: 529
[2026-08-23T17:37:59.301Z] runPostScanAnalysis started. Current nodes count: 530
[2026-08-23T17:37:59.319Z] runPostScanAnalysis started. Current nodes count: 531
[2026-08-23T17:37:59.335Z] runPostScanAnalysis started. Current nodes count: 532
[2026-08-23T17:37:59.353Z] runPostScanAnalysis started. Current nodes count: 533
[2026-08-23T17:37:59.369Z] runPostScanAnalysis started. Current nodes count: 534
[2026-08-23T17:37:59.386Z] runPostScanAnalysis started. Current nodes count: 535
[2026-08-23T17:37:59.403Z] runPostScanAnalysis started. Current nodes count: 536
[2026-08-23T17:37:59.419Z] runPostScanAnalysis started. Current nodes count: 537
[2026-08-23T17:37:59.435Z] runPostScanAnalysis started. Current nodes count: 538
[2026-08-23T17:37:59.453Z] runPostScanAnalysis started. Current nodes count: 539
[2026-08-23T17:37:59.469Z] runPostScanAnalysis started. Current nodes count: 540
[2026-08-23T17:37:59.486Z] runPostScanAnalysis started. Current nodes count: 541
[2026-08-23T17:37:59.505Z] runPostScanAnalysis started. Current nodes count: 542
[2026-08-23T17:37:59.663Z] runPostScanAnalysis started. Current nodes count: 543
[2026-08-23T17:37:59.685Z] runPostScanAnalysis started. Current nodes count: 544
[2026-08-23T17:37:59.703Z] runPostScanAnalysis started. Current nodes count: 545
[2026-08-23T17:37:59.720Z] runPostScanAnalysis started. Current nodes count: 546
[2026-08-23T17:37:59.737Z] runPostScanAnalysis started. Current nodes count: 547
[2026-08-23T17:37:59.755Z] runPostScanAnalysis started. Current nodes count: 548
[2026-08-23T17:37:59.772Z] runPostScanAnalysis started. Current nodes count: 549
[2026-08-23T17:37:59.791Z] runPostScanAnalysis started. Current nodes count: 550
[2026-08-23T17:37:59.808Z] runPostScanAnalysis started. Current nodes count: 551
[2026-08-23T17:37:59.825Z] runPostScanAnalysis started. Current nodes count: 552
[2026-08-23T17:37:59.841Z] runPostScanAnalysis started. Current nodes count: 553
[2026-08-23T17:37:59.858Z] runPostScanAnalysis started. Current nodes count: 554
[2026-08-23T17:37:59.876Z] runPostScanAnalysis started. Current nodes count: 555
[2026-08-23T17:37:59.892Z] runPostScanAnalysis started. Current nodes count: 556
[2026-08-23T17:37:59.910Z] runPostScanAnalysis started. Current nodes count: 557
[2026-08-23T17:37:59.927Z] runPostScanAnalysis started. Current nodes count: 558
[2026-08-23T17:38:07.878Z] Extension activating. WorkspaceFolders found: ["/Users/jaffar/Desktop/MacBookPro14/IOTAGit/IOTADashboard","/Users/jaffar/Desktop/MacBookPro14/IOTAGit/IOTAApiServer","/Users/jaffar/Desktop/MacBookPro14/IOTAGit/IOTADocuments"]
[2026-08-23T17:38:07.879Z] runFullScan started
[2026-08-23T17:38:07.879Z] Discovering files...
[2026-08-23T17:38:08.861Z] Scan complete: 1821 files found, 0 cached, 1821 freshly parsed, 981ms
[2026-08-23T17:38:08.861Z] runPostScanAnalysis started. Current nodes count: 1821
[2026-08-23T17:38:08.878Z] No active DependencyGraphPanel webview open.
[2026-08-23T17:38:08.878Z] runFullScan finished
[2026-08-23T17:38:12.690Z] runPostScanAnalysis started. Current nodes count: 1
[2026-08-23T17:38:12.692Z] No active DependencyGraphPanel webview open.
[2026-08-23T17:39:10.581Z] runPostScanAnalysis started. Current nodes count: 2
[2026-08-23T17:39:10.582Z] No active DependencyGraphPanel webview open.
[2026-08-23T17:39:59.762Z] runPostScanAnalysis started. Current nodes count: 2
[2026-08-23T17:39:59.763Z] No active DependencyGraphPanel webview open.
[2026-08-23T17:40:15.952Z] runPostScanAnalysis started. Current nodes count: 3
[2026-08-23T17:40:15.953Z] No active DependencyGraphPanel webview open.
[2026-08-23T17:40:28.694Z] runPostScanAnalysis started. Current nodes count: 5
[2026-08-23T17:40:28.694Z] No active DependencyGraphPanel webview open.
[2026-08-23T18:16:27.284Z] runPostScanAnalysis started. Current nodes count: 5
[2026-08-23T18:16:27.289Z] No active DependencyGraphPanel webview open.
[2026-08-23T18:16:44.219Z] runPostScanAnalysis started. Current nodes count: 5
[2026-08-23T18:16:44.221Z] No active DependencyGraphPanel webview open.
[2026-08-23T18:16:50.459Z] runPostScanAnalysis started. Current nodes count: 5
[2026-08-23T18:16:50.461Z] No active DependencyGraphPanel webview open.
[2026-08-24T13:43:07.230Z] runPostScanAnalysis started. Current nodes count: 6
[2026-08-24T13:43:07.235Z] No active DependencyGraphPanel webview open.
[2026-08-24T13:43:18.870Z] runPostScanAnalysis started. Current nodes count: 7
[2026-08-24T13:43:18.872Z] No active DependencyGraphPanel webview open.
[2026-08-24T13:43:50.017Z] runPostScanAnalysis started. Current nodes count: 9
[2026-08-24T13:43:50.019Z] No active DependencyGraphPanel webview open.
[2026-08-24T13:46:42.615Z] runPostScanAnalysis started. Current nodes count: 10
[2026-08-24T13:46:42.620Z] No active DependencyGraphPanel webview open.
[2026-08-24T13:47:36.033Z] runPostScanAnalysis started. Current nodes count: 11
[2026-08-24T13:47:36.036Z] No active DependencyGraphPanel webview open.
[2026-08-24T13:47:57.097Z] runPostScanAnalysis started. Current nodes count: 11
[2026-08-24T13:47:57.098Z] No active DependencyGraphPanel webview open.
[2026-08-24T13:48:29.036Z] runPostScanAnalysis started. Current nodes count: 12
[2026-08-24T13:48:29.039Z] No active DependencyGraphPanel webview open.
[2026-08-24T13:49:04.139Z] runPostScanAnalysis started. Current nodes count: 13
[2026-08-24T13:49:04.141Z] No active DependencyGraphPanel webview open.
[2026-08-24T13:49:35.939Z] runPostScanAnalysis started. Current nodes count: 14
[2026-08-24T13:49:35.942Z] No active DependencyGraphPanel webview open.
[2026-08-24T13:49:54.557Z] runPostScanAnalysis started. Current nodes count: 14
[2026-08-24T13:49:54.559Z] No active DependencyGraphPanel webview open.
[2026-08-24T13:50:56.379Z] runPostScanAnalysis started. Current nodes count: 15
[2026-08-24T13:50:56.383Z] No active DependencyGraphPanel webview open.
[2026-08-24T13:51:33.929Z] runPostScanAnalysis started. Current nodes count: 16
[2026-08-24T13:51:33.931Z] No active DependencyGraphPanel webview open.
[2026-08-24T13:52:12.314Z] runPostScanAnalysis started. Current nodes count: 17
[2026-08-24T13:52:12.318Z] No active DependencyGraphPanel webview open.
[2026-08-24T13:52:49.804Z] runPostScanAnalysis started. Current nodes count: 17
[2026-08-24T13:52:49.809Z] No active DependencyGraphPanel webview open.
[2026-08-24T13:52:49.825Z] runPostScanAnalysis started. Current nodes count: 17
[2026-08-24T13:52:49.826Z] No active DependencyGraphPanel webview open.
[2026-08-24T13:53:05.105Z] runPostScanAnalysis started. Current nodes count: 18
[2026-08-24T13:53:05.122Z] runPostScanAnalysis started. Current nodes count: 19
[2026-08-24T13:53:05.123Z] No active DependencyGraphPanel webview open.
[2026-08-24T13:53:05.124Z] No active DependencyGraphPanel webview open.
[2026-08-24T13:53:05.143Z] runPostScanAnalysis started. Current nodes count: 21
[2026-08-24T13:53:05.157Z] runPostScanAnalysis started. Current nodes count: 21
[2026-08-24T13:53:05.158Z] No active DependencyGraphPanel webview open.
[2026-08-24T13:53:05.158Z] No active DependencyGraphPanel webview open.
[2026-08-24T13:53:24.627Z] runPostScanAnalysis started. Current nodes count: 21
[2026-08-24T13:53:24.646Z] runPostScanAnalysis started. Current nodes count: 21
[2026-08-24T13:53:24.648Z] No active DependencyGraphPanel webview open.
[2026-08-24T13:53:24.648Z] No active DependencyGraphPanel webview open.
[2026-08-24T13:53:24.664Z] runPostScanAnalysis started. Current nodes count: 21
[2026-08-24T13:53:24.665Z] No active DependencyGraphPanel webview open.
[2026-08-24T13:53:44.989Z] runPostScanAnalysis started. Current nodes count: 21
[2026-08-24T13:53:44.997Z] No active DependencyGraphPanel webview open.
[2026-08-24T13:53:46.504Z] runPostScanAnalysis started. Current nodes count: 23
[2026-08-24T13:53:46.519Z] runPostScanAnalysis started. Current nodes count: 23
[2026-08-24T13:53:46.520Z] No active DependencyGraphPanel webview open.
[2026-08-24T13:53:46.521Z] No active DependencyGraphPanel webview open.
[2026-08-24T13:54:09.042Z] runPostScanAnalysis started. Current nodes count: 33
[2026-08-24T13:54:09.073Z] runPostScanAnalysis started. Current nodes count: 33
[2026-08-24T13:54:09.109Z] runPostScanAnalysis started. Current nodes count: 33
[2026-08-24T13:54:09.146Z] runPostScanAnalysis started. Current nodes count: 33
[2026-08-24T13:54:09.175Z] runPostScanAnalysis started. Current nodes count: 33
[2026-08-24T13:54:09.200Z] runPostScanAnalysis started. Current nodes count: 33
[2026-08-24T13:54:09.231Z] runPostScanAnalysis started. Current nodes count: 33
[2026-08-24T13:54:09.279Z] runPostScanAnalysis started. Current nodes count: 33
[2026-08-24T13:54:09.325Z] runPostScanAnalysis started. Current nodes count: 33
[2026-08-24T13:54:09.387Z] No active DependencyGraphPanel webview open.
[2026-08-24T13:54:09.387Z] No active DependencyGraphPanel webview open.
[2026-08-24T13:54:09.388Z] No active DependencyGraphPanel webview open.
[2026-08-24T13:54:09.388Z] No active DependencyGraphPanel webview open.
[2026-08-24T13:54:09.388Z] No active DependencyGraphPanel webview open.
[2026-08-24T13:54:09.389Z] No active DependencyGraphPanel webview open.
[2026-08-24T13:54:09.389Z] No active DependencyGraphPanel webview open.
[2026-08-24T13:54:09.389Z] No active DependencyGraphPanel webview open.
[2026-08-24T13:54:09.390Z] No active DependencyGraphPanel webview open.
[2026-08-24T13:54:09.442Z] runPostScanAnalysis started. Current nodes count: 190
[2026-08-24T13:54:09.462Z] runPostScanAnalysis started. Current nodes count: 190
[2026-08-24T13:54:09.481Z] runPostScanAnalysis started. Current nodes count: 190
[2026-08-24T13:54:09.498Z] runPostScanAnalysis started. Current nodes count: 190
[2026-08-24T13:54:09.512Z] runPostScanAnalysis started. Current nodes count: 190
[2026-08-24T13:54:09.533Z] runPostScanAnalysis started. Current nodes count: 190
[2026-08-24T13:54:09.550Z] runPostScanAnalysis started. Current nodes count: 190
[2026-08-24T13:54:09.568Z] runPostScanAnalysis started. Current nodes count: 190
[2026-08-24T13:54:09.586Z] runPostScanAnalysis started. Current nodes count: 190
[2026-08-24T13:54:09.604Z] runPostScanAnalysis started. Current nodes count: 190
[2026-08-24T13:54:09.625Z] runPostScanAnalysis started. Current nodes count: 190
[2026-08-24T13:54:09.646Z] runPostScanAnalysis started. Current nodes count: 190
[2026-08-24T13:54:09.663Z] runPostScanAnalysis started. Current nodes count: 190
[2026-08-24T13:54:09.685Z] runPostScanAnalysis started. Current nodes count: 190
[2026-08-24T13:54:09.709Z] runPostScanAnalysis started. Current nodes count: 190
[2026-08-24T13:54:09.726Z] runPostScanAnalysis started. Current nodes count: 190
[2026-08-24T13:54:09.741Z] runPostScanAnalysis started. Current nodes count: 190
[2026-08-24T13:54:09.757Z] runPostScanAnalysis started. Current nodes count: 190
[2026-08-24T13:54:09.773Z] runPostScanAnalysis started. Current nodes count: 190
[2026-08-24T13:54:09.788Z] runPostScanAnalysis started. Current nodes count: 190
[2026-08-24T13:54:09.803Z] runPostScanAnalysis started. Current nodes count: 190
[2026-08-24T13:54:09.828Z] runPostScanAnalysis started. Current nodes count: 190
[2026-08-24T13:54:09.843Z] runPostScanAnalysis started. Current nodes count: 190
[2026-08-24T13:54:09.860Z] runPostScanAnalysis started. Current nodes count: 190
[2026-08-24T13:54:09.874Z] runPostScanAnalysis started. Current nodes count: 190
[2026-08-24T13:54:09.890Z] runPostScanAnalysis started. Current nodes count: 190
[2026-08-24T13:54:09.906Z] runPostScanAnalysis started. Current nodes count: 190
[2026-08-24T13:54:09.920Z] runPostScanAnalysis started. Current nodes count: 190
[2026-08-24T13:54:09.934Z] runPostScanAnalysis started. Current nodes count: 190
[2026-08-24T13:54:09.948Z] runPostScanAnalysis started. Current nodes count: 190
[2026-08-24T13:54:09.963Z] runPostScanAnalysis started. Current nodes count: 190
[2026-08-24T13:54:09.981Z] runPostScanAnalysis started. Current nodes count: 190
[2026-08-24T13:54:09.996Z] runPostScanAnalysis started. Current nodes count: 190
[2026-08-24T13:54:10.012Z] runPostScanAnalysis started. Current nodes count: 190
[2026-08-24T13:54:10.027Z] runPostScanAnalysis started. Current nodes count: 190
[2026-08-24T13:54:10.041Z] runPostScanAnalysis started. Current nodes count: 190
[2026-08-24T13:54:10.056Z] runPostScanAnalysis started. Current nodes count: 190
[2026-08-24T13:54:10.071Z] runPostScanAnalysis started. Current nodes count: 190
[2026-08-24T13:54:10.085Z] runPostScanAnalysis started. Current nodes count: 190
[2026-08-24T13:54:10.100Z] runPostScanAnalysis started. Current nodes count: 190
[2026-08-24T13:54:10.124Z] runPostScanAnalysis started. Current nodes count: 190
[2026-08-24T13:54:10.141Z] runPostScanAnalysis started. Current nodes count: 190
[2026-08-24T13:54:10.160Z] runPostScanAnalysis started. Current nodes count: 190
[2026-08-24T13:54:10.174Z] runPostScanAnalysis started. Current nodes count: 190
[2026-08-24T13:54:10.187Z] runPostScanAnalysis started. Current nodes count: 190
[2026-08-24T13:54:10.202Z] runPostScanAnalysis started. Current nodes count: 190
[2026-08-24T13:54:10.216Z] runPostScanAnalysis started. Current nodes count: 190
[2026-08-24T13:54:10.233Z] runPostScanAnalysis started. Current nodes count: 190
[2026-08-24T13:54:10.248Z] runPostScanAnalysis started. Current nodes count: 190
[2026-08-24T13:54:10.265Z] runPostScanAnalysis started. Current nodes count: 190
[2026-08-24T13:54:10.282Z] runPostScanAnalysis started. Current nodes count: 190
[2026-08-24T13:54:10.299Z] runPostScanAnalysis started. Current nodes count: 190
[2026-08-24T13:54:10.316Z] runPostScanAnalysis started. Current nodes count: 190
[2026-08-24T13:54:10.332Z] runPostScanAnalysis started. Current nodes count: 190
[2026-08-24T13:54:10.347Z] runPostScanAnalysis started. Current nodes count: 190
[2026-08-24T13:54:10.362Z] runPostScanAnalysis started. Current nodes count: 190
[2026-08-24T13:54:10.376Z] runPostScanAnalysis started. Current nodes count: 190
[2026-08-24T13:54:10.393Z] runPostScanAnalysis started. Current nodes count: 190
[2026-08-24T13:54:10.406Z] runPostScanAnalysis started. Current nodes count: 190
[2026-08-24T13:54:10.421Z] runPostScanAnalysis started. Current nodes count: 190
[2026-08-24T13:54:10.435Z] runPostScanAnalysis started. Current nodes count: 190
[2026-08-24T13:54:10.456Z] runPostScanAnalysis started. Current nodes count: 190
[2026-08-24T13:54:10.475Z] runPostScanAnalysis started. Current nodes count: 190
[2026-08-24T13:54:10.489Z] runPostScanAnalysis started. Current nodes count: 190
[2026-08-24T13:54:10.506Z] runPostScanAnalysis started. Current nodes count: 190
[2026-08-24T13:54:10.526Z] runPostScanAnalysis started. Current nodes count: 190
[2026-08-24T13:54:10.541Z] runPostScanAnalysis started. Current nodes count: 190
[2026-08-24T13:54:10.557Z] runPostScanAnalysis started. Current nodes count: 190
[2026-08-24T13:54:10.572Z] runPostScanAnalysis started. Current nodes count: 190
[2026-08-24T13:54:10.588Z] runPostScanAnalysis started. Current nodes count: 190
[2026-08-24T13:54:10.604Z] runPostScanAnalysis started. Current nodes count: 190
[2026-08-24T13:54:10.621Z] runPostScanAnalysis started. Current nodes count: 190
[2026-08-24T13:54:10.640Z] runPostScanAnalysis started. Current nodes count: 190
[2026-08-24T13:54:10.656Z] runPostScanAnalysis started. Current nodes count: 190
[2026-08-24T13:54:10.672Z] runPostScanAnalysis started. Current nodes count: 190
[2026-08-24T13:54:10.690Z] runPostScanAnalysis started. Current nodes count: 190
[2026-08-24T13:54:10.718Z] runPostScanAnalysis started. Current nodes count: 190
[2026-08-24T13:54:10.734Z] runPostScanAnalysis started. Current nodes count: 190
[2026-08-24T13:54:10.750Z] runPostScanAnalysis started. Current nodes count: 190
[2026-08-24T13:54:10.770Z] runPostScanAnalysis started. Current nodes count: 190
[2026-08-24T13:54:10.787Z] runPostScanAnalysis started. Current nodes count: 190
[2026-08-24T13:54:10.803Z] runPostScanAnalysis started. Current nodes count: 190
[2026-08-24T13:54:10.818Z] runPostScanAnalysis started. Current nodes count: 190
[2026-08-24T13:54:10.834Z] runPostScanAnalysis started. Current nodes count: 190
[2026-08-24T13:54:10.849Z] runPostScanAnalysis started. Current nodes count: 190
[2026-08-24T13:54:10.865Z] runPostScanAnalysis started. Current nodes count: 190
[2026-08-24T13:54:10.879Z] runPostScanAnalysis started. Current nodes count: 190
[2026-08-24T13:54:10.896Z] runPostScanAnalysis started. Current nodes count: 190
[2026-08-24T13:54:10.911Z] runPostScanAnalysis started. Current nodes count: 190
[2026-08-24T13:54:10.926Z] runPostScanAnalysis started. Current nodes count: 190
[2026-08-24T13:54:10.940Z] runPostScanAnalysis started. Current nodes count: 190
[2026-08-24T13:54:10.953Z] runPostScanAnalysis started. Current nodes count: 190
[2026-08-24T13:54:10.966Z] runPostScanAnalysis started. Current nodes count: 190
[2026-08-24T13:54:10.979Z] runPostScanAnalysis started. Current nodes count: 190
[2026-08-24T13:54:10.993Z] runPostScanAnalysis started. Current nodes count: 190
[2026-08-24T13:54:11.007Z] runPostScanAnalysis started. Current nodes count: 190
[2026-08-24T13:54:11.021Z] runPostScanAnalysis started. Current nodes count: 190
[2026-08-24T13:54:11.034Z] runPostScanAnalysis started. Current nodes count: 190
[2026-08-24T13:54:11.046Z] runPostScanAnalysis started. Current nodes count: 190
[2026-08-24T13:54:11.062Z] runPostScanAnalysis started. Current nodes count: 190
[2026-08-24T13:54:11.076Z] runPostScanAnalysis started. Current nodes count: 190
[2026-08-24T13:54:11.090Z] runPostScanAnalysis started. Current nodes count: 190
[2026-08-24T13:54:11.104Z] runPostScanAnalysis started. Current nodes count: 190
[2026-08-24T13:54:11.119Z] runPostScanAnalysis started. Current nodes count: 190
[2026-08-24T13:54:11.134Z] runPostScanAnalysis started. Current nodes count: 190
[2026-08-24T13:54:11.150Z] runPostScanAnalysis started. Current nodes count: 190
[2026-08-24T13:54:11.165Z] runPostScanAnalysis started. Current nodes count: 190
[2026-08-24T13:54:11.180Z] runPostScanAnalysis started. Current nodes count: 190
[2026-08-24T13:54:11.194Z] runPostScanAnalysis started. Current nodes count: 190
[2026-08-24T13:54:11.209Z] runPostScanAnalysis started. Current nodes count: 190
[2026-08-24T13:54:11.224Z] runPostScanAnalysis started. Current nodes count: 190
[2026-08-24T13:54:11.239Z] runPostScanAnalysis started. Current nodes count: 190
[2026-08-24T13:54:11.254Z] runPostScanAnalysis started. Current nodes count: 190
[2026-08-24T13:54:11.271Z] runPostScanAnalysis started. Current nodes count: 190
[2026-08-24T13:54:11.299Z] runPostScanAnalysis started. Current nodes count: 190
[2026-08-24T13:54:11.315Z] runPostScanAnalysis started. Current nodes count: 190
[2026-08-24T13:54:11.331Z] runPostScanAnalysis started. Current nodes count: 190
[2026-08-24T13:54:11.346Z] runPostScanAnalysis started. Current nodes count: 190
[2026-08-24T13:54:11.360Z] runPostScanAnalysis started. Current nodes count: 190
[2026-08-24T13:54:11.374Z] runPostScanAnalysis started. Current nodes count: 190
[2026-08-24T13:54:11.388Z] runPostScanAnalysis started. Current nodes count: 190
[2026-08-24T13:54:11.402Z] runPostScanAnalysis started. Current nodes count: 190
[2026-08-24T13:54:11.416Z] runPostScanAnalysis started. Current nodes count: 190
[2026-08-24T13:54:11.430Z] runPostScanAnalysis started. Current nodes count: 190
[2026-08-24T13:54:11.444Z] runPostScanAnalysis started. Current nodes count: 190
[2026-08-24T13:54:11.457Z] runPostScanAnalysis started. Current nodes count: 190
[2026-08-24T13:54:11.471Z] runPostScanAnalysis started. Current nodes count: 190
[2026-08-24T13:54:11.485Z] runPostScanAnalysis started. Current nodes count: 190
[2026-08-24T13:54:11.499Z] runPostScanAnalysis started. Current nodes count: 190
[2026-08-24T13:54:11.512Z] runPostScanAnalysis started. Current nodes count: 190
[2026-08-24T13:54:11.526Z] runPostScanAnalysis started. Current nodes count: 190
[2026-08-24T13:54:11.541Z] runPostScanAnalysis started. Current nodes count: 190
[2026-08-24T13:54:11.555Z] runPostScanAnalysis started. Current nodes count: 190
[2026-08-24T13:54:11.570Z] runPostScanAnalysis started. Current nodes count: 190
[2026-08-24T13:54:11.586Z] runPostScanAnalysis started. Current nodes count: 190
[2026-08-24T13:54:11.600Z] runPostScanAnalysis started. Current nodes count: 190
[2026-08-24T13:54:11.616Z] runPostScanAnalysis started. Current nodes count: 190
[2026-08-24T13:54:11.632Z] runPostScanAnalysis started. Current nodes count: 190
[2026-08-24T13:54:11.647Z] runPostScanAnalysis started. Current nodes count: 190
[2026-08-24T13:54:11.662Z] runPostScanAnalysis started. Current nodes count: 190
[2026-08-24T13:54:11.677Z] runPostScanAnalysis started. Current nodes count: 190
[2026-08-24T13:54:11.691Z] runPostScanAnalysis started. Current nodes count: 190
[2026-08-24T13:54:11.707Z] runPostScanAnalysis started. Current nodes count: 190
[2026-08-24T13:54:11.722Z] runPostScanAnalysis started. Current nodes count: 190
[2026-08-24T13:54:11.737Z] runPostScanAnalysis started. Current nodes count: 190
[2026-08-24T13:54:11.752Z] runPostScanAnalysis started. Current nodes count: 190
[2026-08-24T13:54:11.774Z] runPostScanAnalysis started. Current nodes count: 190
[2026-08-24T13:54:11.789Z] runPostScanAnalysis started. Current nodes count: 190
[2026-08-24T13:54:11.805Z] runPostScanAnalysis started. Current nodes count: 190
[2026-08-24T13:54:11.819Z] runPostScanAnalysis started. Current nodes count: 190
[2026-08-24T13:54:11.837Z] runPostScanAnalysis started. Current nodes count: 190
[2026-08-24T13:54:11.851Z] runPostScanAnalysis started. Current nodes count: 190
[2026-08-24T13:54:11.868Z] runPostScanAnalysis started. Current nodes count: 190
[2026-08-24T13:54:11.883Z] runPostScanAnalysis started. Current nodes count: 190
[2026-08-24T13:54:11.884Z] No active DependencyGraphPanel webview open.
[2026-08-24T13:54:11.900Z] runPostScanAnalysis started. Current nodes count: 190
[2026-08-24T13:54:11.915Z] runPostScanAnalysis started. Current nodes count: 190
[2026-08-24T13:54:11.930Z] runPostScanAnalysis started. Current nodes count: 190
[2026-08-24T13:54:11.931Z] No active DependencyGraphPanel webview open.
[2026-08-24T13:54:11.931Z] No active DependencyGraphPanel webview open.
[2026-08-24T13:54:11.932Z] No active DependencyGraphPanel webview open.
[2026-08-24T13:54:11.932Z] No active DependencyGraphPanel webview open.
[2026-08-24T13:54:11.933Z] No active DependencyGraphPanel webview open.
[2026-08-24T13:54:11.933Z] No active DependencyGraphPanel webview open.
[2026-08-24T13:54:11.934Z] No active DependencyGraphPanel webview open.
[2026-08-24T13:54:11.935Z] No active DependencyGraphPanel webview open.
[2026-08-24T13:54:11.936Z] No active DependencyGraphPanel webview open.
[2026-08-24T13:54:11.936Z] No active DependencyGraphPanel webview open.
[2026-08-24T13:54:11.937Z] No active DependencyGraphPanel webview open.
[2026-08-24T13:54:11.937Z] No active DependencyGraphPanel webview open.
[2026-08-24T13:54:11.937Z] No active DependencyGraphPanel webview open.
[2026-08-24T13:54:11.938Z] No active DependencyGraphPanel webview open.
[2026-08-24T13:54:11.938Z] No active DependencyGraphPanel webview open.
[2026-08-24T13:54:11.939Z] No active DependencyGraphPanel webview open.
[2026-08-24T13:54:11.939Z] No active DependencyGraphPanel webview open.
[2026-08-24T13:54:11.939Z] No active DependencyGraphPanel webview open.
[2026-08-24T13:54:11.940Z] No active DependencyGraphPanel webview open.
[2026-08-24T13:54:11.940Z] No active DependencyGraphPanel webview open.
[2026-08-24T13:54:11.940Z] No active DependencyGraphPanel webview open.
[2026-08-24T13:54:11.941Z] No active DependencyGraphPanel webview open.
[2026-08-24T13:54:11.943Z] No active DependencyGraphPanel webview open.
[2026-08-24T13:54:11.943Z] No active DependencyGraphPanel webview open.
[2026-08-24T13:54:11.944Z] No active DependencyGraphPanel webview open.
[2026-08-24T13:54:11.944Z] No active DependencyGraphPanel webview open.
[2026-08-24T13:54:11.945Z] No active DependencyGraphPanel webview open.
[2026-08-24T13:54:11.945Z] No active DependencyGraphPanel webview open.
[2026-08-24T13:54:11.946Z] No active DependencyGraphPanel webview open.
[2026-08-24T13:54:11.946Z] No active DependencyGraphPanel webview open.
[2026-08-24T13:54:11.946Z] No active DependencyGraphPanel webview open.
[2026-08-24T13:54:11.947Z] No active DependencyGraphPanel webview open.
[2026-08-24T13:54:11.947Z] No active DependencyGraphPanel webview open.
[2026-08-24T13:54:11.948Z] No active DependencyGraphPanel webview open.
[2026-08-24T13:54:11.949Z] No active DependencyGraphPanel webview open.
[2026-08-24T13:54:11.950Z] No active DependencyGraphPanel webview open.
[2026-08-24T13:54:11.951Z] No active DependencyGraphPanel webview open.
[2026-08-24T13:54:11.952Z] No active DependencyGraphPanel webview open.
[2026-08-24T13:54:11.953Z] No active DependencyGraphPanel webview open.
[2026-08-24T13:54:11.956Z] runPostScanAnalysis started. Current nodes count: 190
[2026-08-24T13:54:11.956Z] runPostScanAnalysis started. Current nodes count: 190
[2026-08-24T13:54:11.956Z] runPostScanAnalysis started. Current nodes count: 190
[2026-08-24T13:54:11.957Z] runPostScanAnalysis started. Current nodes count: 190
[2026-08-24T13:54:11.958Z] runPostScanAnalysis started. Current nodes count: 190
[2026-08-24T13:54:11.958Z] runPostScanAnalysis started. Current nodes count: 190
[2026-08-24T13:54:11.959Z] runPostScanAnalysis started. Current nodes count: 190
[2026-08-24T13:54:11.975Z] No active DependencyGraphPanel webview open.
[2026-08-24T13:54:11.975Z] No active DependencyGraphPanel webview open.
[2026-08-24T13:54:11.976Z] No active DependencyGraphPanel webview open.
[2026-08-24T13:54:11.977Z] No active DependencyGraphPanel webview open.
[2026-08-24T13:54:11.977Z] No active DependencyGraphPanel webview open.
[2026-08-24T13:54:11.978Z] No active DependencyGraphPanel webview open.
[2026-08-24T13:54:11.979Z] No active DependencyGraphPanel webview open.
[2026-08-24T13:54:11.980Z] No active DependencyGraphPanel webview open.
[2026-08-24T13:54:11.981Z] No active DependencyGraphPanel webview open.
[2026-08-24T13:54:11.981Z] No active DependencyGraphPanel webview open.
[2026-08-24T13:54:11.982Z] No active DependencyGraphPanel webview open.
[2026-08-24T13:54:11.982Z] No active DependencyGraphPanel webview open.
[2026-08-24T13:54:11.983Z] No active DependencyGraphPanel webview open.
[2026-08-24T13:54:11.983Z] No active DependencyGraphPanel webview open.
[2026-08-24T13:54:11.984Z] No active DependencyGraphPanel webview open.
[2026-08-24T13:54:11.984Z] No active DependencyGraphPanel webview open.
[2026-08-24T13:54:11.985Z] No active DependencyGraphPanel webview open.
[2026-08-24T13:54:11.985Z] No active DependencyGraphPanel webview open.
[2026-08-24T13:54:11.986Z] No active DependencyGraphPanel webview open.
[2026-08-24T13:54:11.986Z] No active DependencyGraphPanel webview open.
[2026-08-24T13:54:11.986Z] No active DependencyGraphPanel webview open.
[2026-08-24T13:54:11.987Z] No active DependencyGraphPanel webview open.
[2026-08-24T13:54:11.988Z] No active DependencyGraphPanel webview open.
[2026-08-24T13:54:11.988Z] No active DependencyGraphPanel webview open.
[2026-08-24T13:54:11.989Z] No active DependencyGraphPanel webview open.
[2026-08-24T13:54:11.990Z] No active DependencyGraphPanel webview open.
[2026-08-24T13:54:11.990Z] No active DependencyGraphPanel webview open.
[2026-08-24T13:54:11.990Z] No active DependencyGraphPanel webview open.
[2026-08-24T13:54:11.991Z] No active DependencyGraphPanel webview open.
[2026-08-24T13:54:11.992Z] No active DependencyGraphPanel webview open.
[2026-08-24T13:54:11.992Z] No active DependencyGraphPanel webview open.
[2026-08-24T13:54:11.993Z] No active DependencyGraphPanel webview open.
[2026-08-24T13:54:11.993Z] No active DependencyGraphPanel webview open.
[2026-08-24T13:54:11.994Z] No active DependencyGraphPanel webview open.
[2026-08-24T13:54:11.995Z] No active DependencyGraphPanel webview open.
[2026-08-24T13:54:11.995Z] No active DependencyGraphPanel webview open.
[2026-08-24T13:54:11.996Z] No active DependencyGraphPanel webview open.
[2026-08-24T13:54:11.997Z] No active DependencyGraphPanel webview open.
[2026-08-24T13:54:11.997Z] No active DependencyGraphPanel webview open.
[2026-08-24T13:54:11.998Z] No active DependencyGraphPanel webview open.
[2026-08-24T13:54:11.999Z] No active DependencyGraphPanel webview open.
[2026-08-24T13:54:12.001Z] No active DependencyGraphPanel webview open.
[2026-08-24T13:54:12.002Z] No active DependencyGraphPanel webview open.
[2026-08-24T13:54:12.003Z] No active DependencyGraphPanel webview open.
[2026-08-24T13:54:12.004Z] No active DependencyGraphPanel webview open.
[2026-08-24T13:54:12.004Z] No active DependencyGraphPanel webview open.
[2026-08-24T13:54:12.005Z] No active DependencyGraphPanel webview open.
[2026-08-24T13:54:12.005Z] No active DependencyGraphPanel webview open.
[2026-08-24T13:54:12.006Z] No active DependencyGraphPanel webview open.
[2026-08-24T13:54:12.006Z] No active DependencyGraphPanel webview open.
[2026-08-24T13:54:12.008Z] No active DependencyGraphPanel webview open.
[2026-08-24T13:54:12.009Z] No active DependencyGraphPanel webview open.
[2026-08-24T13:54:12.009Z] No active DependencyGraphPanel webview open.
[2026-08-24T13:54:12.010Z] No active DependencyGraphPanel webview open.
[2026-08-24T13:54:12.011Z] No active DependencyGraphPanel webview open.
[2026-08-24T13:54:12.012Z] No active DependencyGraphPanel webview open.
[2026-08-24T13:54:12.012Z] No active DependencyGraphPanel webview open.
[2026-08-24T13:54:12.013Z] No active DependencyGraphPanel webview open.
[2026-08-24T13:54:12.014Z] No active DependencyGraphPanel webview open.
[2026-08-24T13:54:12.015Z] No active DependencyGraphPanel webview open.
[2026-08-24T13:54:12.015Z] No active DependencyGraphPanel webview open.
[2026-08-24T13:54:12.016Z] No active DependencyGraphPanel webview open.
[2026-08-24T13:54:12.016Z] No active DependencyGraphPanel webview open.
[2026-08-24T13:54:12.017Z] No active DependencyGraphPanel webview open.
[2026-08-24T13:54:12.017Z] No active DependencyGraphPanel webview open.
[2026-08-24T13:54:12.017Z] No active DependencyGraphPanel webview open.
[2026-08-24T13:54:12.018Z] No active DependencyGraphPanel webview open.
[2026-08-24T13:54:12.019Z] No active DependencyGraphPanel webview open.
[2026-08-24T13:54:12.019Z] No active DependencyGraphPanel webview open.
[2026-08-24T13:54:12.020Z] No active DependencyGraphPanel webview open.
[2026-08-24T13:54:12.020Z] No active DependencyGraphPanel webview open.
[2026-08-24T13:54:12.021Z] No active DependencyGraphPanel webview open.
[2026-08-24T13:54:12.022Z] No active DependencyGraphPanel webview open.
[2026-08-24T13:54:12.022Z] No active DependencyGraphPanel webview open.
[2026-08-24T13:54:12.023Z] No active DependencyGraphPanel webview open.
[2026-08-24T13:54:12.024Z] No active DependencyGraphPanel webview open.
[2026-08-24T13:54:12.024Z] No active DependencyGraphPanel webview open.
[2026-08-24T13:54:12.025Z] No active DependencyGraphPanel webview open.
[2026-08-24T13:54:12.026Z] No active DependencyGraphPanel webview open.
[2026-08-24T13:54:12.027Z] No active DependencyGraphPanel webview open.
[2026-08-24T13:54:12.028Z] No active DependencyGraphPanel webview open.
[2026-08-24T13:54:12.029Z] No active DependencyGraphPanel webview open.
[2026-08-24T13:54:12.029Z] No active DependencyGraphPanel webview open.
[2026-08-24T13:54:12.030Z] No active DependencyGraphPanel webview open.
[2026-08-24T13:54:12.030Z] No active DependencyGraphPanel webview open.
[2026-08-24T13:54:12.030Z] No active DependencyGraphPanel webview open.
[2026-08-24T13:54:12.031Z] No active DependencyGraphPanel webview open.
[2026-08-24T13:54:12.031Z] No active DependencyGraphPanel webview open.
[2026-08-24T13:54:12.031Z] No active DependencyGraphPanel webview open.
[2026-08-24T13:54:12.032Z] No active DependencyGraphPanel webview open.
[2026-08-24T13:54:12.032Z] No active DependencyGraphPanel webview open.
[2026-08-24T13:54:12.033Z] No active DependencyGraphPanel webview open.
[2026-08-24T13:54:12.033Z] No active DependencyGraphPanel webview open.
[2026-08-24T13:54:12.033Z] No active DependencyGraphPanel webview open.
[2026-08-24T13:54:12.034Z] No active DependencyGraphPanel webview open.
[2026-08-24T13:54:12.034Z] No active DependencyGraphPanel webview open.
[2026-08-24T13:54:12.035Z] No active DependencyGraphPanel webview open.
[2026-08-24T13:54:12.035Z] No active DependencyGraphPanel webview open.
[2026-08-24T13:54:12.036Z] No active DependencyGraphPanel webview open.
[2026-08-24T13:54:12.036Z] No active DependencyGraphPanel webview open.
[2026-08-24T13:54:12.038Z] No active DependencyGraphPanel webview open.
[2026-08-24T13:54:12.040Z] No active DependencyGraphPanel webview open.
[2026-08-24T13:54:12.041Z] No active DependencyGraphPanel webview open.
[2026-08-24T13:54:12.042Z] No active DependencyGraphPanel webview open.
[2026-08-24T13:54:12.044Z] No active DependencyGraphPanel webview open.
[2026-08-24T13:54:12.046Z] No active DependencyGraphPanel webview open.
[2026-08-24T13:54:12.047Z] No active DependencyGraphPanel webview open.
[2026-08-24T13:54:12.047Z] No active DependencyGraphPanel webview open.
[2026-08-24T13:54:12.047Z] No active DependencyGraphPanel webview open.
[2026-08-24T13:54:12.048Z] No active DependencyGraphPanel webview open.
[2026-08-24T13:54:12.048Z] No active DependencyGraphPanel webview open.
[2026-08-24T13:54:12.049Z] No active DependencyGraphPanel webview open.
[2026-08-24T13:54:12.049Z] No active DependencyGraphPanel webview open.
[2026-08-24T13:54:12.051Z] No active DependencyGraphPanel webview open.
[2026-08-24T13:54:12.052Z] No active DependencyGraphPanel webview open.
[2026-08-24T13:54:12.052Z] No active DependencyGraphPanel webview open.
[2026-08-24T13:54:12.053Z] No active DependencyGraphPanel webview open.
[2026-08-24T13:54:12.054Z] No active DependencyGraphPanel webview open.
[2026-08-24T13:54:12.054Z] No active DependencyGraphPanel webview open.
[2026-08-24T13:54:12.055Z] No active DependencyGraphPanel webview open.
[2026-08-24T13:54:12.055Z] No active DependencyGraphPanel webview open.
[2026-08-24T13:54:12.056Z] No active DependencyGraphPanel webview open.
[2026-08-24T13:54:12.057Z] No active DependencyGraphPanel webview open.
[2026-08-24T13:54:12.059Z] No active DependencyGraphPanel webview open.
[2026-08-24T13:54:12.493Z] runPostScanAnalysis started. Current nodes count: 378
[2026-08-24T13:54:12.507Z] runPostScanAnalysis started. Current nodes count: 379
[2026-08-24T13:54:12.522Z] runPostScanAnalysis started. Current nodes count: 380
[2026-08-24T13:54:12.536Z] runPostScanAnalysis started. Current nodes count: 381
[2026-08-24T13:54:12.552Z] runPostScanAnalysis started. Current nodes count: 383
[2026-08-24T13:54:12.567Z] runPostScanAnalysis started. Current nodes count: 387
[2026-08-24T13:54:12.582Z] runPostScanAnalysis started. Current nodes count: 388
[2026-08-24T13:54:12.596Z] runPostScanAnalysis started. Current nodes count: 389
[2026-08-24T13:54:12.610Z] runPostScanAnalysis started. Current nodes count: 390
[2026-08-24T13:54:12.626Z] runPostScanAnalysis started. Current nodes count: 391
[2026-08-24T13:54:12.640Z] runPostScanAnalysis started. Current nodes count: 392
[2026-08-24T13:54:12.658Z] runPostScanAnalysis started. Current nodes count: 393
[2026-08-24T13:54:12.674Z] runPostScanAnalysis started. Current nodes count: 394
[2026-08-24T13:54:12.690Z] runPostScanAnalysis started. Current nodes count: 395
[2026-08-24T13:54:12.706Z] runPostScanAnalysis started. Current nodes count: 396
[2026-08-24T13:54:12.722Z] runPostScanAnalysis started. Current nodes count: 397
[2026-08-24T13:54:12.737Z] runPostScanAnalysis started. Current nodes count: 398
[2026-08-24T13:54:12.752Z] runPostScanAnalysis started. Current nodes count: 399
[2026-08-24T13:54:12.765Z] runPostScanAnalysis started. Current nodes count: 400
[2026-08-24T13:54:12.781Z] runPostScanAnalysis started. Current nodes count: 401
[2026-08-24T13:54:12.797Z] runPostScanAnalysis started. Current nodes count: 402
[2026-08-24T13:54:12.814Z] runPostScanAnalysis started. Current nodes count: 403
[2026-08-24T13:54:12.829Z] runPostScanAnalysis started. Current nodes count: 404
[2026-08-24T13:54:12.846Z] runPostScanAnalysis started. Current nodes count: 405
[2026-08-24T13:54:12.862Z] runPostScanAnalysis started. Current nodes count: 406
[2026-08-24T13:54:12.878Z] runPostScanAnalysis started. Current nodes count: 407
[2026-08-24T13:54:12.893Z] runPostScanAnalysis started. Current nodes count: 408
[2026-08-24T13:54:12.909Z] runPostScanAnalysis started. Current nodes count: 409
[2026-08-24T13:54:12.924Z] runPostScanAnalysis started. Current nodes count: 410
[2026-08-24T13:54:12.941Z] runPostScanAnalysis started. Current nodes count: 411
[2026-08-24T13:54:12.959Z] runPostScanAnalysis started. Current nodes count: 412
[2026-08-24T13:54:12.976Z] runPostScanAnalysis started. Current nodes count: 413
[2026-08-24T13:54:12.994Z] runPostScanAnalysis started. Current nodes count: 414
[2026-08-24T13:54:13.010Z] runPostScanAnalysis started. Current nodes count: 415
[2026-08-24T13:54:13.040Z] runPostScanAnalysis started. Current nodes count: 416
[2026-08-24T13:54:13.066Z] runPostScanAnalysis started. Current nodes count: 417
[2026-08-24T13:54:13.087Z] runPostScanAnalysis started. Current nodes count: 418
[2026-08-24T13:54:13.104Z] runPostScanAnalysis started. Current nodes count: 419
[2026-08-24T13:54:13.126Z] runPostScanAnalysis started. Current nodes count: 420
[2026-08-24T13:54:13.145Z] runPostScanAnalysis started. Current nodes count: 421
[2026-08-24T13:54:13.178Z] runPostScanAnalysis started. Current nodes count: 422
[2026-08-24T13:54:13.198Z] runPostScanAnalysis started. Current nodes count: 423
[2026-08-24T13:54:13.219Z] runPostScanAnalysis started. Current nodes count: 424
[2026-08-24T13:54:13.237Z] runPostScanAnalysis started. Current nodes count: 425
[2026-08-24T13:54:13.253Z] runPostScanAnalysis started. Current nodes count: 426
[2026-08-24T13:54:13.269Z] runPostScanAnalysis started. Current nodes count: 427
[2026-08-24T13:54:13.286Z] runPostScanAnalysis started. Current nodes count: 428
[2026-08-24T13:54:13.303Z] runPostScanAnalysis started. Current nodes count: 429
[2026-08-24T13:54:13.320Z] runPostScanAnalysis started. Current nodes count: 430
[2026-08-24T13:54:13.336Z] runPostScanAnalysis started. Current nodes count: 431
[2026-08-24T13:54:13.352Z] runPostScanAnalysis started. Current nodes count: 432
[2026-08-24T13:54:13.366Z] runPostScanAnalysis started. Current nodes count: 433
[2026-08-24T13:54:13.382Z] runPostScanAnalysis started. Current nodes count: 434
[2026-08-24T13:54:13.397Z] runPostScanAnalysis started. Current nodes count: 435
[2026-08-24T13:54:13.412Z] runPostScanAnalysis started. Current nodes count: 436
[2026-08-24T13:54:13.427Z] runPostScanAnalysis started. Current nodes count: 437
[2026-08-24T13:54:13.443Z] runPostScanAnalysis started. Current nodes count: 438
[2026-08-24T13:54:13.458Z] runPostScanAnalysis started. Current nodes count: 439
[2026-08-24T13:54:13.473Z] runPostScanAnalysis started. Current nodes count: 440
[2026-08-24T13:54:13.488Z] runPostScanAnalysis started. Current nodes count: 441
[2026-08-24T13:54:13.504Z] runPostScanAnalysis started. Current nodes count: 442
[2026-08-24T13:54:13.519Z] runPostScanAnalysis started. Current nodes count: 443
[2026-08-24T13:54:13.534Z] runPostScanAnalysis started. Current nodes count: 444
[2026-08-24T13:54:13.549Z] runPostScanAnalysis started. Current nodes count: 445
[2026-08-24T13:54:13.564Z] runPostScanAnalysis started. Current nodes count: 446
[2026-08-24T13:54:13.580Z] runPostScanAnalysis started. Current nodes count: 447
[2026-08-24T13:54:13.595Z] runPostScanAnalysis started. Current nodes count: 448
[2026-08-24T13:54:13.610Z] runPostScanAnalysis started. Current nodes count: 449
[2026-08-24T13:54:13.625Z] runPostScanAnalysis started. Current nodes count: 450
[2026-08-24T13:54:13.642Z] runPostScanAnalysis started. Current nodes count: 451
[2026-08-24T13:54:13.657Z] runPostScanAnalysis started. Current nodes count: 452
[2026-08-24T13:54:13.671Z] runPostScanAnalysis started. Current nodes count: 453
[2026-08-24T13:54:13.687Z] runPostScanAnalysis started. Current nodes count: 454
[2026-08-24T13:54:13.702Z] runPostScanAnalysis started. Current nodes count: 455
[2026-08-24T13:54:13.716Z] runPostScanAnalysis started. Current nodes count: 456
[2026-08-24T13:54:13.730Z] runPostScanAnalysis started. Current nodes count: 457
[2026-08-24T13:54:13.745Z] runPostScanAnalysis started. Current nodes count: 458
[2026-08-24T13:54:13.759Z] runPostScanAnalysis started. Current nodes count: 459
[2026-08-24T13:54:13.774Z] runPostScanAnalysis started. Current nodes count: 460
[2026-08-24T13:54:13.789Z] runPostScanAnalysis started. Current nodes count: 461
[2026-08-24T13:54:13.804Z] runPostScanAnalysis started. Current nodes count: 462
[2026-08-24T13:54:13.818Z] runPostScanAnalysis started. Current nodes count: 463
[2026-08-24T13:54:13.834Z] runPostScanAnalysis started. Current nodes count: 464
[2026-08-24T13:54:13.849Z] runPostScanAnalysis started. Current nodes count: 465
[2026-08-24T13:54:13.864Z] runPostScanAnalysis started. Current nodes count: 466
[2026-08-24T13:54:13.879Z] runPostScanAnalysis started. Current nodes count: 467
[2026-08-24T13:54:13.895Z] runPostScanAnalysis started. Current nodes count: 468
[2026-08-24T13:54:13.909Z] runPostScanAnalysis started. Current nodes count: 469
[2026-08-24T13:54:13.926Z] runPostScanAnalysis started. Current nodes count: 470
[2026-08-24T13:54:13.943Z] runPostScanAnalysis started. Current nodes count: 471
[2026-08-24T13:54:13.961Z] runPostScanAnalysis started. Current nodes count: 472
[2026-08-24T13:54:13.979Z] runPostScanAnalysis started. Current nodes count: 473
[2026-08-24T13:54:13.997Z] runPostScanAnalysis started. Current nodes count: 474
[2026-08-24T13:54:14.014Z] runPostScanAnalysis started. Current nodes count: 475
[2026-08-24T13:54:14.031Z] runPostScanAnalysis started. Current nodes count: 476
[2026-08-24T13:54:14.048Z] runPostScanAnalysis started. Current nodes count: 477
[2026-08-24T13:54:14.065Z] runPostScanAnalysis started. Current nodes count: 478
[2026-08-24T13:54:14.084Z] runPostScanAnalysis started. Current nodes count: 479
[2026-08-24T13:54:14.101Z] runPostScanAnalysis started. Current nodes count: 480
[2026-08-24T13:54:14.117Z] runPostScanAnalysis started. Current nodes count: 481
[2026-08-24T13:54:14.134Z] runPostScanAnalysis started. Current nodes count: 482
[2026-08-24T13:54:14.150Z] runPostScanAnalysis started. Current nodes count: 483
[2026-08-24T13:54:14.166Z] runPostScanAnalysis started. Current nodes count: 484
[2026-08-24T13:54:14.181Z] runPostScanAnalysis started. Current nodes count: 485
[2026-08-24T13:54:14.197Z] runPostScanAnalysis started. Current nodes count: 486
[2026-08-24T13:54:14.211Z] runPostScanAnalysis started. Current nodes count: 487
[2026-08-24T13:54:14.225Z] runPostScanAnalysis started. Current nodes count: 488
[2026-08-24T13:54:14.241Z] runPostScanAnalysis started. Current nodes count: 489
[2026-08-24T13:54:14.266Z] runPostScanAnalysis started. Current nodes count: 490
[2026-08-24T13:54:14.306Z] runPostScanAnalysis started. Current nodes count: 491
[2026-08-24T13:54:14.322Z] runPostScanAnalysis started. Current nodes count: 492
[2026-08-24T13:54:14.340Z] runPostScanAnalysis started. Current nodes count: 493
[2026-08-24T13:54:14.355Z] runPostScanAnalysis started. Current nodes count: 494
[2026-08-24T13:54:14.371Z] runPostScanAnalysis started. Current nodes count: 495
[2026-08-24T13:54:14.385Z] runPostScanAnalysis started. Current nodes count: 496
[2026-08-24T13:54:14.400Z] runPostScanAnalysis started. Current nodes count: 497
[2026-08-24T13:54:14.415Z] runPostScanAnalysis started. Current nodes count: 498
[2026-08-24T13:54:14.431Z] runPostScanAnalysis started. Current nodes count: 499
[2026-08-24T13:54:14.446Z] runPostScanAnalysis started. Current nodes count: 500
[2026-08-24T13:54:14.461Z] runPostScanAnalysis started. Current nodes count: 501
[2026-08-24T13:54:14.477Z] runPostScanAnalysis started. Current nodes count: 502
[2026-08-24T13:54:14.493Z] runPostScanAnalysis started. Current nodes count: 503
[2026-08-24T13:54:14.523Z] runPostScanAnalysis started. Current nodes count: 504
[2026-08-24T13:54:14.571Z] runPostScanAnalysis started. Current nodes count: 505
[2026-08-24T13:54:14.605Z] runPostScanAnalysis started. Current nodes count: 506
[2026-08-24T13:54:14.626Z] runPostScanAnalysis started. Current nodes count: 507
[2026-08-24T13:54:14.652Z] runPostScanAnalysis started. Current nodes count: 508
[2026-08-24T13:54:14.686Z] runPostScanAnalysis started. Current nodes count: 509
[2026-08-24T13:54:14.726Z] runPostScanAnalysis started. Current nodes count: 510
[2026-08-24T13:54:14.741Z] runPostScanAnalysis started. Current nodes count: 511
[2026-08-24T13:54:14.755Z] runPostScanAnalysis started. Current nodes count: 512
[2026-08-24T13:54:14.778Z] runPostScanAnalysis started. Current nodes count: 513
[2026-08-24T13:54:14.817Z] runPostScanAnalysis started. Current nodes count: 514
[2026-08-24T13:54:14.855Z] runPostScanAnalysis started. Current nodes count: 515
[2026-08-24T13:54:14.896Z] runPostScanAnalysis started. Current nodes count: 516
[2026-08-24T13:54:14.933Z] runPostScanAnalysis started. Current nodes count: 517
[2026-08-24T13:54:14.952Z] runPostScanAnalysis started. Current nodes count: 518
[2026-08-24T13:54:14.984Z] runPostScanAnalysis started. Current nodes count: 519
[2026-08-24T13:54:15.001Z] runPostScanAnalysis started. Current nodes count: 520
[2026-08-24T13:54:15.022Z] runPostScanAnalysis started. Current nodes count: 521
[2026-08-24T13:54:15.040Z] runPostScanAnalysis started. Current nodes count: 522
[2026-08-24T13:54:15.056Z] runPostScanAnalysis started. Current nodes count: 523
[2026-08-24T13:54:15.072Z] runPostScanAnalysis started. Current nodes count: 524
[2026-08-24T13:54:15.110Z] runPostScanAnalysis started. Current nodes count: 525
[2026-08-24T13:54:15.130Z] runPostScanAnalysis started. Current nodes count: 526
[2026-08-24T13:54:15.145Z] runPostScanAnalysis started. Current nodes count: 527
[2026-08-24T13:54:15.161Z] runPostScanAnalysis started. Current nodes count: 528
[2026-08-24T13:54:15.176Z] runPostScanAnalysis started. Current nodes count: 529
[2026-08-24T13:54:15.195Z] runPostScanAnalysis started. Current nodes count: 530
[2026-08-24T13:54:15.213Z] runPostScanAnalysis started. Current nodes count: 531
[2026-08-24T13:54:15.229Z] runPostScanAnalysis started. Current nodes count: 532
[2026-08-24T13:54:15.245Z] runPostScanAnalysis started. Current nodes count: 533
[2026-08-24T13:54:15.260Z] runPostScanAnalysis started. Current nodes count: 534
[2026-08-24T13:54:15.275Z] runPostScanAnalysis started. Current nodes count: 535
[2026-08-24T13:54:15.290Z] runPostScanAnalysis started. Current nodes count: 536
[2026-08-24T13:54:15.304Z] runPostScanAnalysis started. Current nodes count: 537
[2026-08-24T13:54:15.320Z] runPostScanAnalysis started. Current nodes count: 538
[2026-08-24T13:54:15.336Z] runPostScanAnalysis started. Current nodes count: 539
[2026-08-24T13:54:15.351Z] runPostScanAnalysis started. Current nodes count: 540
[2026-08-24T13:54:15.366Z] runPostScanAnalysis started. Current nodes count: 541
[2026-08-24T13:54:15.382Z] runPostScanAnalysis started. Current nodes count: 542
[2026-08-24T13:54:15.397Z] runPostScanAnalysis started. Current nodes count: 543
[2026-08-24T13:54:15.413Z] runPostScanAnalysis started. Current nodes count: 544
[2026-08-24T13:54:15.429Z] runPostScanAnalysis started. Current nodes count: 545
[2026-08-24T13:54:15.445Z] runPostScanAnalysis started. Current nodes count: 546
[2026-08-24T13:54:15.460Z] runPostScanAnalysis started. Current nodes count: 547
[2026-08-24T13:54:15.475Z] runPostScanAnalysis started. Current nodes count: 548
[2026-08-24T13:54:15.490Z] runPostScanAnalysis started. Current nodes count: 549
[2026-08-24T13:54:15.505Z] runPostScanAnalysis started. Current nodes count: 550
[2026-08-24T13:54:15.520Z] runPostScanAnalysis started. Current nodes count: 551
[2026-08-24T13:54:15.537Z] runPostScanAnalysis started. Current nodes count: 552
[2026-08-24T13:54:15.554Z] runPostScanAnalysis started. Current nodes count: 553
[2026-08-24T13:54:15.569Z] runPostScanAnalysis started. Current nodes count: 554
[2026-08-24T13:54:15.583Z] runPostScanAnalysis started. Current nodes count: 555
[2026-08-24T13:54:15.597Z] runPostScanAnalysis started. Current nodes count: 556
[2026-08-24T13:54:15.645Z] runPostScanAnalysis started. Current nodes count: 846
[2026-08-24T13:54:15.658Z] No active DependencyGraphPanel webview open.
[2026-08-24T13:54:15.658Z] No active DependencyGraphPanel webview open.
[2026-08-24T13:54:15.659Z] No active DependencyGraphPanel webview open.
[2026-08-24T13:54:15.660Z] No active DependencyGraphPanel webview open.
[2026-08-24T13:54:15.660Z] No active DependencyGraphPanel webview open.
[2026-08-24T13:54:15.662Z] No active DependencyGraphPanel webview open.
[2026-08-24T13:54:15.662Z] No active DependencyGraphPanel webview open.
[2026-08-24T13:54:15.663Z] No active DependencyGraphPanel webview open.
[2026-08-24T13:54:15.664Z] No active DependencyGraphPanel webview open.
[2026-08-24T13:54:15.665Z] No active DependencyGraphPanel webview open.
[2026-08-24T13:54:15.665Z] No active DependencyGraphPanel webview open.
[2026-08-24T13:54:15.666Z] No active DependencyGraphPanel webview open.
[2026-08-24T13:54:15.667Z] No active DependencyGraphPanel webview open.
[2026-08-24T13:54:15.668Z] No active DependencyGraphPanel webview open.
[2026-08-24T13:54:15.669Z] No active DependencyGraphPanel webview open.
[2026-08-24T13:54:15.670Z] No active DependencyGraphPanel webview open.
[2026-08-24T13:54:15.671Z] No active DependencyGraphPanel webview open.
[2026-08-24T13:54:15.672Z] No active DependencyGraphPanel webview open.
[2026-08-24T13:54:15.672Z] No active DependencyGraphPanel webview open.
[2026-08-24T13:54:15.673Z] No active DependencyGraphPanel webview open.
[2026-08-24T13:54:15.674Z] No active DependencyGraphPanel webview open.
[2026-08-24T13:54:15.675Z] No active DependencyGraphPanel webview open.
[2026-08-24T13:54:15.675Z] No active DependencyGraphPanel webview open.
[2026-08-24T13:54:15.676Z] No active DependencyGraphPanel webview open.
[2026-08-24T13:54:15.677Z] No active DependencyGraphPanel webview open.
[2026-08-24T13:54:15.678Z] No active DependencyGraphPanel webview open.
[2026-08-24T13:54:15.678Z] No active DependencyGraphPanel webview open.
[2026-08-24T13:54:15.679Z] No active DependencyGraphPanel webview open.
[2026-08-24T13:54:15.680Z] No active DependencyGraphPanel webview open.
[2026-08-24T13:54:15.680Z] No active DependencyGraphPanel webview open.
[2026-08-24T13:54:15.681Z] No active DependencyGraphPanel webview open.
[2026-08-24T13:54:15.682Z] No active DependencyGraphPanel webview open.
[2026-08-24T13:54:15.683Z] No active DependencyGraphPanel webview open.
[2026-08-24T13:54:15.684Z] No active DependencyGraphPanel webview open.
[2026-08-24T13:54:15.684Z] No active DependencyGraphPanel webview open.
[2026-08-24T13:54:15.685Z] No active DependencyGraphPanel webview open.
[2026-08-24T13:54:15.686Z] No active DependencyGraphPanel webview open.
[2026-08-24T13:54:15.687Z] No active DependencyGraphPanel webview open.
[2026-08-24T13:54:15.687Z] No active DependencyGraphPanel webview open.
[2026-08-24T13:54:15.688Z] No active DependencyGraphPanel webview open.
[2026-08-24T13:54:15.689Z] No active DependencyGraphPanel webview open.
[2026-08-24T13:54:15.690Z] No active DependencyGraphPanel webview open.
[2026-08-24T13:54:15.690Z] No active DependencyGraphPanel webview open.
[2026-08-24T13:54:15.691Z] No active DependencyGraphPanel webview open.
[2026-08-24T13:54:15.692Z] No active DependencyGraphPanel webview open.
[2026-08-24T13:54:15.692Z] No active DependencyGraphPanel webview open.
[2026-08-24T13:54:15.693Z] No active DependencyGraphPanel webview open.
[2026-08-24T13:54:15.694Z] No active DependencyGraphPanel webview open.
[2026-08-24T13:54:15.694Z] No active DependencyGraphPanel webview open.
[2026-08-24T13:54:15.696Z] No active DependencyGraphPanel webview open.
[2026-08-24T13:54:15.696Z] No active DependencyGraphPanel webview open.
[2026-08-24T13:54:15.697Z] No active DependencyGraphPanel webview open.
[2026-08-24T13:54:15.699Z] No active DependencyGraphPanel webview open.
[2026-08-24T13:54:15.700Z] No active DependencyGraphPanel webview open.
[2026-08-24T13:54:15.700Z] No active DependencyGraphPanel webview open.
[2026-08-24T13:54:15.702Z] No active DependencyGraphPanel webview open.
[2026-08-24T13:54:15.702Z] No active DependencyGraphPanel webview open.
[2026-08-24T13:54:15.703Z] No active DependencyGraphPanel webview open.
[2026-08-24T13:54:15.704Z] No active DependencyGraphPanel webview open.
[2026-08-24T13:54:15.704Z] No active DependencyGraphPanel webview open.
[2026-08-24T13:54:15.705Z] No active DependencyGraphPanel webview open.
[2026-08-24T13:54:15.706Z] No active DependencyGraphPanel webview open.
[2026-08-24T13:54:15.707Z] No active DependencyGraphPanel webview open.
[2026-08-24T13:54:15.707Z] No active DependencyGraphPanel webview open.
[2026-08-24T13:54:15.708Z] No active DependencyGraphPanel webview open.
[2026-08-24T13:54:15.709Z] No active DependencyGraphPanel webview open.
[2026-08-24T13:54:15.710Z] No active DependencyGraphPanel webview open.
[2026-08-24T13:54:15.710Z] No active DependencyGraphPanel webview open.
[2026-08-24T13:54:15.711Z] No active DependencyGraphPanel webview open.
[2026-08-24T13:54:15.712Z] No active DependencyGraphPanel webview open.
[2026-08-24T13:54:15.713Z] No active DependencyGraphPanel webview open.
[2026-08-24T13:54:15.714Z] No active DependencyGraphPanel webview open.
[2026-08-24T13:54:15.715Z] No active DependencyGraphPanel webview open.
[2026-08-24T13:54:15.716Z] No active DependencyGraphPanel webview open.
[2026-08-24T13:54:15.717Z] No active DependencyGraphPanel webview open.
[2026-08-24T13:54:15.718Z] No active DependencyGraphPanel webview open.
[2026-08-24T13:54:15.719Z] No active DependencyGraphPanel webview open.
[2026-08-24T13:54:15.719Z] No active DependencyGraphPanel webview open.
[2026-08-24T13:54:15.720Z] No active DependencyGraphPanel webview open.
[2026-08-24T13:54:15.721Z] No active DependencyGraphPanel webview open.
[2026-08-24T13:54:15.722Z] No active DependencyGraphPanel webview open.
[2026-08-24T13:54:15.722Z] No active DependencyGraphPanel webview open.
[2026-08-24T13:54:15.723Z] No active DependencyGraphPanel webview open.
[2026-08-24T13:54:15.724Z] No active DependencyGraphPanel webview open.
[2026-08-24T13:54:15.726Z] No active DependencyGraphPanel webview open.
[2026-08-24T13:54:15.727Z] No active DependencyGraphPanel webview open.
[2026-08-24T13:54:15.728Z] No active DependencyGraphPanel webview open.
[2026-08-24T13:54:15.729Z] No active DependencyGraphPanel webview open.
[2026-08-24T13:54:15.730Z] No active DependencyGraphPanel webview open.
[2026-08-24T13:54:15.731Z] No active DependencyGraphPanel webview open.
[2026-08-24T13:54:15.732Z] No active DependencyGraphPanel webview open.
[2026-08-24T13:54:15.733Z] No active DependencyGraphPanel webview open.
[2026-08-24T13:54:15.734Z] No active DependencyGraphPanel webview open.
[2026-08-24T13:54:15.734Z] No active DependencyGraphPanel webview open.
[2026-08-24T13:54:15.735Z] No active DependencyGraphPanel webview open.
[2026-08-24T13:54:15.736Z] No active DependencyGraphPanel webview open.
[2026-08-24T13:54:15.738Z] No active DependencyGraphPanel webview open.
[2026-08-24T13:54:15.739Z] No active DependencyGraphPanel webview open.
[2026-08-24T13:54:15.740Z] No active DependencyGraphPanel webview open.
[2026-08-24T13:54:15.740Z] No active DependencyGraphPanel webview open.
[2026-08-24T13:54:15.741Z] No active DependencyGraphPanel webview open.
[2026-08-24T13:54:15.742Z] No active DependencyGraphPanel webview open.
[2026-08-24T13:54:15.743Z] No active DependencyGraphPanel webview open.
[2026-08-24T13:54:15.743Z] No active DependencyGraphPanel webview open.
[2026-08-24T13:54:15.744Z] No active DependencyGraphPanel webview open.
[2026-08-24T13:54:15.745Z] No active DependencyGraphPanel webview open.
[2026-08-24T13:54:15.746Z] No active DependencyGraphPanel webview open.
[2026-08-24T13:54:15.747Z] No active DependencyGraphPanel webview open.
[2026-08-24T13:54:15.750Z] No active DependencyGraphPanel webview open.
[2026-08-24T13:54:15.750Z] No active DependencyGraphPanel webview open.
[2026-08-24T13:54:15.751Z] No active DependencyGraphPanel webview open.
[2026-08-24T13:54:15.752Z] No active DependencyGraphPanel webview open.
[2026-08-24T13:54:15.754Z] No active DependencyGraphPanel webview open.
[2026-08-24T13:54:15.755Z] No active DependencyGraphPanel webview open.
[2026-08-24T13:54:15.755Z] No active DependencyGraphPanel webview open.
[2026-08-24T13:54:15.756Z] No active DependencyGraphPanel webview open.
[2026-08-24T13:54:15.757Z] No active DependencyGraphPanel webview open.
[2026-08-24T13:54:15.757Z] No active DependencyGraphPanel webview open.
[2026-08-24T13:54:15.758Z] No active DependencyGraphPanel webview open.
[2026-08-24T13:54:15.758Z] No active DependencyGraphPanel webview open.
[2026-08-24T13:54:15.759Z] No active DependencyGraphPanel webview open.
[2026-08-24T13:54:15.760Z] No active DependencyGraphPanel webview open.
[2026-08-24T13:54:15.761Z] No active DependencyGraphPanel webview open.
[2026-08-24T13:54:15.762Z] No active DependencyGraphPanel webview open.
[2026-08-24T13:54:15.762Z] No active DependencyGraphPanel webview open.
[2026-08-24T13:54:15.763Z] No active DependencyGraphPanel webview open.
[2026-08-24T13:54:15.764Z] No active DependencyGraphPanel webview open.
[2026-08-24T13:54:15.765Z] No active DependencyGraphPanel webview open.
[2026-08-24T13:54:15.767Z] No active DependencyGraphPanel webview open.
[2026-08-24T13:54:15.768Z] No active DependencyGraphPanel webview open.
[2026-08-24T13:54:15.769Z] No active DependencyGraphPanel webview open.
[2026-08-24T13:54:15.770Z] No active DependencyGraphPanel webview open.
[2026-08-24T13:54:15.771Z] No active DependencyGraphPanel webview open.
[2026-08-24T13:54:15.772Z] No active DependencyGraphPanel webview open.
[2026-08-24T13:54:15.773Z] No active DependencyGraphPanel webview open.
[2026-08-24T13:54:15.773Z] No active DependencyGraphPanel webview open.
[2026-08-24T13:54:15.775Z] No active DependencyGraphPanel webview open.
[2026-08-24T13:54:15.776Z] No active DependencyGraphPanel webview open.
[2026-08-24T13:54:15.776Z] No active DependencyGraphPanel webview open.
[2026-08-24T13:54:15.777Z] No active DependencyGraphPanel webview open.
[2026-08-24T13:54:15.777Z] No active DependencyGraphPanel webview open.
[2026-08-24T13:54:15.778Z] No active DependencyGraphPanel webview open.
[2026-08-24T13:54:15.778Z] No active DependencyGraphPanel webview open.
[2026-08-24T13:54:15.779Z] No active DependencyGraphPanel webview open.
[2026-08-24T13:54:15.780Z] No active DependencyGraphPanel webview open.
[2026-08-24T13:54:15.780Z] No active DependencyGraphPanel webview open.
[2026-08-24T13:54:15.780Z] No active DependencyGraphPanel webview open.
[2026-08-24T13:54:15.781Z] No active DependencyGraphPanel webview open.
[2026-08-24T13:54:15.781Z] No active DependencyGraphPanel webview open.
[2026-08-24T13:54:15.782Z] No active DependencyGraphPanel webview open.
[2026-08-24T13:54:15.782Z] No active DependencyGraphPanel webview open.
[2026-08-24T13:54:15.783Z] No active DependencyGraphPanel webview open.
[2026-08-24T13:54:15.784Z] No active DependencyGraphPanel webview open.
[2026-08-24T13:54:15.784Z] No active DependencyGraphPanel webview open.
[2026-08-24T13:54:15.785Z] No active DependencyGraphPanel webview open.
[2026-08-24T13:54:15.785Z] No active DependencyGraphPanel webview open.
[2026-08-24T13:54:15.786Z] No active DependencyGraphPanel webview open.
[2026-08-24T13:54:15.786Z] No active DependencyGraphPanel webview open.
[2026-08-24T13:54:15.787Z] No active DependencyGraphPanel webview open.
[2026-08-24T13:54:15.788Z] No active DependencyGraphPanel webview open.
[2026-08-24T13:54:15.789Z] No active DependencyGraphPanel webview open.
[2026-08-24T13:54:15.790Z] No active DependencyGraphPanel webview open.
[2026-08-24T13:54:15.791Z] No active DependencyGraphPanel webview open.
[2026-08-24T13:54:15.792Z] No active DependencyGraphPanel webview open.
[2026-08-24T13:54:15.793Z] No active DependencyGraphPanel webview open.
[2026-08-24T13:54:15.795Z] No active DependencyGraphPanel webview open.
[2026-08-24T13:54:15.797Z] No active DependencyGraphPanel webview open.
[2026-08-24T13:54:15.797Z] No active DependencyGraphPanel webview open.
[2026-08-24T13:54:15.798Z] No active DependencyGraphPanel webview open.
[2026-08-24T13:54:15.798Z] No active DependencyGraphPanel webview open.
[2026-08-24T13:54:15.799Z] No active DependencyGraphPanel webview open.
[2026-08-24T13:54:15.800Z] No active DependencyGraphPanel webview open.
[2026-08-24T13:54:15.800Z] No active DependencyGraphPanel webview open.
[2026-08-24T13:54:15.801Z] No active DependencyGraphPanel webview open.
[2026-08-24T13:54:15.801Z] No active DependencyGraphPanel webview open.
[2026-08-24T13:54:15.819Z] runPostScanAnalysis started. Current nodes count: 849
[2026-08-24T13:54:15.837Z] runPostScanAnalysis started. Current nodes count: 849
[2026-08-24T13:54:15.856Z] runPostScanAnalysis started. Current nodes count: 849
[2026-08-24T13:54:15.873Z] runPostScanAnalysis started. Current nodes count: 849
[2026-08-24T13:54:15.890Z] runPostScanAnalysis started. Current nodes count: 849
[2026-08-24T13:54:15.907Z] runPostScanAnalysis started. Current nodes count: 849
[2026-08-24T13:54:15.924Z] runPostScanAnalysis started. Current nodes count: 849
[2026-08-24T13:54:15.944Z] runPostScanAnalysis started. Current nodes count: 849
[2026-08-24T13:54:15.961Z] runPostScanAnalysis started. Current nodes count: 849
[2026-08-24T13:54:15.977Z] runPostScanAnalysis started. Current nodes count: 849
[2026-08-24T13:54:15.996Z] runPostScanAnalysis started. Current nodes count: 849
[2026-08-24T13:54:16.012Z] runPostScanAnalysis started. Current nodes count: 849
[2026-08-24T13:54:16.029Z] runPostScanAnalysis started. Current nodes count: 849
[2026-08-24T13:54:16.045Z] runPostScanAnalysis started. Current nodes count: 849
[2026-08-24T13:54:16.061Z] runPostScanAnalysis started. Current nodes count: 849
[2026-08-24T13:54:16.075Z] runPostScanAnalysis started. Current nodes count: 849
[2026-08-24T13:54:16.091Z] runPostScanAnalysis started. Current nodes count: 849
[2026-08-24T13:54:16.109Z] runPostScanAnalysis started. Current nodes count: 849
[2026-08-24T13:54:16.127Z] runPostScanAnalysis started. Current nodes count: 849
[2026-08-24T13:54:16.143Z] runPostScanAnalysis started. Current nodes count: 849
[2026-08-24T13:54:16.161Z] runPostScanAnalysis started. Current nodes count: 849
[2026-08-24T13:54:16.179Z] runPostScanAnalysis started. Current nodes count: 849
[2026-08-24T13:54:16.196Z] runPostScanAnalysis started. Current nodes count: 849
[2026-08-24T13:54:16.212Z] runPostScanAnalysis started. Current nodes count: 849
[2026-08-24T13:54:16.229Z] runPostScanAnalysis started. Current nodes count: 849
[2026-08-24T13:54:16.246Z] runPostScanAnalysis started. Current nodes count: 849
[2026-08-24T13:54:16.263Z] runPostScanAnalysis started. Current nodes count: 849
[2026-08-24T13:54:16.282Z] runPostScanAnalysis started. Current nodes count: 849
[2026-08-24T13:54:16.299Z] runPostScanAnalysis started. Current nodes count: 849
[2026-08-24T13:54:16.315Z] runPostScanAnalysis started. Current nodes count: 849
[2026-08-24T13:54:16.334Z] runPostScanAnalysis started. Current nodes count: 849
[2026-08-24T13:54:16.352Z] runPostScanAnalysis started. Current nodes count: 849
[2026-08-24T13:54:16.371Z] runPostScanAnalysis started. Current nodes count: 849
[2026-08-24T13:54:16.387Z] runPostScanAnalysis started. Current nodes count: 849
[2026-08-24T13:54:16.404Z] runPostScanAnalysis started. Current nodes count: 849
[2026-08-24T13:54:16.421Z] runPostScanAnalysis started. Current nodes count: 849
[2026-08-24T13:54:16.437Z] runPostScanAnalysis started. Current nodes count: 849
[2026-08-24T13:54:16.454Z] runPostScanAnalysis started. Current nodes count: 849
[2026-08-24T13:54:16.470Z] runPostScanAnalysis started. Current nodes count: 849
[2026-08-24T13:54:16.488Z] runPostScanAnalysis started. Current nodes count: 849
[2026-08-24T13:54:16.505Z] runPostScanAnalysis started. Current nodes count: 849
[2026-08-24T13:54:16.523Z] runPostScanAnalysis started. Current nodes count: 849
[2026-08-24T13:54:16.539Z] runPostScanAnalysis started. Current nodes count: 849
[2026-08-24T13:54:16.557Z] runPostScanAnalysis started. Current nodes count: 849
[2026-08-24T13:54:16.573Z] runPostScanAnalysis started. Current nodes count: 849
[2026-08-24T13:54:16.590Z] runPostScanAnalysis started. Current nodes count: 849
[2026-08-24T13:54:16.606Z] runPostScanAnalysis started. Current nodes count: 849
[2026-08-24T13:54:16.623Z] runPostScanAnalysis started. Current nodes count: 849
[2026-08-24T13:54:16.639Z] runPostScanAnalysis started. Current nodes count: 849
[2026-08-24T13:54:16.655Z] runPostScanAnalysis started. Current nodes count: 849
[2026-08-24T13:54:16.671Z] runPostScanAnalysis started. Current nodes count: 849
[2026-08-24T13:54:16.691Z] runPostScanAnalysis started. Current nodes count: 849
[2026-08-24T13:54:16.709Z] runPostScanAnalysis started. Current nodes count: 849
[2026-08-24T13:54:16.725Z] runPostScanAnalysis started. Current nodes count: 849
[2026-08-24T13:54:16.746Z] runPostScanAnalysis started. Current nodes count: 849
[2026-08-24T13:54:16.765Z] runPostScanAnalysis started. Current nodes count: 849
[2026-08-24T13:54:16.781Z] runPostScanAnalysis started. Current nodes count: 849
[2026-08-24T13:54:16.797Z] runPostScanAnalysis started. Current nodes count: 849
[2026-08-24T13:54:16.813Z] runPostScanAnalysis started. Current nodes count: 849
[2026-08-24T13:54:16.831Z] runPostScanAnalysis started. Current nodes count: 849
[2026-08-24T13:54:16.852Z] runPostScanAnalysis started. Current nodes count: 849
[2026-08-24T13:54:16.868Z] runPostScanAnalysis started. Current nodes count: 849
[2026-08-24T13:54:16.891Z] runPostScanAnalysis started. Current nodes count: 849
[2026-08-24T13:54:16.911Z] runPostScanAnalysis started. Current nodes count: 849
[2026-08-24T13:54:16.935Z] runPostScanAnalysis started. Current nodes count: 849
[2026-08-24T13:54:16.973Z] runPostScanAnalysis started. Current nodes count: 849
[2026-08-24T13:54:16.992Z] runPostScanAnalysis started. Current nodes count: 849
[2026-08-24T13:54:17.011Z] runPostScanAnalysis started. Current nodes count: 849
[2026-08-24T13:54:17.028Z] runPostScanAnalysis started. Current nodes count: 849
[2026-08-24T13:54:17.056Z] runPostScanAnalysis started. Current nodes count: 849
[2026-08-24T13:54:17.073Z] runPostScanAnalysis started. Current nodes count: 849
[2026-08-24T13:54:17.091Z] runPostScanAnalysis started. Current nodes count: 849
[2026-08-24T13:54:17.112Z] runPostScanAnalysis started. Current nodes count: 849
[2026-08-24T13:54:17.132Z] runPostScanAnalysis started. Current nodes count: 849
[2026-08-24T13:54:17.156Z] runPostScanAnalysis started. Current nodes count: 849
[2026-08-24T13:54:17.177Z] runPostScanAnalysis started. Current nodes count: 849
[2026-08-24T13:54:17.198Z] runPostScanAnalysis started. Current nodes count: 849
[2026-08-24T13:54:17.217Z] runPostScanAnalysis started. Current nodes count: 849
[2026-08-24T13:54:17.234Z] runPostScanAnalysis started. Current nodes count: 849
[2026-08-24T13:54:17.254Z] runPostScanAnalysis started. Current nodes count: 849
[2026-08-24T13:54:17.271Z] runPostScanAnalysis started. Current nodes count: 849
[2026-08-24T13:54:17.287Z] runPostScanAnalysis started. Current nodes count: 849
[2026-08-24T13:54:17.303Z] runPostScanAnalysis started. Current nodes count: 849
[2026-08-24T13:54:17.319Z] runPostScanAnalysis started. Current nodes count: 849
[2026-08-24T13:54:17.336Z] runPostScanAnalysis started. Current nodes count: 849
[2026-08-24T13:54:17.352Z] runPostScanAnalysis started. Current nodes count: 849
[2026-08-24T13:54:17.367Z] runPostScanAnalysis started. Current nodes count: 849
[2026-08-24T13:54:17.386Z] runPostScanAnalysis started. Current nodes count: 849
[2026-08-24T13:54:17.403Z] runPostScanAnalysis started. Current nodes count: 849
[2026-08-24T13:54:17.419Z] runPostScanAnalysis started. Current nodes count: 849
[2026-08-24T13:54:17.436Z] runPostScanAnalysis started. Current nodes count: 849
[2026-08-24T13:54:17.453Z] runPostScanAnalysis started. Current nodes count: 849
[2026-08-24T13:54:17.469Z] runPostScanAnalysis started. Current nodes count: 849
[2026-08-24T13:54:17.486Z] runPostScanAnalysis started. Current nodes count: 849
[2026-08-24T13:54:17.504Z] runPostScanAnalysis started. Current nodes count: 849
[2026-08-24T13:54:17.530Z] runPostScanAnalysis started. Current nodes count: 849
[2026-08-24T13:54:17.549Z] runPostScanAnalysis started. Current nodes count: 849
[2026-08-24T13:54:17.565Z] runPostScanAnalysis started. Current nodes count: 849
[2026-08-24T13:54:17.582Z] runPostScanAnalysis started. Current nodes count: 849
[2026-08-24T13:54:17.597Z] runPostScanAnalysis started. Current nodes count: 849
[2026-08-24T13:54:17.612Z] runPostScanAnalysis started. Current nodes count: 849
[2026-08-24T13:54:17.628Z] runPostScanAnalysis started. Current nodes count: 849
[2026-08-24T13:54:17.644Z] runPostScanAnalysis started. Current nodes count: 849
[2026-08-24T13:54:17.660Z] runPostScanAnalysis started. Current nodes count: 849
[2026-08-24T13:54:17.676Z] runPostScanAnalysis started. Current nodes count: 849
[2026-08-24T13:54:17.692Z] runPostScanAnalysis started. Current nodes count: 849
[2026-08-24T13:54:17.708Z] runPostScanAnalysis started. Current nodes count: 849
[2026-08-24T13:54:17.724Z] runPostScanAnalysis started. Current nodes count: 849
[2026-08-24T13:54:17.740Z] runPostScanAnalysis started. Current nodes count: 849
[2026-08-24T13:54:17.756Z] runPostScanAnalysis started. Current nodes count: 849
[2026-08-24T13:54:17.773Z] runPostScanAnalysis started. Current nodes count: 849
[2026-08-24T13:54:17.791Z] runPostScanAnalysis started. Current nodes count: 849
[2026-08-24T13:54:17.817Z] runPostScanAnalysis started. Current nodes count: 849
[2026-08-24T13:54:17.856Z] runPostScanAnalysis started. Current nodes count: 849
[2026-08-24T13:54:17.899Z] runPostScanAnalysis started. Current nodes count: 849
[2026-08-24T13:54:17.946Z] runPostScanAnalysis started. Current nodes count: 849
[2026-08-24T13:54:18.017Z] runPostScanAnalysis started. Current nodes count: 849
[2026-08-24T13:54:18.034Z] runPostScanAnalysis started. Current nodes count: 849
[2026-08-24T13:54:18.052Z] runPostScanAnalysis started. Current nodes count: 849
[2026-08-24T13:54:18.070Z] runPostScanAnalysis started. Current nodes count: 849
[2026-08-24T13:54:18.090Z] runPostScanAnalysis started. Current nodes count: 849
[2026-08-24T13:54:18.106Z] runPostScanAnalysis started. Current nodes count: 849
[2026-08-24T13:54:18.124Z] runPostScanAnalysis started. Current nodes count: 849
[2026-08-24T13:54:18.140Z] runPostScanAnalysis started. Current nodes count: 849
[2026-08-24T13:54:18.158Z] runPostScanAnalysis started. Current nodes count: 849
[2026-08-24T13:54:18.175Z] runPostScanAnalysis started. Current nodes count: 849
[2026-08-24T13:54:18.192Z] runPostScanAnalysis started. Current nodes count: 849
[2026-08-24T13:54:18.211Z] runPostScanAnalysis started. Current nodes count: 849
[2026-08-24T13:54:18.228Z] runPostScanAnalysis started. Current nodes count: 849
[2026-08-24T13:54:18.244Z] runPostScanAnalysis started. Current nodes count: 849
[2026-08-24T13:54:18.259Z] runPostScanAnalysis started. Current nodes count: 849
[2026-08-24T13:54:18.276Z] runPostScanAnalysis started. Current nodes count: 849
[2026-08-24T13:54:18.292Z] runPostScanAnalysis started. Current nodes count: 849
[2026-08-24T13:54:26.335Z] Extension activating. WorkspaceFolders found: ["/Users/jaffar/Desktop/MacBookPro14/IOTAGit/IOTADashboard","/Users/jaffar/Desktop/MacBookPro14/IOTAGit/IOTAApiServer","/Users/jaffar/Desktop/MacBookPro14/IOTAGit/IOTADocuments"]
[2026-08-24T13:54:26.337Z] runFullScan started
[2026-08-24T13:54:26.337Z] Discovering files...
[2026-08-24T13:54:27.200Z] Scan complete: 1833 files found, 0 cached, 1833 freshly parsed, 863ms
[2026-08-24T13:54:27.200Z] runPostScanAnalysis started. Current nodes count: 1833
[2026-08-24T13:54:27.209Z] No active DependencyGraphPanel webview open.
[2026-08-24T13:54:27.209Z] runFullScan finished
[2026-08-24T13:54:42.528Z] runPostScanAnalysis started. Current nodes count: 1
[2026-08-24T13:54:42.532Z] No active DependencyGraphPanel webview open.
[2026-08-24T13:54:52.264Z] runPostScanAnalysis started. Current nodes count: 1
[2026-08-24T13:54:52.268Z] No active DependencyGraphPanel webview open.
[2026-08-24T13:54:54.005Z] runPostScanAnalysis started. Current nodes count: 2
[2026-08-24T13:54:54.006Z] No active DependencyGraphPanel webview open.
[2026-08-24T13:54:54.019Z] runPostScanAnalysis started. Current nodes count: 3
[2026-08-24T13:54:54.019Z] No active DependencyGraphPanel webview open.
[2026-08-24T13:55:11.736Z] runPostScanAnalysis started. Current nodes count: 12
[2026-08-24T13:55:11.752Z] runPostScanAnalysis started. Current nodes count: 12
[2026-08-24T13:55:11.766Z] runPostScanAnalysis started. Current nodes count: 12
[2026-08-24T13:55:11.780Z] runPostScanAnalysis started. Current nodes count: 12
[2026-08-24T13:55:11.793Z] runPostScanAnalysis started. Current nodes count: 12
[2026-08-24T13:55:11.794Z] No active DependencyGraphPanel webview open.
[2026-08-24T13:55:11.794Z] No active DependencyGraphPanel webview open.
[2026-08-24T13:55:11.807Z] runPostScanAnalysis started. Current nodes count: 12
[2026-08-24T13:55:11.807Z] No active DependencyGraphPanel webview open.
[2026-08-24T13:55:11.821Z] runPostScanAnalysis started. Current nodes count: 12
[2026-08-24T13:55:11.821Z] No active DependencyGraphPanel webview open.
[2026-08-24T13:55:11.821Z] No active DependencyGraphPanel webview open.
[2026-08-24T13:55:11.835Z] runPostScanAnalysis started. Current nodes count: 12
[2026-08-24T13:55:11.836Z] No active DependencyGraphPanel webview open.
[2026-08-24T13:55:11.836Z] No active DependencyGraphPanel webview open.
[2026-08-24T13:55:11.837Z] No active DependencyGraphPanel webview open.
[2026-08-24T13:55:11.952Z] runPostScanAnalysis started. Current nodes count: 203
[2026-08-24T13:55:11.968Z] runPostScanAnalysis started. Current nodes count: 203
[2026-08-24T13:55:11.982Z] runPostScanAnalysis started. Current nodes count: 203
[2026-08-24T13:55:11.997Z] runPostScanAnalysis started. Current nodes count: 203
[2026-08-24T13:55:12.012Z] runPostScanAnalysis started. Current nodes count: 203
[2026-08-24T13:55:12.027Z] runPostScanAnalysis started. Current nodes count: 203
[2026-08-24T13:55:12.042Z] runPostScanAnalysis started. Current nodes count: 203
[2026-08-24T13:55:12.055Z] runPostScanAnalysis started. Current nodes count: 203
[2026-08-24T13:55:12.086Z] runPostScanAnalysis started. Current nodes count: 203
[2026-08-24T13:55:12.099Z] runPostScanAnalysis started. Current nodes count: 203
[2026-08-24T13:55:12.112Z] runPostScanAnalysis started. Current nodes count: 203
[2026-08-24T13:55:12.127Z] runPostScanAnalysis started. Current nodes count: 203
[2026-08-24T13:55:12.140Z] runPostScanAnalysis started. Current nodes count: 203
[2026-08-24T13:55:12.154Z] runPostScanAnalysis started. Current nodes count: 203
[2026-08-24T13:55:12.167Z] runPostScanAnalysis started. Current nodes count: 203
[2026-08-24T13:55:12.180Z] runPostScanAnalysis started. Current nodes count: 203
[2026-08-24T13:55:12.192Z] runPostScanAnalysis started. Current nodes count: 203
[2026-08-24T13:55:12.205Z] runPostScanAnalysis started. Current nodes count: 203
[2026-08-24T13:55:12.219Z] runPostScanAnalysis started. Current nodes count: 203
[2026-08-24T13:55:12.232Z] runPostScanAnalysis started. Current nodes count: 203
[2026-08-24T13:55:12.245Z] runPostScanAnalysis started. Current nodes count: 203
[2026-08-24T13:55:12.258Z] runPostScanAnalysis started. Current nodes count: 203
[2026-08-24T13:55:12.271Z] runPostScanAnalysis started. Current nodes count: 203
[2026-08-24T13:55:12.285Z] runPostScanAnalysis started. Current nodes count: 203
[2026-08-24T13:55:12.298Z] runPostScanAnalysis started. Current nodes count: 203
[2026-08-24T13:55:12.311Z] runPostScanAnalysis started. Current nodes count: 203
[2026-08-24T13:55:12.323Z] runPostScanAnalysis started. Current nodes count: 203
[2026-08-24T13:55:12.336Z] runPostScanAnalysis started. Current nodes count: 203
[2026-08-24T13:55:12.350Z] runPostScanAnalysis started. Current nodes count: 203
[2026-08-24T13:55:12.363Z] runPostScanAnalysis started. Current nodes count: 203
[2026-08-24T13:55:12.376Z] runPostScanAnalysis started. Current nodes count: 203
[2026-08-24T13:55:12.390Z] runPostScanAnalysis started. Current nodes count: 203
[2026-08-24T13:55:12.403Z] runPostScanAnalysis started. Current nodes count: 203
[2026-08-24T13:55:12.416Z] runPostScanAnalysis started. Current nodes count: 203
[2026-08-24T13:55:12.430Z] runPostScanAnalysis started. Current nodes count: 203
[2026-08-24T13:55:12.445Z] runPostScanAnalysis started. Current nodes count: 203
[2026-08-24T13:55:12.459Z] runPostScanAnalysis started. Current nodes count: 203
[2026-08-24T13:55:12.473Z] runPostScanAnalysis started. Current nodes count: 203
[2026-08-24T13:55:12.487Z] runPostScanAnalysis started. Current nodes count: 203
[2026-08-24T13:55:12.501Z] runPostScanAnalysis started. Current nodes count: 203
[2026-08-24T13:55:12.514Z] runPostScanAnalysis started. Current nodes count: 203
[2026-08-24T13:55:12.529Z] runPostScanAnalysis started. Current nodes count: 203
[2026-08-24T13:55:12.543Z] runPostScanAnalysis started. Current nodes count: 203
[2026-08-24T13:55:12.557Z] runPostScanAnalysis started. Current nodes count: 203
[2026-08-24T13:55:12.570Z] runPostScanAnalysis started. Current nodes count: 203
[2026-08-24T13:55:12.583Z] runPostScanAnalysis started. Current nodes count: 203
[2026-08-24T13:55:12.596Z] runPostScanAnalysis started. Current nodes count: 203
[2026-08-24T13:55:12.610Z] runPostScanAnalysis started. Current nodes count: 203
[2026-08-24T13:55:12.624Z] runPostScanAnalysis started. Current nodes count: 203
[2026-08-24T13:55:12.638Z] runPostScanAnalysis started. Current nodes count: 203
[2026-08-24T13:55:12.652Z] runPostScanAnalysis started. Current nodes count: 203
[2026-08-24T13:55:12.667Z] runPostScanAnalysis started. Current nodes count: 203
[2026-08-24T13:55:12.680Z] runPostScanAnalysis started. Current nodes count: 203
[2026-08-24T13:55:12.696Z] runPostScanAnalysis started. Current nodes count: 203
[2026-08-24T13:55:12.710Z] runPostScanAnalysis started. Current nodes count: 203
[2026-08-24T13:55:12.725Z] runPostScanAnalysis started. Current nodes count: 203
[2026-08-24T13:55:12.739Z] runPostScanAnalysis started. Current nodes count: 203
[2026-08-24T13:55:12.754Z] runPostScanAnalysis started. Current nodes count: 203
[2026-08-24T13:55:12.769Z] runPostScanAnalysis started. Current nodes count: 203
[2026-08-24T13:55:12.783Z] runPostScanAnalysis started. Current nodes count: 203
[2026-08-24T13:55:12.798Z] runPostScanAnalysis started. Current nodes count: 203
[2026-08-24T13:55:12.812Z] runPostScanAnalysis started. Current nodes count: 203
[2026-08-24T13:55:12.827Z] runPostScanAnalysis started. Current nodes count: 203
[2026-08-24T13:55:12.841Z] runPostScanAnalysis started. Current nodes count: 203
[2026-08-24T13:55:12.856Z] runPostScanAnalysis started. Current nodes count: 203
[2026-08-24T13:55:12.870Z] runPostScanAnalysis started. Current nodes count: 203
[2026-08-24T13:55:12.885Z] runPostScanAnalysis started. Current nodes count: 203
[2026-08-24T13:55:12.899Z] runPostScanAnalysis started. Current nodes count: 203
[2026-08-24T13:55:12.914Z] runPostScanAnalysis started. Current nodes count: 203
[2026-08-24T13:55:12.928Z] runPostScanAnalysis started. Current nodes count: 203
[2026-08-24T13:55:12.942Z] runPostScanAnalysis started. Current nodes count: 203
[2026-08-24T13:55:12.958Z] runPostScanAnalysis started. Current nodes count: 203
[2026-08-24T13:55:12.973Z] runPostScanAnalysis started. Current nodes count: 203
[2026-08-24T13:55:12.988Z] runPostScanAnalysis started. Current nodes count: 203
[2026-08-24T13:55:13.004Z] runPostScanAnalysis started. Current nodes count: 203
[2026-08-24T13:55:13.020Z] runPostScanAnalysis started. Current nodes count: 203
[2026-08-24T13:55:13.036Z] runPostScanAnalysis started. Current nodes count: 203
[2026-08-24T13:55:13.050Z] runPostScanAnalysis started. Current nodes count: 203
[2026-08-24T13:55:13.064Z] runPostScanAnalysis started. Current nodes count: 203
[2026-08-24T13:55:13.079Z] runPostScanAnalysis started. Current nodes count: 203
[2026-08-24T13:55:13.093Z] runPostScanAnalysis started. Current nodes count: 203
[2026-08-24T13:55:13.107Z] runPostScanAnalysis started. Current nodes count: 203
[2026-08-24T13:55:13.122Z] runPostScanAnalysis started. Current nodes count: 203
[2026-08-24T13:55:13.136Z] runPostScanAnalysis started. Current nodes count: 203
[2026-08-24T13:55:13.151Z] runPostScanAnalysis started. Current nodes count: 203
[2026-08-24T13:55:13.166Z] runPostScanAnalysis started. Current nodes count: 203
[2026-08-24T13:55:13.180Z] runPostScanAnalysis started. Current nodes count: 203
[2026-08-24T13:55:13.194Z] runPostScanAnalysis started. Current nodes count: 203
[2026-08-24T13:55:13.209Z] runPostScanAnalysis started. Current nodes count: 203
[2026-08-24T13:55:13.223Z] runPostScanAnalysis started. Current nodes count: 203
[2026-08-24T13:55:13.238Z] runPostScanAnalysis started. Current nodes count: 203
[2026-08-24T13:55:13.252Z] runPostScanAnalysis started. Current nodes count: 203
[2026-08-24T13:55:13.267Z] runPostScanAnalysis started. Current nodes count: 203
[2026-08-24T13:55:13.283Z] runPostScanAnalysis started. Current nodes count: 203
[2026-08-24T13:55:13.297Z] runPostScanAnalysis started. Current nodes count: 203
[2026-08-24T13:55:13.310Z] runPostScanAnalysis started. Current nodes count: 203
[2026-08-24T13:55:13.323Z] runPostScanAnalysis started. Current nodes count: 203
[2026-08-24T13:55:13.335Z] runPostScanAnalysis started. Current nodes count: 203
[2026-08-24T13:55:13.351Z] runPostScanAnalysis started. Current nodes count: 203
[2026-08-24T13:55:13.368Z] runPostScanAnalysis started. Current nodes count: 203
[2026-08-24T13:55:13.382Z] runPostScanAnalysis started. Current nodes count: 203
[2026-08-24T13:55:13.397Z] runPostScanAnalysis started. Current nodes count: 203
[2026-08-24T13:55:13.412Z] runPostScanAnalysis started. Current nodes count: 203
[2026-08-24T13:55:13.426Z] runPostScanAnalysis started. Current nodes count: 203
[2026-08-24T13:55:13.441Z] runPostScanAnalysis started. Current nodes count: 203
[2026-08-24T13:55:13.454Z] runPostScanAnalysis started. Current nodes count: 203
[2026-08-24T13:55:13.468Z] runPostScanAnalysis started. Current nodes count: 203
[2026-08-24T13:55:13.485Z] runPostScanAnalysis started. Current nodes count: 203
[2026-08-24T13:55:13.501Z] runPostScanAnalysis started. Current nodes count: 203
[2026-08-24T13:55:13.516Z] runPostScanAnalysis started. Current nodes count: 203
[2026-08-24T13:55:13.530Z] runPostScanAnalysis started. Current nodes count: 203
[2026-08-24T13:55:13.544Z] runPostScanAnalysis started. Current nodes count: 203
[2026-08-24T13:55:13.559Z] runPostScanAnalysis started. Current nodes count: 203
[2026-08-24T13:55:13.573Z] runPostScanAnalysis started. Current nodes count: 203
[2026-08-24T13:55:13.587Z] runPostScanAnalysis started. Current nodes count: 203
[2026-08-24T13:55:13.600Z] runPostScanAnalysis started. Current nodes count: 203
[2026-08-24T13:55:13.613Z] runPostScanAnalysis started. Current nodes count: 203
[2026-08-24T13:55:13.627Z] runPostScanAnalysis started. Current nodes count: 203
[2026-08-24T13:55:13.640Z] runPostScanAnalysis started. Current nodes count: 203
[2026-08-24T13:55:13.654Z] runPostScanAnalysis started. Current nodes count: 203
[2026-08-24T13:55:13.668Z] runPostScanAnalysis started. Current nodes count: 203
[2026-08-24T13:55:13.682Z] runPostScanAnalysis started. Current nodes count: 203
[2026-08-24T13:55:13.695Z] runPostScanAnalysis started. Current nodes count: 203
[2026-08-24T13:55:13.710Z] runPostScanAnalysis started. Current nodes count: 203
[2026-08-24T13:55:13.723Z] runPostScanAnalysis started. Current nodes count: 203
[2026-08-24T13:55:13.735Z] runPostScanAnalysis started. Current nodes count: 203
[2026-08-24T13:55:13.749Z] runPostScanAnalysis started. Current nodes count: 203
[2026-08-24T13:55:13.764Z] runPostScanAnalysis started. Current nodes count: 203
[2026-08-24T13:55:13.777Z] runPostScanAnalysis started. Current nodes count: 203
[2026-08-24T13:55:13.790Z] runPostScanAnalysis started. Current nodes count: 203
[2026-08-24T13:55:13.803Z] runPostScanAnalysis started. Current nodes count: 203
[2026-08-24T13:55:13.818Z] runPostScanAnalysis started. Current nodes count: 203
[2026-08-24T13:55:13.834Z] runPostScanAnalysis started. Current nodes count: 203
[2026-08-24T13:55:13.848Z] runPostScanAnalysis started. Current nodes count: 203
[2026-08-24T13:55:13.865Z] runPostScanAnalysis started. Current nodes count: 203
[2026-08-24T13:55:13.881Z] runPostScanAnalysis started. Current nodes count: 203
[2026-08-24T13:55:13.899Z] runPostScanAnalysis started. Current nodes count: 203
[2026-08-24T13:55:13.913Z] runPostScanAnalysis started. Current nodes count: 203
[2026-08-24T13:55:13.927Z] runPostScanAnalysis started. Current nodes count: 203
[2026-08-24T13:55:13.942Z] runPostScanAnalysis started. Current nodes count: 203
[2026-08-24T13:55:13.955Z] runPostScanAnalysis started. Current nodes count: 203
[2026-08-24T13:55:13.971Z] runPostScanAnalysis started. Current nodes count: 203
[2026-08-24T13:55:13.984Z] runPostScanAnalysis started. Current nodes count: 203
[2026-08-24T13:55:13.998Z] runPostScanAnalysis started. Current nodes count: 203
[2026-08-24T13:55:14.011Z] runPostScanAnalysis started. Current nodes count: 203
[2026-08-24T13:55:14.025Z] runPostScanAnalysis started. Current nodes count: 203
[2026-08-24T13:55:14.041Z] runPostScanAnalysis started. Current nodes count: 203
[2026-08-24T13:55:14.066Z] runPostScanAnalysis started. Current nodes count: 203
[2026-08-24T13:55:14.086Z] runPostScanAnalysis started. Current nodes count: 203
[2026-08-24T13:55:14.101Z] runPostScanAnalysis started. Current nodes count: 203
[2026-08-24T13:55:14.115Z] runPostScanAnalysis started. Current nodes count: 203
[2026-08-24T13:55:14.130Z] runPostScanAnalysis started. Current nodes count: 203
[2026-08-24T13:55:14.144Z] runPostScanAnalysis started. Current nodes count: 203
[2026-08-24T13:55:14.159Z] runPostScanAnalysis started. Current nodes count: 203
[2026-08-24T13:55:14.173Z] runPostScanAnalysis started. Current nodes count: 203
[2026-08-24T13:55:14.188Z] runPostScanAnalysis started. Current nodes count: 203
[2026-08-24T13:55:14.202Z] runPostScanAnalysis started. Current nodes count: 203
[2026-08-24T13:55:14.217Z] runPostScanAnalysis started. Current nodes count: 203
[2026-08-24T13:55:14.232Z] runPostScanAnalysis started. Current nodes count: 203
[2026-08-24T13:55:14.248Z] runPostScanAnalysis started. Current nodes count: 203
[2026-08-24T13:55:14.263Z] runPostScanAnalysis started. Current nodes count: 203
[2026-08-24T13:55:14.276Z] runPostScanAnalysis started. Current nodes count: 203
[2026-08-24T13:55:14.290Z] runPostScanAnalysis started. Current nodes count: 203
[2026-08-24T13:55:14.305Z] runPostScanAnalysis started. Current nodes count: 203
[2026-08-24T13:55:14.318Z] runPostScanAnalysis started. Current nodes count: 203
[2026-08-24T13:55:14.332Z] runPostScanAnalysis started. Current nodes count: 203
[2026-08-24T13:55:14.346Z] runPostScanAnalysis started. Current nodes count: 203
[2026-08-24T13:55:14.360Z] runPostScanAnalysis started. Current nodes count: 203
[2026-08-24T13:55:14.375Z] runPostScanAnalysis started. Current nodes count: 203
[2026-08-24T13:55:14.390Z] runPostScanAnalysis started. Current nodes count: 203
[2026-08-24T13:55:14.404Z] runPostScanAnalysis started. Current nodes count: 203
[2026-08-24T13:55:14.418Z] runPostScanAnalysis started. Current nodes count: 203
[2026-08-24T13:55:14.432Z] runPostScanAnalysis started. Current nodes count: 203
[2026-08-24T13:55:14.447Z] runPostScanAnalysis started. Current nodes count: 203
[2026-08-24T13:55:14.461Z] runPostScanAnalysis started. Current nodes count: 203
[2026-08-24T13:55:14.474Z] runPostScanAnalysis started. Current nodes count: 203
[2026-08-24T13:55:14.488Z] runPostScanAnalysis started. Current nodes count: 203
[2026-08-24T13:55:14.502Z] runPostScanAnalysis started. Current nodes count: 203
[2026-08-24T13:55:14.516Z] runPostScanAnalysis started. Current nodes count: 203
[2026-08-24T13:55:14.530Z] runPostScanAnalysis started. Current nodes count: 203
[2026-08-24T13:55:14.544Z] runPostScanAnalysis started. Current nodes count: 203
[2026-08-24T13:55:14.557Z] runPostScanAnalysis started. Current nodes count: 203
[2026-08-24T13:55:14.572Z] runPostScanAnalysis started. Current nodes count: 203
[2026-08-24T13:55:14.586Z] runPostScanAnalysis started. Current nodes count: 203
[2026-08-24T13:55:14.587Z] No active DependencyGraphPanel webview open.
[2026-08-24T13:55:14.588Z] No active DependencyGraphPanel webview open.
[2026-08-24T13:55:14.588Z] No active DependencyGraphPanel webview open.
[2026-08-24T13:55:14.588Z] No active DependencyGraphPanel webview open.
[2026-08-24T13:55:14.602Z] runPostScanAnalysis started. Current nodes count: 203
[2026-08-24T13:55:14.603Z] No active DependencyGraphPanel webview open.
[2026-08-24T13:55:14.603Z] No active DependencyGraphPanel webview open.
[2026-08-24T13:55:14.603Z] No active DependencyGraphPanel webview open.
[2026-08-24T13:55:14.604Z] No active DependencyGraphPanel webview open.
[2026-08-24T13:55:14.604Z] No active DependencyGraphPanel webview open.
[2026-08-24T13:55:14.604Z] No active DependencyGraphPanel webview open.
[2026-08-24T13:55:14.604Z] No active DependencyGraphPanel webview open.
[2026-08-24T13:55:14.604Z] No active DependencyGraphPanel webview open.
[2026-08-24T13:55:14.605Z] No active DependencyGraphPanel webview open.
[2026-08-24T13:55:14.605Z] No active DependencyGraphPanel webview open.
[2026-08-24T13:55:14.605Z] No active DependencyGraphPanel webview open.
[2026-08-24T13:55:14.605Z] No active DependencyGraphPanel webview open.
[2026-08-24T13:55:14.605Z] No active DependencyGraphPanel webview open.
[2026-08-24T13:55:14.606Z] No active DependencyGraphPanel webview open.
[2026-08-24T13:55:14.606Z] No active DependencyGraphPanel webview open.
[2026-08-24T13:55:14.606Z] No active DependencyGraphPanel webview open.
[2026-08-24T13:55:14.606Z] No active DependencyGraphPanel webview open.
[2026-08-24T13:55:14.607Z] No active DependencyGraphPanel webview open.
[2026-08-24T13:55:14.607Z] No active DependencyGraphPanel webview open.
[2026-08-24T13:55:14.607Z] No active DependencyGraphPanel webview open.
[2026-08-24T13:55:14.607Z] No active DependencyGraphPanel webview open.
[2026-08-24T13:55:14.607Z] No active DependencyGraphPanel webview open.
[2026-08-24T13:55:14.608Z] No active DependencyGraphPanel webview open.
[2026-08-24T13:55:14.608Z] No active DependencyGraphPanel webview open.
[2026-08-24T13:55:14.608Z] No active DependencyGraphPanel webview open.
[2026-08-24T13:55:14.608Z] No active DependencyGraphPanel webview open.
[2026-08-24T13:55:14.609Z] No active DependencyGraphPanel webview open.
[2026-08-24T13:55:14.609Z] No active DependencyGraphPanel webview open.
[2026-08-24T13:55:14.625Z] runPostScanAnalysis started. Current nodes count: 203
[2026-08-24T13:55:14.643Z] runPostScanAnalysis started. Current nodes count: 203
[2026-08-24T13:55:14.644Z] No active DependencyGraphPanel webview open.
[2026-08-24T13:55:14.644Z] No active DependencyGraphPanel webview open.
[2026-08-24T13:55:14.644Z] No active DependencyGraphPanel webview open.
[2026-08-24T13:55:14.645Z] No active DependencyGraphPanel webview open.
[2026-08-24T13:55:14.661Z] runPostScanAnalysis started. Current nodes count: 203
[2026-08-24T13:55:14.662Z] No active DependencyGraphPanel webview open.
[2026-08-24T13:55:14.662Z] No active DependencyGraphPanel webview open.
[2026-08-24T13:55:14.663Z] No active DependencyGraphPanel webview open.
[2026-08-24T13:55:14.663Z] No active DependencyGraphPanel webview open.
[2026-08-24T13:55:14.679Z] runPostScanAnalysis started. Current nodes count: 203
[2026-08-24T13:55:14.679Z] No active DependencyGraphPanel webview open.
[2026-08-24T13:55:14.681Z] runPostScanAnalysis started. Current nodes count: 203
[2026-08-24T13:55:14.701Z] No active DependencyGraphPanel webview open.
[2026-08-24T13:55:14.702Z] No active DependencyGraphPanel webview open.
[2026-08-24T13:55:14.702Z] No active DependencyGraphPanel webview open.
[2026-08-24T13:55:14.702Z] No active DependencyGraphPanel webview open.
[2026-08-24T13:55:14.703Z] No active DependencyGraphPanel webview open.
[2026-08-24T13:55:14.703Z] No active DependencyGraphPanel webview open.
[2026-08-24T13:55:14.703Z] No active DependencyGraphPanel webview open.
[2026-08-24T13:55:14.703Z] No active DependencyGraphPanel webview open.
[2026-08-24T13:55:14.704Z] No active DependencyGraphPanel webview open.
[2026-08-24T13:55:14.704Z] No active DependencyGraphPanel webview open.
[2026-08-24T13:55:14.704Z] No active DependencyGraphPanel webview open.
[2026-08-24T13:55:14.705Z] No active DependencyGraphPanel webview open.
[2026-08-24T13:55:14.705Z] No active DependencyGraphPanel webview open.
[2026-08-24T13:55:14.705Z] No active DependencyGraphPanel webview open.
[2026-08-24T13:55:14.706Z] No active DependencyGraphPanel webview open.
[2026-08-24T13:55:14.706Z] No active DependencyGraphPanel webview open.
[2026-08-24T13:55:14.706Z] No active DependencyGraphPanel webview open.
[2026-08-24T13:55:14.706Z] No active DependencyGraphPanel webview open.
[2026-08-24T13:55:14.707Z] No active DependencyGraphPanel webview open.
[2026-08-24T13:55:14.707Z] No active DependencyGraphPanel webview open.
[2026-08-24T13:55:14.707Z] No active DependencyGraphPanel webview open.
[2026-08-24T13:55:14.708Z] No active DependencyGraphPanel webview open.
[2026-08-24T13:55:14.708Z] No active DependencyGraphPanel webview open.
[2026-08-24T13:55:14.708Z] No active DependencyGraphPanel webview open.
[2026-08-24T13:55:14.708Z] No active DependencyGraphPanel webview open.
[2026-08-24T13:55:14.709Z] No active DependencyGraphPanel webview open.
[2026-08-24T13:55:14.709Z] No active DependencyGraphPanel webview open.
[2026-08-24T13:55:14.709Z] No active DependencyGraphPanel webview open.
[2026-08-24T13:55:14.709Z] No active DependencyGraphPanel webview open.
[2026-08-24T13:55:14.710Z] No active DependencyGraphPanel webview open.
[2026-08-24T13:55:14.710Z] No active DependencyGraphPanel webview open.
[2026-08-24T13:55:14.711Z] No active DependencyGraphPanel webview open.
[2026-08-24T13:55:14.711Z] No active DependencyGraphPanel webview open.
[2026-08-24T13:55:14.711Z] No active DependencyGraphPanel webview open.
[2026-08-24T13:55:14.712Z] No active DependencyGraphPanel webview open.
[2026-08-24T13:55:14.712Z] No active DependencyGraphPanel webview open.
[2026-08-24T13:55:14.712Z] No active DependencyGraphPanel webview open.
[2026-08-24T13:55:14.712Z] No active DependencyGraphPanel webview open.
[2026-08-24T13:55:14.713Z] No active DependencyGraphPanel webview open.
[2026-08-24T13:55:14.713Z] No active DependencyGraphPanel webview open.
[2026-08-24T13:55:14.713Z] No active DependencyGraphPanel webview open.
[2026-08-24T13:55:14.713Z] No active DependencyGraphPanel webview open.
[2026-08-24T13:55:14.713Z] No active DependencyGraphPanel webview open.
[2026-08-24T13:55:14.714Z] No active DependencyGraphPanel webview open.
[2026-08-24T13:55:14.714Z] No active DependencyGraphPanel webview open.
[2026-08-24T13:55:14.715Z] No active DependencyGraphPanel webview open.
[2026-08-24T13:55:14.715Z] No active DependencyGraphPanel webview open.
[2026-08-24T13:55:14.715Z] No active DependencyGraphPanel webview open.
[2026-08-24T13:55:14.716Z] No active DependencyGraphPanel webview open.
[2026-08-24T13:55:14.716Z] No active DependencyGraphPanel webview open.
[2026-08-24T13:55:14.716Z] No active DependencyGraphPanel webview open.
[2026-08-24T13:55:14.717Z] No active DependencyGraphPanel webview open.
[2026-08-24T13:55:14.717Z] No active DependencyGraphPanel webview open.
[2026-08-24T13:55:14.717Z] No active DependencyGraphPanel webview open.
[2026-08-24T13:55:14.717Z] No active DependencyGraphPanel webview open.
[2026-08-24T13:55:14.718Z] No active DependencyGraphPanel webview open.
[2026-08-24T13:55:14.718Z] No active DependencyGraphPanel webview open.
[2026-08-24T13:55:14.718Z] No active DependencyGraphPanel webview open.
[2026-08-24T13:55:14.718Z] No active DependencyGraphPanel webview open.
[2026-08-24T13:55:14.719Z] No active DependencyGraphPanel webview open.
[2026-08-24T13:55:14.719Z] No active DependencyGraphPanel webview open.
[2026-08-24T13:55:14.720Z] No active DependencyGraphPanel webview open.
[2026-08-24T13:55:14.720Z] No active DependencyGraphPanel webview open.
[2026-08-24T13:55:14.720Z] No active DependencyGraphPanel webview open.
[2026-08-24T13:55:14.720Z] No active DependencyGraphPanel webview open.
[2026-08-24T13:55:14.721Z] No active DependencyGraphPanel webview open.
[2026-08-24T13:55:14.721Z] No active DependencyGraphPanel webview open.
[2026-08-24T13:55:14.721Z] No active DependencyGraphPanel webview open.
[2026-08-24T13:55:14.721Z] No active DependencyGraphPanel webview open.
[2026-08-24T13:55:14.722Z] No active DependencyGraphPanel webview open.
[2026-08-24T13:55:14.722Z] No active DependencyGraphPanel webview open.
[2026-08-24T13:55:14.723Z] No active DependencyGraphPanel webview open.
[2026-08-24T13:55:14.723Z] No active DependencyGraphPanel webview open.
[2026-08-24T13:55:14.724Z] No active DependencyGraphPanel webview open.
[2026-08-24T13:55:14.724Z] No active DependencyGraphPanel webview open.
[2026-08-24T13:55:14.725Z] No active DependencyGraphPanel webview open.
[2026-08-24T13:55:14.725Z] No active DependencyGraphPanel webview open.
[2026-08-24T13:55:14.725Z] No active DependencyGraphPanel webview open.
[2026-08-24T13:55:14.726Z] No active DependencyGraphPanel webview open.
[2026-08-24T13:55:14.726Z] No active DependencyGraphPanel webview open.
[2026-08-24T13:55:14.726Z] No active DependencyGraphPanel webview open.
[2026-08-24T13:55:14.727Z] No active DependencyGraphPanel webview open.
[2026-08-24T13:55:14.727Z] No active DependencyGraphPanel webview open.
[2026-08-24T13:55:14.727Z] No active DependencyGraphPanel webview open.
[2026-08-24T13:55:14.728Z] No active DependencyGraphPanel webview open.
[2026-08-24T13:55:14.728Z] No active DependencyGraphPanel webview open.
[2026-08-24T13:55:14.728Z] No active DependencyGraphPanel webview open.
[2026-08-24T13:55:14.729Z] No active DependencyGraphPanel webview open.
[2026-08-24T13:55:14.729Z] No active DependencyGraphPanel webview open.
[2026-08-24T13:55:14.729Z] No active DependencyGraphPanel webview open.
[2026-08-24T13:55:14.744Z] runPostScanAnalysis started. Current nodes count: 203
[2026-08-24T13:55:14.745Z] No active DependencyGraphPanel webview open.
[2026-08-24T13:55:14.745Z] No active DependencyGraphPanel webview open.
[2026-08-24T13:55:14.745Z] No active DependencyGraphPanel webview open.
[2026-08-24T13:55:14.745Z] No active DependencyGraphPanel webview open.
[2026-08-24T13:55:14.761Z] runPostScanAnalysis started. Current nodes count: 203
[2026-08-24T13:55:14.762Z] No active DependencyGraphPanel webview open.
[2026-08-24T13:55:14.762Z] No active DependencyGraphPanel webview open.
[2026-08-24T13:55:14.762Z] No active DependencyGraphPanel webview open.
[2026-08-24T13:55:14.762Z] No active DependencyGraphPanel webview open.
[2026-08-24T13:55:14.763Z] No active DependencyGraphPanel webview open.
[2026-08-24T13:55:14.763Z] No active DependencyGraphPanel webview open.
[2026-08-24T13:55:14.763Z] No active DependencyGraphPanel webview open.
[2026-08-24T13:55:14.763Z] No active DependencyGraphPanel webview open.
[2026-08-24T13:55:14.764Z] No active DependencyGraphPanel webview open.
[2026-08-24T13:55:14.764Z] No active DependencyGraphPanel webview open.
[2026-08-24T13:55:14.764Z] No active DependencyGraphPanel webview open.
[2026-08-24T13:55:14.765Z] No active DependencyGraphPanel webview open.
[2026-08-24T13:55:14.765Z] No active DependencyGraphPanel webview open.
[2026-08-24T13:55:14.765Z] No active DependencyGraphPanel webview open.
[2026-08-24T13:55:14.765Z] No active DependencyGraphPanel webview open.
[2026-08-24T13:55:14.766Z] No active DependencyGraphPanel webview open.
[2026-08-24T13:55:14.766Z] No active DependencyGraphPanel webview open.
[2026-08-24T13:55:14.767Z] No active DependencyGraphPanel webview open.
[2026-08-24T13:55:14.767Z] No active DependencyGraphPanel webview open.
[2026-08-24T13:55:14.767Z] No active DependencyGraphPanel webview open.
[2026-08-24T13:55:14.767Z] No active DependencyGraphPanel webview open.
[2026-08-24T13:55:14.768Z] No active DependencyGraphPanel webview open.
[2026-08-24T13:55:14.768Z] No active DependencyGraphPanel webview open.
[2026-08-24T13:55:14.768Z] No active DependencyGraphPanel webview open.
[2026-08-24T13:55:14.769Z] No active DependencyGraphPanel webview open.
[2026-08-24T13:55:14.769Z] No active DependencyGraphPanel webview open.
[2026-08-24T13:55:14.769Z] No active DependencyGraphPanel webview open.
[2026-08-24T13:55:14.769Z] No active DependencyGraphPanel webview open.
[2026-08-24T13:55:14.769Z] No active DependencyGraphPanel webview open.
[2026-08-24T13:55:14.770Z] No active DependencyGraphPanel webview open.
[2026-08-24T13:55:14.770Z] No active DependencyGraphPanel webview open.
[2026-08-24T13:55:14.770Z] No active DependencyGraphPanel webview open.
[2026-08-24T13:55:14.770Z] No active DependencyGraphPanel webview open.
[2026-08-24T13:55:14.771Z] No active DependencyGraphPanel webview open.
[2026-08-24T13:55:14.771Z] No active DependencyGraphPanel webview open.
[2026-08-24T13:55:14.771Z] No active DependencyGraphPanel webview open.
[2026-08-24T13:55:14.772Z] No active DependencyGraphPanel webview open.
[2026-08-24T13:55:14.772Z] No active DependencyGraphPanel webview open.
[2026-08-24T13:55:14.772Z] No active DependencyGraphPanel webview open.
[2026-08-24T13:55:14.772Z] No active DependencyGraphPanel webview open.
[2026-08-24T13:55:14.772Z] No active DependencyGraphPanel webview open.
[2026-08-24T13:55:14.773Z] No active DependencyGraphPanel webview open.
[2026-08-24T13:55:14.773Z] No active DependencyGraphPanel webview open.
[2026-08-24T13:55:14.773Z] No active DependencyGraphPanel webview open.
[2026-08-24T13:55:14.773Z] No active DependencyGraphPanel webview open.
[2026-08-24T13:55:14.773Z] No active DependencyGraphPanel webview open.
[2026-08-24T13:55:14.773Z] No active DependencyGraphPanel webview open.
[2026-08-24T13:55:14.774Z] No active DependencyGraphPanel webview open.
[2026-08-24T13:55:14.774Z] No active DependencyGraphPanel webview open.
[2026-08-24T13:55:14.774Z] No active DependencyGraphPanel webview open.
[2026-08-24T13:55:14.774Z] No active DependencyGraphPanel webview open.
[2026-08-24T13:55:14.775Z] No active DependencyGraphPanel webview open.
[2026-08-24T13:55:14.775Z] No active DependencyGraphPanel webview open.
[2026-08-24T13:55:14.775Z] No active DependencyGraphPanel webview open.
[2026-08-24T13:55:14.776Z] No active DependencyGraphPanel webview open.
[2026-08-24T13:55:14.797Z] No active DependencyGraphPanel webview open.
[2026-08-24T13:55:14.797Z] No active DependencyGraphPanel webview open.
[2026-08-24T13:55:14.894Z] runPostScanAnalysis started. Current nodes count: 352
[2026-08-24T13:55:14.909Z] runPostScanAnalysis started. Current nodes count: 354
[2026-08-24T13:55:14.924Z] runPostScanAnalysis started. Current nodes count: 356
[2026-08-24T13:55:14.938Z] runPostScanAnalysis started. Current nodes count: 357
[2026-08-24T13:55:14.953Z] runPostScanAnalysis started. Current nodes count: 358
[2026-08-24T13:55:14.970Z] runPostScanAnalysis started. Current nodes count: 359
[2026-08-24T13:55:14.985Z] runPostScanAnalysis started. Current nodes count: 360
[2026-08-24T13:55:15.000Z] runPostScanAnalysis started. Current nodes count: 361
[2026-08-24T13:55:15.014Z] runPostScanAnalysis started. Current nodes count: 362
[2026-08-24T13:55:15.029Z] runPostScanAnalysis started. Current nodes count: 363
[2026-08-24T13:55:15.049Z] runPostScanAnalysis started. Current nodes count: 364
[2026-08-24T13:55:15.066Z] runPostScanAnalysis started. Current nodes count: 365
[2026-08-24T13:55:15.081Z] runPostScanAnalysis started. Current nodes count: 366
[2026-08-24T13:55:15.097Z] runPostScanAnalysis started. Current nodes count: 367
[2026-08-24T13:55:15.112Z] runPostScanAnalysis started. Current nodes count: 368
[2026-08-24T13:55:15.128Z] runPostScanAnalysis started. Current nodes count: 369
[2026-08-24T13:55:15.145Z] runPostScanAnalysis started. Current nodes count: 370
[2026-08-24T13:55:15.159Z] runPostScanAnalysis started. Current nodes count: 371
[2026-08-24T13:55:15.175Z] runPostScanAnalysis started. Current nodes count: 372
[2026-08-24T13:55:15.190Z] runPostScanAnalysis started. Current nodes count: 373
[2026-08-24T13:55:15.206Z] runPostScanAnalysis started. Current nodes count: 374
[2026-08-24T13:55:15.222Z] runPostScanAnalysis started. Current nodes count: 375
[2026-08-24T13:55:15.237Z] runPostScanAnalysis started. Current nodes count: 376
[2026-08-24T13:55:15.252Z] runPostScanAnalysis started. Current nodes count: 377
[2026-08-24T13:55:15.270Z] runPostScanAnalysis started. Current nodes count: 378
[2026-08-24T13:55:15.286Z] runPostScanAnalysis started. Current nodes count: 379
[2026-08-24T13:55:15.302Z] runPostScanAnalysis started. Current nodes count: 380
[2026-08-24T13:55:15.319Z] runPostScanAnalysis started. Current nodes count: 381
[2026-08-24T13:55:15.337Z] runPostScanAnalysis started. Current nodes count: 382
[2026-08-24T13:55:15.351Z] runPostScanAnalysis started. Current nodes count: 383
[2026-08-24T13:55:15.366Z] runPostScanAnalysis started. Current nodes count: 384
[2026-08-24T13:55:15.381Z] runPostScanAnalysis started. Current nodes count: 385
[2026-08-24T13:55:15.395Z] runPostScanAnalysis started. Current nodes count: 386
[2026-08-24T13:55:15.409Z] runPostScanAnalysis started. Current nodes count: 387
[2026-08-24T13:55:15.424Z] runPostScanAnalysis started. Current nodes count: 388
[2026-08-24T13:55:15.439Z] runPostScanAnalysis started. Current nodes count: 389
[2026-08-24T13:55:15.453Z] runPostScanAnalysis started. Current nodes count: 390
[2026-08-24T13:55:15.468Z] runPostScanAnalysis started. Current nodes count: 391
[2026-08-24T13:55:15.483Z] runPostScanAnalysis started. Current nodes count: 392
[2026-08-24T13:55:15.498Z] runPostScanAnalysis started. Current nodes count: 393
[2026-08-24T13:55:15.513Z] runPostScanAnalysis started. Current nodes count: 394
[2026-08-24T13:55:15.528Z] runPostScanAnalysis started. Current nodes count: 395
[2026-08-24T13:55:15.542Z] runPostScanAnalysis started. Current nodes count: 396
[2026-08-24T13:55:15.556Z] runPostScanAnalysis started. Current nodes count: 397
[2026-08-24T13:55:15.571Z] runPostScanAnalysis started. Current nodes count: 398
[2026-08-24T13:55:15.586Z] runPostScanAnalysis started. Current nodes count: 399
[2026-08-24T13:55:15.600Z] runPostScanAnalysis started. Current nodes count: 400
[2026-08-24T13:55:15.615Z] runPostScanAnalysis started. Current nodes count: 401
[2026-08-24T13:55:15.629Z] runPostScanAnalysis started. Current nodes count: 402
[2026-08-24T13:55:15.643Z] runPostScanAnalysis started. Current nodes count: 403
[2026-08-24T13:55:15.658Z] runPostScanAnalysis started. Current nodes count: 404
[2026-08-24T13:55:15.672Z] runPostScanAnalysis started. Current nodes count: 405
[2026-08-24T13:55:15.686Z] runPostScanAnalysis started. Current nodes count: 406
[2026-08-24T13:55:15.699Z] runPostScanAnalysis started. Current nodes count: 407
[2026-08-24T13:55:15.713Z] runPostScanAnalysis started. Current nodes count: 408
[2026-08-24T13:55:15.726Z] runPostScanAnalysis started. Current nodes count: 409
[2026-08-24T13:55:15.738Z] runPostScanAnalysis started. Current nodes count: 410
[2026-08-24T13:55:15.751Z] runPostScanAnalysis started. Current nodes count: 411
[2026-08-24T13:55:15.764Z] runPostScanAnalysis started. Current nodes count: 412
[2026-08-24T13:55:15.777Z] runPostScanAnalysis started. Current nodes count: 413
[2026-08-24T13:55:15.790Z] runPostScanAnalysis started. Current nodes count: 414
[2026-08-24T13:55:15.803Z] runPostScanAnalysis started. Current nodes count: 415
[2026-08-24T13:55:15.817Z] runPostScanAnalysis started. Current nodes count: 416
[2026-08-24T13:55:15.831Z] runPostScanAnalysis started. Current nodes count: 417
[2026-08-24T13:55:15.845Z] runPostScanAnalysis started. Current nodes count: 418
[2026-08-24T13:55:15.860Z] runPostScanAnalysis started. Current nodes count: 419
[2026-08-24T13:55:15.874Z] runPostScanAnalysis started. Current nodes count: 420
[2026-08-24T13:55:15.889Z] runPostScanAnalysis started. Current nodes count: 421
[2026-08-24T13:55:15.904Z] runPostScanAnalysis started. Current nodes count: 422
[2026-08-24T13:55:15.918Z] runPostScanAnalysis started. Current nodes count: 423
[2026-08-24T13:55:15.934Z] runPostScanAnalysis started. Current nodes count: 424
[2026-08-24T13:55:15.950Z] runPostScanAnalysis started. Current nodes count: 425
[2026-08-24T13:55:15.966Z] runPostScanAnalysis started. Current nodes count: 426
[2026-08-24T13:55:15.980Z] runPostScanAnalysis started. Current nodes count: 427
[2026-08-24T13:55:15.995Z] runPostScanAnalysis started. Current nodes count: 428
[2026-08-24T13:55:16.011Z] runPostScanAnalysis started. Current nodes count: 429
[2026-08-24T13:55:16.026Z] runPostScanAnalysis started. Current nodes count: 430
[2026-08-24T13:55:16.040Z] runPostScanAnalysis started. Current nodes count: 431
[2026-08-24T13:55:16.054Z] runPostScanAnalysis started. Current nodes count: 432
[2026-08-24T13:55:16.068Z] runPostScanAnalysis started. Current nodes count: 433
[2026-08-24T13:55:16.084Z] runPostScanAnalysis started. Current nodes count: 434
[2026-08-24T13:55:16.099Z] runPostScanAnalysis started. Current nodes count: 435
[2026-08-24T13:55:16.113Z] runPostScanAnalysis started. Current nodes count: 436
[2026-08-24T13:55:16.127Z] runPostScanAnalysis started. Current nodes count: 437
[2026-08-24T13:55:16.143Z] runPostScanAnalysis started. Current nodes count: 438
[2026-08-24T13:55:16.159Z] runPostScanAnalysis started. Current nodes count: 439
[2026-08-24T13:55:16.174Z] runPostScanAnalysis started. Current nodes count: 440
[2026-08-24T13:55:16.188Z] runPostScanAnalysis started. Current nodes count: 441
[2026-08-24T13:55:16.206Z] runPostScanAnalysis started. Current nodes count: 442
[2026-08-24T13:55:16.227Z] runPostScanAnalysis started. Current nodes count: 443
[2026-08-24T13:55:16.243Z] runPostScanAnalysis started. Current nodes count: 444
[2026-08-24T13:55:16.258Z] runPostScanAnalysis started. Current nodes count: 445
[2026-08-24T13:55:16.277Z] runPostScanAnalysis started. Current nodes count: 446
[2026-08-24T13:55:16.301Z] runPostScanAnalysis started. Current nodes count: 447
[2026-08-24T13:55:16.319Z] runPostScanAnalysis started. Current nodes count: 448
[2026-08-24T13:55:16.335Z] runPostScanAnalysis started. Current nodes count: 449
[2026-08-24T13:55:16.369Z] runPostScanAnalysis started. Current nodes count: 454
[2026-08-24T13:55:16.439Z] runPostScanAnalysis started. Current nodes count: 742
[2026-08-24T13:55:16.462Z] runPostScanAnalysis started. Current nodes count: 743
[2026-08-24T13:55:16.481Z] runPostScanAnalysis started. Current nodes count: 745
[2026-08-24T13:55:16.499Z] runPostScanAnalysis started. Current nodes count: 746
[2026-08-24T13:55:16.522Z] runPostScanAnalysis started. Current nodes count: 750
[2026-08-24T13:55:16.530Z] No active DependencyGraphPanel webview open.
[2026-08-24T13:55:16.530Z] No active DependencyGraphPanel webview open.
[2026-08-24T13:55:16.531Z] No active DependencyGraphPanel webview open.
[2026-08-24T13:55:16.531Z] No active DependencyGraphPanel webview open.
[2026-08-24T13:55:16.532Z] No active DependencyGraphPanel webview open.
[2026-08-24T13:55:16.532Z] No active DependencyGraphPanel webview open.
[2026-08-24T13:55:16.533Z] No active DependencyGraphPanel webview open.
[2026-08-24T13:55:16.534Z] No active DependencyGraphPanel webview open.
[2026-08-24T13:55:16.534Z] No active DependencyGraphPanel webview open.
[2026-08-24T13:55:16.534Z] No active DependencyGraphPanel webview open.
[2026-08-24T13:55:16.535Z] No active DependencyGraphPanel webview open.
[2026-08-24T13:55:16.536Z] No active DependencyGraphPanel webview open.
[2026-08-24T13:55:16.537Z] No active DependencyGraphPanel webview open.
[2026-08-24T13:55:16.538Z] No active DependencyGraphPanel webview open.
[2026-08-24T13:55:16.538Z] No active DependencyGraphPanel webview open.
[2026-08-24T13:55:16.539Z] No active DependencyGraphPanel webview open.
[2026-08-24T13:55:16.539Z] No active DependencyGraphPanel webview open.
[2026-08-24T13:55:16.540Z] No active DependencyGraphPanel webview open.
[2026-08-24T13:55:16.540Z] No active DependencyGraphPanel webview open.
[2026-08-24T13:55:16.541Z] No active DependencyGraphPanel webview open.
[2026-08-24T13:55:16.542Z] No active DependencyGraphPanel webview open.
[2026-08-24T13:55:16.543Z] No active DependencyGraphPanel webview open.
[2026-08-24T13:55:16.543Z] No active DependencyGraphPanel webview open.
[2026-08-24T13:55:16.544Z] No active DependencyGraphPanel webview open.
[2026-08-24T13:55:16.544Z] No active DependencyGraphPanel webview open.
[2026-08-24T13:55:16.545Z] No active DependencyGraphPanel webview open.
[2026-08-24T13:55:16.546Z] No active DependencyGraphPanel webview open.
[2026-08-24T13:55:16.546Z] No active DependencyGraphPanel webview open.
[2026-08-24T13:55:16.547Z] No active DependencyGraphPanel webview open.
[2026-08-24T13:55:16.547Z] No active DependencyGraphPanel webview open.
[2026-08-24T13:55:16.548Z] No active DependencyGraphPanel webview open.
[2026-08-24T13:55:16.549Z] No active DependencyGraphPanel webview open.
[2026-08-24T13:55:16.550Z] No active DependencyGraphPanel webview open.
[2026-08-24T13:55:16.550Z] No active DependencyGraphPanel webview open.
[2026-08-24T13:55:16.551Z] No active DependencyGraphPanel webview open.
[2026-08-24T13:55:16.551Z] No active DependencyGraphPanel webview open.
[2026-08-24T13:55:16.551Z] No active DependencyGraphPanel webview open.
[2026-08-24T13:55:16.552Z] No active DependencyGraphPanel webview open.
[2026-08-24T13:55:16.553Z] No active DependencyGraphPanel webview open.
[2026-08-24T13:55:16.554Z] No active DependencyGraphPanel webview open.
[2026-08-24T13:55:16.555Z] No active DependencyGraphPanel webview open.
[2026-08-24T13:55:16.555Z] No active DependencyGraphPanel webview open.
[2026-08-24T13:55:16.555Z] No active DependencyGraphPanel webview open.
[2026-08-24T13:55:16.556Z] No active DependencyGraphPanel webview open.
[2026-08-24T13:55:16.556Z] No active DependencyGraphPanel webview open.
[2026-08-24T13:55:16.556Z] No active DependencyGraphPanel webview open.
[2026-08-24T13:55:16.556Z] No active DependencyGraphPanel webview open.
[2026-08-24T13:55:16.557Z] No active DependencyGraphPanel webview open.
[2026-08-24T13:55:16.557Z] No active DependencyGraphPanel webview open.
[2026-08-24T13:55:16.557Z] No active DependencyGraphPanel webview open.
[2026-08-24T13:55:16.558Z] No active DependencyGraphPanel webview open.
[2026-08-24T13:55:16.558Z] No active DependencyGraphPanel webview open.
[2026-08-24T13:55:16.558Z] No active DependencyGraphPanel webview open.
[2026-08-24T13:55:16.558Z] No active DependencyGraphPanel webview open.
[2026-08-24T13:55:16.559Z] No active DependencyGraphPanel webview open.
[2026-08-24T13:55:16.559Z] No active DependencyGraphPanel webview open.
[2026-08-24T13:55:16.559Z] No active DependencyGraphPanel webview open.
[2026-08-24T13:55:16.562Z] No active DependencyGraphPanel webview open.
[2026-08-24T13:55:16.562Z] No active DependencyGraphPanel webview open.
[2026-08-24T13:55:16.562Z] No active DependencyGraphPanel webview open.
[2026-08-24T13:55:16.563Z] No active DependencyGraphPanel webview open.
[2026-08-24T13:55:16.563Z] No active DependencyGraphPanel webview open.
[2026-08-24T13:55:16.563Z] No active DependencyGraphPanel webview open.
[2026-08-24T13:55:16.564Z] No active DependencyGraphPanel webview open.
[2026-08-24T13:55:16.564Z] No active DependencyGraphPanel webview open.
[2026-08-24T13:55:16.564Z] No active DependencyGraphPanel webview open.
[2026-08-24T13:55:16.565Z] No active DependencyGraphPanel webview open.
[2026-08-24T13:55:16.565Z] No active DependencyGraphPanel webview open.
[2026-08-24T13:55:16.565Z] No active DependencyGraphPanel webview open.
[2026-08-24T13:55:16.566Z] No active DependencyGraphPanel webview open.
[2026-08-24T13:55:16.567Z] No active DependencyGraphPanel webview open.
[2026-08-24T13:55:16.568Z] No active DependencyGraphPanel webview open.
[2026-08-24T13:55:16.568Z] No active DependencyGraphPanel webview open.
[2026-08-24T13:55:16.569Z] No active DependencyGraphPanel webview open.
[2026-08-24T13:55:16.569Z] No active DependencyGraphPanel webview open.
[2026-08-24T13:55:16.569Z] No active DependencyGraphPanel webview open.
[2026-08-24T13:55:16.570Z] No active DependencyGraphPanel webview open.
[2026-08-24T13:55:16.570Z] No active DependencyGraphPanel webview open.
[2026-08-24T13:55:16.571Z] No active DependencyGraphPanel webview open.
[2026-08-24T13:55:16.571Z] No active DependencyGraphPanel webview open.
[2026-08-24T13:55:16.571Z] No active DependencyGraphPanel webview open.
[2026-08-24T13:55:16.573Z] No active DependencyGraphPanel webview open.
[2026-08-24T13:55:16.573Z] No active DependencyGraphPanel webview open.
[2026-08-24T13:55:16.574Z] No active DependencyGraphPanel webview open.
[2026-08-24T13:55:16.574Z] No active DependencyGraphPanel webview open.
[2026-08-24T13:55:16.575Z] No active DependencyGraphPanel webview open.
[2026-08-24T13:55:16.576Z] No active DependencyGraphPanel webview open.
[2026-08-24T13:55:16.576Z] No active DependencyGraphPanel webview open.
[2026-08-24T13:55:16.576Z] No active DependencyGraphPanel webview open.
[2026-08-24T13:55:16.576Z] No active DependencyGraphPanel webview open.
[2026-08-24T13:55:16.577Z] No active DependencyGraphPanel webview open.
[2026-08-24T13:55:16.577Z] No active DependencyGraphPanel webview open.
[2026-08-24T13:55:16.577Z] No active DependencyGraphPanel webview open.
[2026-08-24T13:55:16.578Z] No active DependencyGraphPanel webview open.
[2026-08-24T13:55:16.578Z] No active DependencyGraphPanel webview open.
[2026-08-24T13:55:16.579Z] No active DependencyGraphPanel webview open.
[2026-08-24T13:55:16.596Z] runPostScanAnalysis started. Current nodes count: 754
[2026-08-24T13:55:16.597Z] No active DependencyGraphPanel webview open.
[2026-08-24T13:55:16.614Z] runPostScanAnalysis started. Current nodes count: 754
[2026-08-24T13:55:16.632Z] runPostScanAnalysis started. Current nodes count: 754
[2026-08-24T13:55:16.652Z] runPostScanAnalysis started. Current nodes count: 754
[2026-08-24T13:55:16.671Z] runPostScanAnalysis started. Current nodes count: 754
[2026-08-24T13:55:16.689Z] runPostScanAnalysis started. Current nodes count: 754
[2026-08-24T13:55:16.707Z] runPostScanAnalysis started. Current nodes count: 754
[2026-08-24T13:55:16.724Z] runPostScanAnalysis started. Current nodes count: 754
[2026-08-24T13:55:16.741Z] runPostScanAnalysis started. Current nodes count: 754
[2026-08-24T13:55:16.758Z] runPostScanAnalysis started. Current nodes count: 754
[2026-08-24T13:55:16.775Z] runPostScanAnalysis started. Current nodes count: 754
[2026-08-24T13:55:16.792Z] runPostScanAnalysis started. Current nodes count: 754
[2026-08-24T13:55:16.808Z] runPostScanAnalysis started. Current nodes count: 754
[2026-08-24T13:55:16.825Z] runPostScanAnalysis started. Current nodes count: 754
[2026-08-24T13:55:16.842Z] runPostScanAnalysis started. Current nodes count: 754
[2026-08-24T13:55:16.858Z] runPostScanAnalysis started. Current nodes count: 754
[2026-08-24T13:55:16.875Z] runPostScanAnalysis started. Current nodes count: 754
[2026-08-24T13:55:16.890Z] runPostScanAnalysis started. Current nodes count: 754
[2026-08-24T13:55:16.907Z] runPostScanAnalysis started. Current nodes count: 754
[2026-08-24T13:55:16.925Z] runPostScanAnalysis started. Current nodes count: 754
[2026-08-24T13:55:16.942Z] runPostScanAnalysis started. Current nodes count: 754
[2026-08-24T13:55:16.959Z] runPostScanAnalysis started. Current nodes count: 754
[2026-08-24T13:55:16.976Z] runPostScanAnalysis started. Current nodes count: 754
[2026-08-24T13:55:16.993Z] runPostScanAnalysis started. Current nodes count: 754
[2026-08-24T13:55:17.010Z] runPostScanAnalysis started. Current nodes count: 754
[2026-08-24T13:55:17.027Z] runPostScanAnalysis started. Current nodes count: 754
[2026-08-24T13:55:17.043Z] runPostScanAnalysis started. Current nodes count: 754
[2026-08-24T13:55:17.060Z] runPostScanAnalysis started. Current nodes count: 754
[2026-08-24T13:55:17.077Z] runPostScanAnalysis started. Current nodes count: 754
[2026-08-24T13:55:17.095Z] runPostScanAnalysis started. Current nodes count: 754
[2026-08-24T13:55:17.112Z] runPostScanAnalysis started. Current nodes count: 754
[2026-08-24T13:55:17.130Z] runPostScanAnalysis started. Current nodes count: 754
[2026-08-24T13:55:17.148Z] runPostScanAnalysis started. Current nodes count: 754
[2026-08-24T13:55:17.166Z] runPostScanAnalysis started. Current nodes count: 754
[2026-08-24T13:55:17.182Z] runPostScanAnalysis started. Current nodes count: 754
[2026-08-24T13:55:17.198Z] runPostScanAnalysis started. Current nodes count: 754
[2026-08-24T13:55:17.214Z] runPostScanAnalysis started. Current nodes count: 754
[2026-08-24T13:55:17.230Z] runPostScanAnalysis started. Current nodes count: 754
[2026-08-24T13:55:17.245Z] runPostScanAnalysis started. Current nodes count: 754
[2026-08-24T13:55:17.261Z] runPostScanAnalysis started. Current nodes count: 754
[2026-08-24T13:55:17.278Z] runPostScanAnalysis started. Current nodes count: 754
[2026-08-24T13:55:17.295Z] runPostScanAnalysis started. Current nodes count: 754
[2026-08-24T13:55:17.311Z] runPostScanAnalysis started. Current nodes count: 754
[2026-08-24T13:55:17.325Z] runPostScanAnalysis started. Current nodes count: 754
[2026-08-24T13:55:17.341Z] runPostScanAnalysis started. Current nodes count: 754
[2026-08-24T13:55:17.355Z] runPostScanAnalysis started. Current nodes count: 754
[2026-08-24T13:55:17.370Z] runPostScanAnalysis started. Current nodes count: 754
[2026-08-24T13:55:17.385Z] runPostScanAnalysis started. Current nodes count: 754
[2026-08-24T13:55:17.400Z] runPostScanAnalysis started. Current nodes count: 754
[2026-08-24T13:55:17.415Z] runPostScanAnalysis started. Current nodes count: 754
[2026-08-24T13:55:17.430Z] runPostScanAnalysis started. Current nodes count: 754
[2026-08-24T13:55:17.444Z] runPostScanAnalysis started. Current nodes count: 754
[2026-08-24T13:55:17.460Z] runPostScanAnalysis started. Current nodes count: 754
[2026-08-24T13:55:17.476Z] runPostScanAnalysis started. Current nodes count: 754
[2026-08-24T13:55:17.493Z] runPostScanAnalysis started. Current nodes count: 754
[2026-08-24T13:55:17.509Z] runPostScanAnalysis started. Current nodes count: 754
[2026-08-24T13:55:17.524Z] runPostScanAnalysis started. Current nodes count: 754
[2026-08-24T13:55:17.540Z] runPostScanAnalysis started. Current nodes count: 754
[2026-08-24T13:55:17.559Z] runPostScanAnalysis started. Current nodes count: 754
[2026-08-24T13:55:17.576Z] runPostScanAnalysis started. Current nodes count: 754
[2026-08-24T13:55:17.592Z] runPostScanAnalysis started. Current nodes count: 754
[2026-08-24T13:55:17.609Z] runPostScanAnalysis started. Current nodes count: 754
[2026-08-24T13:55:17.626Z] runPostScanAnalysis started. Current nodes count: 754
[2026-08-24T13:55:17.644Z] runPostScanAnalysis started. Current nodes count: 754
[2026-08-24T13:55:17.661Z] runPostScanAnalysis started. Current nodes count: 754
[2026-08-24T13:55:17.677Z] runPostScanAnalysis started. Current nodes count: 754
[2026-08-24T13:55:17.692Z] runPostScanAnalysis started. Current nodes count: 754
[2026-08-24T13:55:17.706Z] runPostScanAnalysis started. Current nodes count: 754
[2026-08-24T13:55:17.720Z] runPostScanAnalysis started. Current nodes count: 754
[2026-08-24T13:55:17.735Z] runPostScanAnalysis started. Current nodes count: 754
[2026-08-24T13:55:17.749Z] runPostScanAnalysis started. Current nodes count: 754
[2026-08-24T13:55:17.764Z] runPostScanAnalysis started. Current nodes count: 754
[2026-08-24T13:55:17.779Z] runPostScanAnalysis started. Current nodes count: 754
[2026-08-24T13:55:17.794Z] runPostScanAnalysis started. Current nodes count: 754
[2026-08-24T13:55:17.809Z] runPostScanAnalysis started. Current nodes count: 754
[2026-08-24T13:55:17.824Z] runPostScanAnalysis started. Current nodes count: 754
[2026-08-24T13:55:17.839Z] runPostScanAnalysis started. Current nodes count: 754
[2026-08-24T13:55:17.854Z] runPostScanAnalysis started. Current nodes count: 754
[2026-08-24T13:55:17.869Z] runPostScanAnalysis started. Current nodes count: 754
[2026-08-24T13:55:17.884Z] runPostScanAnalysis started. Current nodes count: 754
[2026-08-24T13:55:17.899Z] runPostScanAnalysis started. Current nodes count: 754
[2026-08-24T13:55:17.915Z] runPostScanAnalysis started. Current nodes count: 754
[2026-08-24T13:55:17.931Z] runPostScanAnalysis started. Current nodes count: 754
[2026-08-24T13:55:17.947Z] runPostScanAnalysis started. Current nodes count: 754
[2026-08-24T13:55:17.965Z] runPostScanAnalysis started. Current nodes count: 754
[2026-08-24T13:55:17.986Z] runPostScanAnalysis started. Current nodes count: 754
[2026-08-24T13:55:18.002Z] runPostScanAnalysis started. Current nodes count: 754
[2026-08-24T13:55:18.020Z] runPostScanAnalysis started. Current nodes count: 754
[2026-08-24T13:55:18.037Z] runPostScanAnalysis started. Current nodes count: 754
[2026-08-24T13:55:18.053Z] runPostScanAnalysis started. Current nodes count: 754
[2026-08-24T13:55:18.069Z] runPostScanAnalysis started. Current nodes count: 754
[2026-08-24T13:55:18.085Z] runPostScanAnalysis started. Current nodes count: 754
[2026-08-24T13:55:18.102Z] runPostScanAnalysis started. Current nodes count: 754
[2026-08-24T13:55:18.119Z] runPostScanAnalysis started. Current nodes count: 754
[2026-08-24T13:55:18.138Z] runPostScanAnalysis started. Current nodes count: 754
[2026-08-24T13:55:18.155Z] runPostScanAnalysis started. Current nodes count: 754
[2026-08-24T13:55:18.172Z] runPostScanAnalysis started. Current nodes count: 754
[2026-08-24T13:55:18.188Z] runPostScanAnalysis started. Current nodes count: 754
[2026-08-24T13:55:18.207Z] runPostScanAnalysis started. Current nodes count: 754
[2026-08-24T13:55:18.223Z] runPostScanAnalysis started. Current nodes count: 754
[2026-08-24T13:55:18.242Z] runPostScanAnalysis started. Current nodes count: 754
[2026-08-24T13:55:18.261Z] runPostScanAnalysis started. Current nodes count: 754
[2026-08-24T13:55:18.280Z] runPostScanAnalysis started. Current nodes count: 754
[2026-08-24T13:55:18.302Z] runPostScanAnalysis started. Current nodes count: 754
[2026-08-24T13:55:18.321Z] runPostScanAnalysis started. Current nodes count: 754
[2026-08-24T13:55:18.340Z] runPostScanAnalysis started. Current nodes count: 754
[2026-08-24T13:55:18.357Z] runPostScanAnalysis started. Current nodes count: 754
[2026-08-24T13:55:18.373Z] runPostScanAnalysis started. Current nodes count: 754
[2026-08-24T13:55:18.391Z] runPostScanAnalysis started. Current nodes count: 754
[2026-08-24T13:55:18.409Z] runPostScanAnalysis started. Current nodes count: 754
[2026-08-24T13:55:18.425Z] runPostScanAnalysis started. Current nodes count: 754
[2026-08-24T13:55:18.441Z] runPostScanAnalysis started. Current nodes count: 754
[2026-08-24T13:55:18.457Z] runPostScanAnalysis started. Current nodes count: 754
[2026-08-24T13:55:18.474Z] runPostScanAnalysis started. Current nodes count: 754
[2026-08-24T13:55:18.522Z] runPostScanAnalysis started. Current nodes count: 754
[2026-08-24T13:55:18.569Z] runPostScanAnalysis started. Current nodes count: 754
[2026-08-24T13:55:18.608Z] runPostScanAnalysis started. Current nodes count: 754
[2026-08-24T13:55:18.652Z] runPostScanAnalysis started. Current nodes count: 754
[2026-08-24T13:55:18.689Z] runPostScanAnalysis started. Current nodes count: 754
[2026-08-24T13:55:18.734Z] runPostScanAnalysis started. Current nodes count: 754
[2026-08-24T13:55:18.772Z] runPostScanAnalysis started. Current nodes count: 754
[2026-08-24T13:55:18.818Z] runPostScanAnalysis started. Current nodes count: 754
[2026-08-24T13:55:18.874Z] runPostScanAnalysis started. Current nodes count: 754
[2026-08-24T13:55:18.893Z] runPostScanAnalysis started. Current nodes count: 754
[2026-08-24T13:55:18.911Z] runPostScanAnalysis started. Current nodes count: 754
[2026-08-24T13:55:18.930Z] runPostScanAnalysis started. Current nodes count: 754
[2026-08-24T13:55:18.947Z] runPostScanAnalysis started. Current nodes count: 754
[2026-08-24T13:55:18.965Z] runPostScanAnalysis started. Current nodes count: 754
[2026-08-24T13:55:18.982Z] runPostScanAnalysis started. Current nodes count: 754
[2026-08-24T13:55:19.000Z] runPostScanAnalysis started. Current nodes count: 754
[2026-08-24T13:55:19.018Z] runPostScanAnalysis started. Current nodes count: 754
[2026-08-24T13:55:19.036Z] runPostScanAnalysis started. Current nodes count: 754
[2026-08-24T13:55:19.057Z] runPostScanAnalysis started. Current nodes count: 754
[2026-08-24T13:55:19.075Z] runPostScanAnalysis started. Current nodes count: 754
[2026-08-24T13:55:19.093Z] runPostScanAnalysis started. Current nodes count: 754
[2026-08-24T13:55:19.109Z] runPostScanAnalysis started. Current nodes count: 754
[2026-08-24T13:55:19.127Z] runPostScanAnalysis started. Current nodes count: 754
[2026-08-24T13:55:19.145Z] runPostScanAnalysis started. Current nodes count: 754
[2026-08-24T13:55:19.162Z] runPostScanAnalysis started. Current nodes count: 754
[2026-08-24T13:55:19.179Z] runPostScanAnalysis started. Current nodes count: 754
[2026-08-24T13:55:19.196Z] runPostScanAnalysis started. Current nodes count: 754
[2026-08-24T13:55:19.214Z] runPostScanAnalysis started. Current nodes count: 754
[2026-08-24T13:55:19.233Z] runPostScanAnalysis started. Current nodes count: 754
[2026-08-24T13:55:19.253Z] runPostScanAnalysis started. Current nodes count: 754
[2026-08-24T13:55:19.270Z] runPostScanAnalysis started. Current nodes count: 754
[2026-08-24T13:55:19.288Z] runPostScanAnalysis started. Current nodes count: 754
[2026-08-24T13:55:19.306Z] runPostScanAnalysis started. Current nodes count: 754
[2026-08-24T13:55:19.322Z] runPostScanAnalysis started. Current nodes count: 754
[2026-08-24T13:55:19.337Z] runPostScanAnalysis started. Current nodes count: 754
[2026-08-24T13:55:19.354Z] runPostScanAnalysis started. Current nodes count: 754
[2026-08-24T13:55:19.370Z] runPostScanAnalysis started. Current nodes count: 754
[2026-08-24T13:55:19.385Z] runPostScanAnalysis started. Current nodes count: 754
[2026-08-24T13:55:19.401Z] runPostScanAnalysis started. Current nodes count: 754
[2026-08-24T13:55:19.418Z] runPostScanAnalysis started. Current nodes count: 754
[2026-08-24T13:55:19.437Z] runPostScanAnalysis started. Current nodes count: 754
[2026-08-24T13:55:19.452Z] runPostScanAnalysis started. Current nodes count: 754
[2026-08-24T13:55:19.468Z] runPostScanAnalysis started. Current nodes count: 754
[2026-08-24T13:55:19.484Z] runPostScanAnalysis started. Current nodes count: 754
[2026-08-24T13:55:19.501Z] runPostScanAnalysis started. Current nodes count: 754
[2026-08-24T13:55:19.516Z] runPostScanAnalysis started. Current nodes count: 754
[2026-08-24T13:55:19.532Z] runPostScanAnalysis started. Current nodes count: 754
[2026-08-24T13:55:19.547Z] runPostScanAnalysis started. Current nodes count: 754
[2026-08-24T13:55:19.564Z] runPostScanAnalysis started. Current nodes count: 754
[2026-08-24T13:55:19.580Z] runPostScanAnalysis started. Current nodes count: 754
[2026-08-24T13:55:19.597Z] runPostScanAnalysis started. Current nodes count: 754
[2026-08-24T13:55:19.614Z] runPostScanAnalysis started. Current nodes count: 754
[2026-08-24T13:55:19.630Z] runPostScanAnalysis started. Current nodes count: 754
[2026-08-24T13:55:19.646Z] runPostScanAnalysis started. Current nodes count: 754
[2026-08-24T13:55:19.662Z] runPostScanAnalysis started. Current nodes count: 754
[2026-08-24T13:55:19.678Z] runPostScanAnalysis started. Current nodes count: 754
[2026-08-24T13:55:19.694Z] runPostScanAnalysis started. Current nodes count: 754
[2026-08-24T13:55:19.710Z] runPostScanAnalysis started. Current nodes count: 754
[2026-08-24T13:55:19.725Z] runPostScanAnalysis started. Current nodes count: 754
[2026-08-24T13:55:19.741Z] runPostScanAnalysis started. Current nodes count: 754
[2026-08-24T13:55:19.757Z] runPostScanAnalysis started. Current nodes count: 754
[2026-08-24T13:55:19.773Z] runPostScanAnalysis started. Current nodes count: 754
[2026-08-24T13:55:19.795Z] runPostScanAnalysis started. Current nodes count: 754
[2026-08-24T13:55:19.833Z] runPostScanAnalysis started. Current nodes count: 754
[2026-08-24T13:55:19.869Z] runPostScanAnalysis started. Current nodes count: 754
[2026-08-24T13:55:19.885Z] runPostScanAnalysis started. Current nodes count: 754
[2026-08-24T13:55:19.925Z] runPostScanAnalysis started. Current nodes count: 754
[2026-08-24T13:55:19.941Z] runPostScanAnalysis started. Current nodes count: 754
[2026-08-24T13:55:19.956Z] runPostScanAnalysis started. Current nodes count: 754
[2026-08-24T13:55:19.972Z] runPostScanAnalysis started. Current nodes count: 754
[2026-08-24T13:55:19.989Z] runPostScanAnalysis started. Current nodes count: 754
[2026-08-24T13:55:20.004Z] runPostScanAnalysis started. Current nodes count: 754
[2026-08-24T13:55:20.020Z] runPostScanAnalysis started. Current nodes count: 754
[2026-08-24T13:55:20.036Z] runPostScanAnalysis started. Current nodes count: 754
[2026-08-24T13:55:22.248Z] runPostScanAnalysis started. Current nodes count: 754
[2026-08-24T13:55:22.265Z] runPostScanAnalysis started. Current nodes count: 754
[2026-08-24T13:55:22.280Z] runPostScanAnalysis started. Current nodes count: 754
[2026-08-24T13:55:22.295Z] runPostScanAnalysis started. Current nodes count: 754
[2026-08-24T13:55:22.311Z] runPostScanAnalysis started. Current nodes count: 754
[2026-08-24T13:55:22.326Z] runPostScanAnalysis started. Current nodes count: 754
[2026-08-24T13:55:22.342Z] runPostScanAnalysis started. Current nodes count: 754
[2026-08-24T13:55:22.358Z] runPostScanAnalysis started. Current nodes count: 754
[2026-08-24T13:55:22.374Z] runPostScanAnalysis started. Current nodes count: 754
[2026-08-24T13:55:22.389Z] runPostScanAnalysis started. Current nodes count: 754
[2026-08-24T13:55:22.404Z] runPostScanAnalysis started. Current nodes count: 754
[2026-08-24T13:55:22.420Z] runPostScanAnalysis started. Current nodes count: 754
[2026-08-24T13:55:22.435Z] runPostScanAnalysis started. Current nodes count: 754
[2026-08-24T13:55:22.450Z] runPostScanAnalysis started. Current nodes count: 754
[2026-08-24T13:55:22.465Z] runPostScanAnalysis started. Current nodes count: 754
[2026-08-24T13:55:22.480Z] runPostScanAnalysis started. Current nodes count: 754
[2026-08-24T13:55:22.498Z] runPostScanAnalysis started. Current nodes count: 754
[2026-08-24T13:55:22.534Z] runPostScanAnalysis started. Current nodes count: 754
[2026-08-24T13:55:22.571Z] runPostScanAnalysis started. Current nodes count: 754
[2026-08-24T13:55:22.605Z] runPostScanAnalysis started. Current nodes count: 754
[2026-08-24T13:55:22.633Z] runPostScanAnalysis started. Current nodes count: 754
[2026-08-24T13:55:22.650Z] runPostScanAnalysis started. Current nodes count: 754
[2026-08-24T13:55:22.666Z] runPostScanAnalysis started. Current nodes count: 754
[2026-08-24T13:55:22.683Z] runPostScanAnalysis started. Current nodes count: 754
[2026-08-24T13:55:22.700Z] runPostScanAnalysis started. Current nodes count: 754
[2026-08-24T13:55:22.716Z] runPostScanAnalysis started. Current nodes count: 754
[2026-08-24T13:55:30.199Z] Extension activating. WorkspaceFolders found: ["/Users/jaffar/Desktop/MacBookPro14/IOTAGit/IOTADashboard","/Users/jaffar/Desktop/MacBookPro14/IOTAGit/IOTAApiServer","/Users/jaffar/Desktop/MacBookPro14/IOTAGit/IOTADocuments"]
[2026-08-24T13:55:30.200Z] runFullScan started
[2026-08-24T13:55:30.201Z] Discovering files...
[2026-08-24T13:55:30.971Z] Scan complete: 1833 files found, 0 cached, 1833 freshly parsed, 770ms
[2026-08-24T13:55:30.971Z] runPostScanAnalysis started. Current nodes count: 1833
[2026-08-24T13:55:30.983Z] No active DependencyGraphPanel webview open.
[2026-08-24T13:55:30.984Z] runFullScan finished
[2026-08-24T14:15:51.246Z] runPostScanAnalysis started. Current nodes count: 1
[2026-08-24T14:15:51.251Z] No active DependencyGraphPanel webview open.
[2026-08-24T14:16:04.758Z] runPostScanAnalysis started. Current nodes count: 1
[2026-08-24T14:16:04.759Z] No active DependencyGraphPanel webview open.
[2026-08-24T17:13:53.502Z] runPostScanAnalysis started. Current nodes count: 2
[2026-08-24T17:13:53.507Z] No active DependencyGraphPanel webview open.
[2026-08-24T17:16:22.429Z] runPostScanAnalysis started. Current nodes count: 2
[2026-08-24T17:16:22.431Z] No active DependencyGraphPanel webview open.
[2026-08-24T17:20:54.631Z] runPostScanAnalysis started. Current nodes count: 3
[2026-08-24T17:20:54.635Z] No active DependencyGraphPanel webview open.
[2026-08-24T17:21:06.366Z] runPostScanAnalysis started. Current nodes count: 3
[2026-08-24T17:21:06.371Z] No active DependencyGraphPanel webview open.
[2026-08-24T17:21:07.893Z] runPostScanAnalysis started. Current nodes count: 3
[2026-08-24T17:21:07.897Z] No active DependencyGraphPanel webview open.
[2026-08-24T17:21:11.886Z] runPostScanAnalysis started. Current nodes count: 3
[2026-08-24T17:21:11.887Z] No active DependencyGraphPanel webview open.
[2026-08-24T17:21:20.436Z] runPostScanAnalysis started. Current nodes count: 4
[2026-08-24T17:21:20.454Z] runPostScanAnalysis started. Current nodes count: 5
[2026-08-24T17:21:20.455Z] No active DependencyGraphPanel webview open.
[2026-08-24T17:21:20.456Z] No active DependencyGraphPanel webview open.
[2026-08-24T17:21:37.677Z] runPostScanAnalysis started. Current nodes count: 7
[2026-08-24T17:21:37.679Z] No active DependencyGraphPanel webview open.
[2026-08-24T17:21:37.695Z] runPostScanAnalysis started. Current nodes count: 8
[2026-08-24T17:21:37.696Z] No active DependencyGraphPanel webview open.
[2026-08-24T17:21:51.088Z] runPostScanAnalysis started. Current nodes count: 10
[2026-08-24T17:21:51.090Z] No active DependencyGraphPanel webview open.
[2026-08-24T17:21:56.308Z] runPostScanAnalysis started. Current nodes count: 10
[2026-08-24T17:21:56.310Z] No active DependencyGraphPanel webview open.
[2026-08-24T17:22:32.058Z] runPostScanAnalysis started. Current nodes count: 10
[2026-08-24T17:22:32.061Z] No active DependencyGraphPanel webview open.
[2026-08-24T17:23:10.703Z] runPostScanAnalysis started. Current nodes count: 10
[2026-08-24T17:23:10.704Z] No active DependencyGraphPanel webview open.
[2026-08-24T17:23:31.423Z] runPostScanAnalysis started. Current nodes count: 10
[2026-08-24T17:23:31.425Z] No active DependencyGraphPanel webview open.
[2026-08-24T17:37:16.939Z] runPostScanAnalysis started. Current nodes count: 10
[2026-08-24T17:37:16.954Z] runPostScanAnalysis started. Current nodes count: 11
[2026-08-24T17:37:16.955Z] No active DependencyGraphPanel webview open.
[2026-08-24T17:37:16.955Z] No active DependencyGraphPanel webview open.
[2026-08-24T17:49:07.227Z] runPostScanAnalysis started. Current nodes count: 12
[2026-08-24T17:49:07.233Z] No active DependencyGraphPanel webview open.
[2026-08-24T17:49:25.575Z] runPostScanAnalysis started. Current nodes count: 14
[2026-08-24T17:49:25.576Z] No active DependencyGraphPanel webview open.
[2026-08-24T17:49:44.785Z] runPostScanAnalysis started. Current nodes count: 26
[2026-08-24T17:49:44.787Z] No active DependencyGraphPanel webview open.
[2026-08-24T18:37:57.213Z] Extension activating. WorkspaceFolders found: ["/Users/jaffar/Desktop/MacBookPro14/IOTAGit/IOTADashboard","/Users/jaffar/Desktop/MacBookPro14/IOTAGit/IOTAApiServer","/Users/jaffar/Desktop/MacBookPro14/IOTAGit/IOTADocuments"]
[2026-08-24T18:37:57.227Z] runPostScanAnalysis started. Current nodes count: 1836
[2026-08-24T18:37:57.362Z] No active DependencyGraphPanel webview open.
[2026-08-24T18:37:57.362Z] runFullScan started
[2026-08-24T18:37:57.363Z] Discovering files...
[2026-08-24T18:37:57.767Z] Scan complete: 1835 files found, 1835 cached, 0 freshly parsed, 404ms
[2026-08-24T18:37:57.768Z] runPostScanAnalysis started. Current nodes count: 1835
[2026-08-24T18:37:57.773Z] No active DependencyGraphPanel webview open.
[2026-08-24T18:37:57.773Z] runFullScan finished
[2026-08-26T16:15:35.104Z] runPostScanAnalysis started. Current nodes count: 1836
[2026-08-26T16:15:35.117Z] No active DependencyGraphPanel webview open.
[2026-08-26T16:16:27.647Z] runPostScanAnalysis started. Current nodes count: 1838
[2026-08-26T16:16:27.658Z] No active DependencyGraphPanel webview open.
[2026-08-26T16:16:27.674Z] runPostScanAnalysis started. Current nodes count: 1838
[2026-08-26T16:16:27.679Z] No active DependencyGraphPanel webview open.
[2026-08-26T16:16:35.922Z] runPostScanAnalysis started. Current nodes count: 1838
[2026-08-26T16:16:35.930Z] No active DependencyGraphPanel webview open.
[2026-08-26T16:16:35.946Z] runPostScanAnalysis started. Current nodes count: 1838
[2026-08-26T16:16:35.954Z] No active DependencyGraphPanel webview open.
[2026-08-26T16:17:57.858Z] runPostScanAnalysis started. Current nodes count: 1838
[2026-08-26T16:17:57.870Z] No active DependencyGraphPanel webview open.
[2026-08-26T16:18:08.688Z] runPostScanAnalysis started. Current nodes count: 1838
[2026-08-26T16:18:08.711Z] No active DependencyGraphPanel webview open.
[2026-08-26T16:18:41.027Z] runPostScanAnalysis started. Current nodes count: 1838
[2026-08-26T16:18:41.033Z] No active DependencyGraphPanel webview open.
[2026-08-26T16:19:03.308Z] runPostScanAnalysis started. Current nodes count: 1838
[2026-08-26T16:19:03.314Z] No active DependencyGraphPanel webview open.
[2026-08-26T16:19:31.052Z] runPostScanAnalysis started. Current nodes count: 1838
[2026-08-26T16:19:31.059Z] No active DependencyGraphPanel webview open.
[2026-08-26T16:19:45.472Z] runPostScanAnalysis started. Current nodes count: 1838
[2026-08-26T16:19:45.478Z] No active DependencyGraphPanel webview open.
[2026-08-26T16:20:03.795Z] runPostScanAnalysis started. Current nodes count: 1838
[2026-08-26T16:20:03.801Z] No active DependencyGraphPanel webview open.
[2026-08-26T16:20:16.315Z] runPostScanAnalysis started. Current nodes count: 1838
[2026-08-26T16:20:16.326Z] No active DependencyGraphPanel webview open.
[2026-08-26T16:20:58.593Z] runPostScanAnalysis started. Current nodes count: 1838
[2026-08-26T16:20:58.599Z] No active DependencyGraphPanel webview open.
[2026-08-26T16:21:11.846Z] runPostScanAnalysis started. Current nodes count: 1838
[2026-08-26T16:21:11.852Z] No active DependencyGraphPanel webview open.
[2026-08-26T16:21:13.366Z] runPostScanAnalysis started. Current nodes count: 1840
[2026-08-26T16:21:13.383Z] runPostScanAnalysis started. Current nodes count: 1840
[2026-08-26T16:21:13.387Z] No active DependencyGraphPanel webview open.
[2026-08-26T16:21:13.388Z] No active DependencyGraphPanel webview open.
[2026-08-26T16:22:31.748Z] runPostScanAnalysis started. Current nodes count: 2003
[2026-08-26T16:22:31.804Z] runPostScanAnalysis started. Current nodes count: 2003
[2026-08-26T16:22:31.851Z] runPostScanAnalysis started. Current nodes count: 2003
[2026-08-26T16:22:31.904Z] runPostScanAnalysis started. Current nodes count: 2003
[2026-08-26T16:22:32.006Z] runPostScanAnalysis started. Current nodes count: 2003
[2026-08-26T16:22:32.132Z] runPostScanAnalysis started. Current nodes count: 2003
[2026-08-26T16:22:32.256Z] runPostScanAnalysis started. Current nodes count: 2003
[2026-08-26T16:22:32.400Z] runPostScanAnalysis started. Current nodes count: 2003
[2026-08-26T16:22:32.471Z] runPostScanAnalysis started. Current nodes count: 2003
[2026-08-26T16:22:32.580Z] runPostScanAnalysis started. Current nodes count: 2003
[2026-08-26T16:22:32.699Z] runPostScanAnalysis started. Current nodes count: 2003
[2026-08-26T16:22:32.828Z] runPostScanAnalysis started. Current nodes count: 2003
[2026-08-26T16:22:32.979Z] runPostScanAnalysis started. Current nodes count: 2003
[2026-08-26T16:22:33.093Z] runPostScanAnalysis started. Current nodes count: 2003
[2026-08-26T16:22:33.252Z] runPostScanAnalysis started. Current nodes count: 2003
[2026-08-26T16:22:33.363Z] runPostScanAnalysis started. Current nodes count: 2003
[2026-08-26T16:22:33.476Z] runPostScanAnalysis started. Current nodes count: 2003
[2026-08-26T16:22:33.592Z] runPostScanAnalysis started. Current nodes count: 2003
[2026-08-26T16:22:33.680Z] runPostScanAnalysis started. Current nodes count: 2003
[2026-08-26T16:22:33.827Z] runPostScanAnalysis started. Current nodes count: 2003
[2026-08-26T16:22:33.873Z] runPostScanAnalysis started. Current nodes count: 2003
[2026-08-26T16:22:33.923Z] runPostScanAnalysis started. Current nodes count: 2003
[2026-08-26T16:22:33.974Z] runPostScanAnalysis started. Current nodes count: 2003
[2026-08-26T16:22:34.021Z] runPostScanAnalysis started. Current nodes count: 2003
[2026-08-26T16:22:34.069Z] runPostScanAnalysis started. Current nodes count: 2003
[2026-08-26T16:22:34.116Z] runPostScanAnalysis started. Current nodes count: 2003
[2026-08-26T16:22:34.166Z] runPostScanAnalysis started. Current nodes count: 2003
[2026-08-26T16:22:34.216Z] runPostScanAnalysis started. Current nodes count: 2003
[2026-08-26T16:22:34.271Z] runPostScanAnalysis started. Current nodes count: 2003
[2026-08-26T16:22:34.328Z] runPostScanAnalysis started. Current nodes count: 2003
[2026-08-26T16:22:34.372Z] runPostScanAnalysis started. Current nodes count: 2003
[2026-08-26T16:22:34.418Z] runPostScanAnalysis started. Current nodes count: 2003
[2026-08-26T16:22:34.461Z] runPostScanAnalysis started. Current nodes count: 2003
[2026-08-26T16:22:34.503Z] runPostScanAnalysis started. Current nodes count: 2003
[2026-08-26T16:22:34.551Z] runPostScanAnalysis started. Current nodes count: 2003
[2026-08-26T16:22:34.596Z] runPostScanAnalysis started. Current nodes count: 2003
[2026-08-26T16:22:34.639Z] runPostScanAnalysis started. Current nodes count: 2003
[2026-08-26T16:22:34.686Z] runPostScanAnalysis started. Current nodes count: 2003
[2026-08-26T16:22:34.731Z] runPostScanAnalysis started. Current nodes count: 2003
[2026-08-26T16:22:34.780Z] runPostScanAnalysis started. Current nodes count: 2003
[2026-08-26T16:22:34.835Z] runPostScanAnalysis started. Current nodes count: 2003
[2026-08-26T16:22:34.882Z] runPostScanAnalysis started. Current nodes count: 2003
[2026-08-26T16:22:34.930Z] runPostScanAnalysis started. Current nodes count: 2003
[2026-08-26T16:22:34.973Z] runPostScanAnalysis started. Current nodes count: 2003
[2026-08-26T16:22:35.020Z] runPostScanAnalysis started. Current nodes count: 2003
[2026-08-26T16:22:35.065Z] runPostScanAnalysis started. Current nodes count: 2003
[2026-08-26T16:22:35.109Z] runPostScanAnalysis started. Current nodes count: 2003
[2026-08-26T16:22:35.158Z] runPostScanAnalysis started. Current nodes count: 2003
[2026-08-26T16:22:35.209Z] runPostScanAnalysis started. Current nodes count: 2003
[2026-08-26T16:22:35.256Z] runPostScanAnalysis started. Current nodes count: 2003
[2026-08-26T16:22:35.303Z] runPostScanAnalysis started. Current nodes count: 2003
[2026-08-26T16:22:35.551Z] runPostScanAnalysis started. Current nodes count: 2003
[2026-08-26T16:22:36.553Z] runPostScanAnalysis started. Current nodes count: 2003
[2026-08-26T16:22:36.609Z] runPostScanAnalysis started. Current nodes count: 2003
[2026-08-26T16:22:36.794Z] runPostScanAnalysis started. Current nodes count: 2003
[2026-08-26T16:22:36.837Z] runPostScanAnalysis started. Current nodes count: 2003
[2026-08-26T16:22:36.884Z] runPostScanAnalysis started. Current nodes count: 2003
[2026-08-26T16:22:36.923Z] runPostScanAnalysis started. Current nodes count: 2003
[2026-08-26T16:22:36.972Z] runPostScanAnalysis started. Current nodes count: 2003
[2026-08-26T16:22:37.018Z] runPostScanAnalysis started. Current nodes count: 2003
[2026-08-26T16:22:37.064Z] runPostScanAnalysis started. Current nodes count: 2003
[2026-08-26T16:22:37.108Z] runPostScanAnalysis started. Current nodes count: 2003
[2026-08-26T16:22:37.150Z] runPostScanAnalysis started. Current nodes count: 2003
[2026-08-26T16:22:37.201Z] runPostScanAnalysis started. Current nodes count: 2003
[2026-08-26T16:22:37.249Z] runPostScanAnalysis started. Current nodes count: 2003
[2026-08-26T16:22:37.292Z] runPostScanAnalysis started. Current nodes count: 2003
[2026-08-26T16:22:37.332Z] runPostScanAnalysis started. Current nodes count: 2003
[2026-08-26T16:22:37.376Z] runPostScanAnalysis started. Current nodes count: 2003
[2026-08-26T16:22:37.419Z] runPostScanAnalysis started. Current nodes count: 2003
[2026-08-26T16:22:37.465Z] runPostScanAnalysis started. Current nodes count: 2003
[2026-08-26T16:22:37.506Z] runPostScanAnalysis started. Current nodes count: 2003
[2026-08-26T16:22:37.547Z] runPostScanAnalysis started. Current nodes count: 2003
[2026-08-26T16:22:37.583Z] runPostScanAnalysis started. Current nodes count: 2003
[2026-08-26T16:22:37.625Z] runPostScanAnalysis started. Current nodes count: 2003
[2026-08-26T16:22:37.668Z] runPostScanAnalysis started. Current nodes count: 2003
[2026-08-26T16:22:37.715Z] runPostScanAnalysis started. Current nodes count: 2003
[2026-08-26T16:22:37.755Z] runPostScanAnalysis started. Current nodes count: 2003
[2026-08-26T16:22:37.798Z] runPostScanAnalysis started. Current nodes count: 2003
[2026-08-26T16:22:37.839Z] runPostScanAnalysis started. Current nodes count: 2003
[2026-08-26T16:22:37.881Z] runPostScanAnalysis started. Current nodes count: 2003
[2026-08-26T16:22:37.924Z] runPostScanAnalysis started. Current nodes count: 2003
[2026-08-26T16:22:37.967Z] runPostScanAnalysis started. Current nodes count: 2003
[2026-08-26T16:22:38.009Z] runPostScanAnalysis started. Current nodes count: 2003
[2026-08-26T16:22:38.029Z] runPostScanAnalysis started. Current nodes count: 2003
[2026-08-26T16:22:38.069Z] runPostScanAnalysis started. Current nodes count: 2003
[2026-08-26T16:22:38.087Z] runPostScanAnalysis started. Current nodes count: 2003
[2026-08-26T16:22:38.105Z] runPostScanAnalysis started. Current nodes count: 2003
[2026-08-26T16:22:38.133Z] runPostScanAnalysis started. Current nodes count: 2003
[2026-08-26T16:22:38.157Z] runPostScanAnalysis started. Current nodes count: 2003
[2026-08-26T16:22:38.175Z] runPostScanAnalysis started. Current nodes count: 2003
[2026-08-26T16:22:38.191Z] runPostScanAnalysis started. Current nodes count: 2003
[2026-08-26T16:22:38.208Z] runPostScanAnalysis started. Current nodes count: 2003
[2026-08-26T16:22:38.224Z] runPostScanAnalysis started. Current nodes count: 2003
[2026-08-26T16:22:38.239Z] runPostScanAnalysis started. Current nodes count: 2003
[2026-08-26T16:22:38.259Z] runPostScanAnalysis started. Current nodes count: 2003
[2026-08-26T16:22:38.281Z] runPostScanAnalysis started. Current nodes count: 2003
[2026-08-26T16:22:38.298Z] runPostScanAnalysis started. Current nodes count: 2003
[2026-08-26T16:22:38.313Z] runPostScanAnalysis started. Current nodes count: 2003
[2026-08-26T16:22:38.330Z] runPostScanAnalysis started. Current nodes count: 2003
[2026-08-26T16:22:38.347Z] runPostScanAnalysis started. Current nodes count: 2003
[2026-08-26T16:22:38.365Z] runPostScanAnalysis started. Current nodes count: 2003
[2026-08-26T16:22:38.382Z] runPostScanAnalysis started. Current nodes count: 2003
[2026-08-26T16:22:38.397Z] runPostScanAnalysis started. Current nodes count: 2003
[2026-08-26T16:22:38.422Z] runPostScanAnalysis started. Current nodes count: 2003
[2026-08-26T16:22:38.437Z] runPostScanAnalysis started. Current nodes count: 2003
[2026-08-26T16:22:38.450Z] runPostScanAnalysis started. Current nodes count: 2003
[2026-08-26T16:22:38.465Z] runPostScanAnalysis started. Current nodes count: 2003
[2026-08-26T16:22:38.479Z] runPostScanAnalysis started. Current nodes count: 2003
[2026-08-26T16:22:38.493Z] runPostScanAnalysis started. Current nodes count: 2003
[2026-08-26T16:22:38.508Z] runPostScanAnalysis started. Current nodes count: 2003
[2026-08-26T16:22:38.522Z] runPostScanAnalysis started. Current nodes count: 2003
[2026-08-26T16:22:38.537Z] runPostScanAnalysis started. Current nodes count: 2003
[2026-08-26T16:22:38.552Z] runPostScanAnalysis started. Current nodes count: 2003
[2026-08-26T16:22:38.566Z] runPostScanAnalysis started. Current nodes count: 2003
[2026-08-26T16:22:38.585Z] runPostScanAnalysis started. Current nodes count: 2003
[2026-08-26T16:22:38.600Z] runPostScanAnalysis started. Current nodes count: 2003
[2026-08-26T16:22:38.614Z] runPostScanAnalysis started. Current nodes count: 2003
[2026-08-26T16:22:38.628Z] runPostScanAnalysis started. Current nodes count: 2003
[2026-08-26T16:22:38.644Z] runPostScanAnalysis started. Current nodes count: 2003
[2026-08-26T16:22:38.663Z] runPostScanAnalysis started. Current nodes count: 2003
[2026-08-26T16:22:38.678Z] runPostScanAnalysis started. Current nodes count: 2003
[2026-08-26T16:22:38.692Z] runPostScanAnalysis started. Current nodes count: 2003
[2026-08-26T16:22:38.706Z] runPostScanAnalysis started. Current nodes count: 2003
[2026-08-26T16:22:38.722Z] runPostScanAnalysis started. Current nodes count: 2003
[2026-08-26T16:22:38.736Z] runPostScanAnalysis started. Current nodes count: 2003
[2026-08-26T16:22:38.750Z] runPostScanAnalysis started. Current nodes count: 2003
[2026-08-26T16:22:38.764Z] runPostScanAnalysis started. Current nodes count: 2003
[2026-08-26T16:22:38.778Z] runPostScanAnalysis started. Current nodes count: 2003
[2026-08-26T16:22:38.793Z] runPostScanAnalysis started. Current nodes count: 2003
[2026-08-26T16:22:38.807Z] runPostScanAnalysis started. Current nodes count: 2003
[2026-08-26T16:22:38.822Z] runPostScanAnalysis started. Current nodes count: 2003
[2026-08-26T16:22:38.838Z] runPostScanAnalysis started. Current nodes count: 2003
[2026-08-26T16:22:38.852Z] runPostScanAnalysis started. Current nodes count: 2003
[2026-08-26T16:22:38.866Z] runPostScanAnalysis started. Current nodes count: 2003
[2026-08-26T16:22:38.882Z] runPostScanAnalysis started. Current nodes count: 2003
[2026-08-26T16:22:38.901Z] runPostScanAnalysis started. Current nodes count: 2003
[2026-08-26T16:22:38.918Z] runPostScanAnalysis started. Current nodes count: 2003
[2026-08-26T16:22:38.935Z] runPostScanAnalysis started. Current nodes count: 2003
[2026-08-26T16:22:38.952Z] runPostScanAnalysis started. Current nodes count: 2003
[2026-08-26T16:22:38.968Z] runPostScanAnalysis started. Current nodes count: 2003
[2026-08-26T16:22:38.984Z] runPostScanAnalysis started. Current nodes count: 2003
[2026-08-26T16:22:39.000Z] runPostScanAnalysis started. Current nodes count: 2003
[2026-08-26T16:22:39.016Z] runPostScanAnalysis started. Current nodes count: 2003
[2026-08-26T16:22:39.033Z] runPostScanAnalysis started. Current nodes count: 2003
[2026-08-26T16:22:39.050Z] runPostScanAnalysis started. Current nodes count: 2003
[2026-08-26T16:22:39.069Z] runPostScanAnalysis started. Current nodes count: 2003
[2026-08-26T16:22:39.086Z] runPostScanAnalysis started. Current nodes count: 2003
[2026-08-26T16:22:39.103Z] runPostScanAnalysis started. Current nodes count: 2003
[2026-08-26T16:22:39.120Z] runPostScanAnalysis started. Current nodes count: 2003
[2026-08-26T16:22:39.137Z] runPostScanAnalysis started. Current nodes count: 2003
[2026-08-26T16:22:39.154Z] runPostScanAnalysis started. Current nodes count: 2003
[2026-08-26T16:22:39.171Z] runPostScanAnalysis started. Current nodes count: 2003
[2026-08-26T16:22:39.188Z] runPostScanAnalysis started. Current nodes count: 2003
[2026-08-26T16:22:39.204Z] runPostScanAnalysis started. Current nodes count: 2003
[2026-08-26T16:22:39.221Z] runPostScanAnalysis started. Current nodes count: 2003
[2026-08-26T16:22:39.237Z] runPostScanAnalysis started. Current nodes count: 2003
[2026-08-26T16:22:39.254Z] runPostScanAnalysis started. Current nodes count: 2003
[2026-08-26T16:22:39.271Z] runPostScanAnalysis started. Current nodes count: 2003
[2026-08-26T16:22:39.287Z] runPostScanAnalysis started. Current nodes count: 2003
[2026-08-26T16:22:39.291Z] No active DependencyGraphPanel webview open.
[2026-08-26T16:22:39.294Z] No active DependencyGraphPanel webview open.
[2026-08-26T16:22:39.296Z] No active DependencyGraphPanel webview open.
[2026-08-26T16:22:39.300Z] No active DependencyGraphPanel webview open.
[2026-08-26T16:22:39.302Z] No active DependencyGraphPanel webview open.
[2026-08-26T16:22:39.306Z] No active DependencyGraphPanel webview open.
[2026-08-26T16:22:39.310Z] No active DependencyGraphPanel webview open.
[2026-08-26T16:22:39.314Z] No active DependencyGraphPanel webview open.
[2026-08-26T16:22:39.318Z] No active DependencyGraphPanel webview open.
[2026-08-26T16:22:39.320Z] No active DependencyGraphPanel webview open.
[2026-08-26T16:22:39.323Z] No active DependencyGraphPanel webview open.
[2026-08-26T16:22:39.326Z] No active DependencyGraphPanel webview open.
[2026-08-26T16:22:39.329Z] No active DependencyGraphPanel webview open.
[2026-08-26T16:22:39.331Z] No active DependencyGraphPanel webview open.
[2026-08-26T16:22:39.333Z] No active DependencyGraphPanel webview open.
[2026-08-26T16:22:39.335Z] No active DependencyGraphPanel webview open.
[2026-08-26T16:22:39.337Z] No active DependencyGraphPanel webview open.
[2026-08-26T16:22:39.340Z] No active DependencyGraphPanel webview open.
[2026-08-26T16:22:39.343Z] No active DependencyGraphPanel webview open.
[2026-08-26T16:22:39.345Z] No active DependencyGraphPanel webview open.
[2026-08-26T16:22:39.347Z] No active DependencyGraphPanel webview open.
[2026-08-26T16:22:39.350Z] No active DependencyGraphPanel webview open.
[2026-08-26T16:22:39.352Z] No active DependencyGraphPanel webview open.
[2026-08-26T16:22:39.354Z] No active DependencyGraphPanel webview open.
[2026-08-26T16:22:39.357Z] No active DependencyGraphPanel webview open.
[2026-08-26T16:22:39.359Z] No active DependencyGraphPanel webview open.
[2026-08-26T16:22:39.362Z] No active DependencyGraphPanel webview open.
[2026-08-26T16:22:39.364Z] No active DependencyGraphPanel webview open.
[2026-08-26T16:22:39.365Z] No active DependencyGraphPanel webview open.
[2026-08-26T16:22:39.367Z] No active DependencyGraphPanel webview open.
[2026-08-26T16:22:39.383Z] runPostScanAnalysis started. Current nodes count: 2003
[2026-08-26T16:22:39.386Z] No active DependencyGraphPanel webview open.
[2026-08-26T16:22:39.399Z] runPostScanAnalysis started. Current nodes count: 2003
[2026-08-26T16:22:39.403Z] No active DependencyGraphPanel webview open.
[2026-08-26T16:22:39.404Z] No active DependencyGraphPanel webview open.
[2026-08-26T16:22:39.406Z] No active DependencyGraphPanel webview open.
[2026-08-26T16:22:39.407Z] No active DependencyGraphPanel webview open.
[2026-08-26T16:22:39.410Z] No active DependencyGraphPanel webview open.
[2026-08-26T16:22:39.411Z] No active DependencyGraphPanel webview open.
[2026-08-26T16:22:39.413Z] No active DependencyGraphPanel webview open.
[2026-08-26T16:22:39.414Z] No active DependencyGraphPanel webview open.
[2026-08-26T16:22:39.416Z] No active DependencyGraphPanel webview open.
[2026-08-26T16:22:39.417Z] No active DependencyGraphPanel webview open.
[2026-08-26T16:22:39.419Z] No active DependencyGraphPanel webview open.
[2026-08-26T16:22:39.421Z] No active DependencyGraphPanel webview open.
[2026-08-26T16:22:39.423Z] No active DependencyGraphPanel webview open.
[2026-08-26T16:22:39.424Z] No active DependencyGraphPanel webview open.
[2026-08-26T16:22:39.426Z] No active DependencyGraphPanel webview open.
[2026-08-26T16:22:39.428Z] No active DependencyGraphPanel webview open.
[2026-08-26T16:22:39.429Z] No active DependencyGraphPanel webview open.
[2026-08-26T16:22:39.431Z] No active DependencyGraphPanel webview open.
[2026-08-26T16:22:39.432Z] No active DependencyGraphPanel webview open.
[2026-08-26T16:22:39.434Z] No active DependencyGraphPanel webview open.
[2026-08-26T16:22:39.435Z] No active DependencyGraphPanel webview open.
[2026-08-26T16:22:39.437Z] No active DependencyGraphPanel webview open.
[2026-08-26T16:22:39.450Z] runPostScanAnalysis started. Current nodes count: 2003
[2026-08-26T16:22:39.453Z] No active DependencyGraphPanel webview open.
[2026-08-26T16:22:39.454Z] runPostScanAnalysis started. Current nodes count: 2003
[2026-08-26T16:22:39.456Z] runPostScanAnalysis started. Current nodes count: 2003
[2026-08-26T16:22:39.458Z] runPostScanAnalysis started. Current nodes count: 2003
[2026-08-26T16:22:39.460Z] runPostScanAnalysis started. Current nodes count: 2003
[2026-08-26T16:22:39.461Z] runPostScanAnalysis started. Current nodes count: 2003
[2026-08-26T16:22:39.463Z] runPostScanAnalysis started. Current nodes count: 2003
[2026-08-26T16:22:39.465Z] runPostScanAnalysis started. Current nodes count: 2003
[2026-08-26T16:22:39.486Z] No active DependencyGraphPanel webview open.
[2026-08-26T16:22:39.489Z] No active DependencyGraphPanel webview open.
[2026-08-26T16:22:39.492Z] No active DependencyGraphPanel webview open.
[2026-08-26T16:22:39.494Z] No active DependencyGraphPanel webview open.
[2026-08-26T16:22:39.497Z] No active DependencyGraphPanel webview open.
[2026-08-26T16:22:39.500Z] No active DependencyGraphPanel webview open.
[2026-08-26T16:22:39.503Z] No active DependencyGraphPanel webview open.
[2026-08-26T16:22:39.506Z] No active DependencyGraphPanel webview open.
[2026-08-26T16:22:39.508Z] No active DependencyGraphPanel webview open.
[2026-08-26T16:22:39.516Z] No active DependencyGraphPanel webview open.
[2026-08-26T16:22:39.518Z] No active DependencyGraphPanel webview open.
[2026-08-26T16:22:39.520Z] No active DependencyGraphPanel webview open.
[2026-08-26T16:22:39.523Z] No active DependencyGraphPanel webview open.
[2026-08-26T16:22:39.525Z] No active DependencyGraphPanel webview open.
[2026-08-26T16:22:39.528Z] No active DependencyGraphPanel webview open.
[2026-08-26T16:22:39.530Z] No active DependencyGraphPanel webview open.
[2026-08-26T16:22:39.532Z] No active DependencyGraphPanel webview open.
[2026-08-26T16:22:39.534Z] No active DependencyGraphPanel webview open.
[2026-08-26T16:22:39.536Z] No active DependencyGraphPanel webview open.
[2026-08-26T16:22:39.538Z] No active DependencyGraphPanel webview open.
[2026-08-26T16:22:39.540Z] No active DependencyGraphPanel webview open.
[2026-08-26T16:22:39.543Z] No active DependencyGraphPanel webview open.
[2026-08-26T16:22:39.545Z] No active DependencyGraphPanel webview open.
[2026-08-26T16:22:39.548Z] No active DependencyGraphPanel webview open.
[2026-08-26T16:22:39.550Z] No active DependencyGraphPanel webview open.
[2026-08-26T16:22:39.552Z] No active DependencyGraphPanel webview open.
[2026-08-26T16:22:39.553Z] No active DependencyGraphPanel webview open.
[2026-08-26T16:22:39.555Z] No active DependencyGraphPanel webview open.
[2026-08-26T16:22:39.557Z] No active DependencyGraphPanel webview open.
[2026-08-26T16:22:39.558Z] No active DependencyGraphPanel webview open.
[2026-08-26T16:22:39.560Z] No active DependencyGraphPanel webview open.
[2026-08-26T16:22:39.561Z] No active DependencyGraphPanel webview open.
[2026-08-26T16:22:39.563Z] No active DependencyGraphPanel webview open.
[2026-08-26T16:22:39.565Z] No active DependencyGraphPanel webview open.
[2026-08-26T16:22:39.566Z] No active DependencyGraphPanel webview open.
[2026-08-26T16:22:39.568Z] No active DependencyGraphPanel webview open.
[2026-08-26T16:22:39.570Z] No active DependencyGraphPanel webview open.
[2026-08-26T16:22:39.572Z] No active DependencyGraphPanel webview open.
[2026-08-26T16:22:39.574Z] No active DependencyGraphPanel webview open.
[2026-08-26T16:22:39.575Z] No active DependencyGraphPanel webview open.
[2026-08-26T16:22:39.577Z] No active DependencyGraphPanel webview open.
[2026-08-26T16:22:39.578Z] No active DependencyGraphPanel webview open.
[2026-08-26T16:22:39.580Z] No active DependencyGraphPanel webview open.
[2026-08-26T16:22:39.582Z] No active DependencyGraphPanel webview open.
[2026-08-26T16:22:39.584Z] No active DependencyGraphPanel webview open.
[2026-08-26T16:22:39.585Z] No active DependencyGraphPanel webview open.
[2026-08-26T16:22:39.587Z] No active DependencyGraphPanel webview open.
[2026-08-26T16:22:39.590Z] No active DependencyGraphPanel webview open.
[2026-08-26T16:22:39.592Z] No active DependencyGraphPanel webview open.
[2026-08-26T16:22:39.595Z] No active DependencyGraphPanel webview open.
[2026-08-26T16:22:39.596Z] No active DependencyGraphPanel webview open.
[2026-08-26T16:22:39.599Z] No active DependencyGraphPanel webview open.
[2026-08-26T16:22:39.605Z] No active DependencyGraphPanel webview open.
[2026-08-26T16:22:39.607Z] No active DependencyGraphPanel webview open.
[2026-08-26T16:22:39.609Z] No active DependencyGraphPanel webview open.
[2026-08-26T16:22:39.611Z] No active DependencyGraphPanel webview open.
[2026-08-26T16:22:39.613Z] No active DependencyGraphPanel webview open.
[2026-08-26T16:22:39.621Z] No active DependencyGraphPanel webview open.
[2026-08-26T16:22:39.623Z] No active DependencyGraphPanel webview open.
[2026-08-26T16:22:39.625Z] No active DependencyGraphPanel webview open.
[2026-08-26T16:22:39.627Z] No active DependencyGraphPanel webview open.
[2026-08-26T16:22:39.629Z] No active DependencyGraphPanel webview open.
[2026-08-26T16:22:39.631Z] No active DependencyGraphPanel webview open.
[2026-08-26T16:22:39.633Z] No active DependencyGraphPanel webview open.
[2026-08-26T16:22:39.635Z] No active DependencyGraphPanel webview open.
[2026-08-26T16:22:39.636Z] No active DependencyGraphPanel webview open.
[2026-08-26T16:22:39.638Z] No active DependencyGraphPanel webview open.
[2026-08-26T16:22:39.640Z] No active DependencyGraphPanel webview open.
[2026-08-26T16:22:39.642Z] No active DependencyGraphPanel webview open.
[2026-08-26T16:22:39.644Z] No active DependencyGraphPanel webview open.
[2026-08-26T16:22:39.646Z] No active DependencyGraphPanel webview open.
[2026-08-26T16:22:39.648Z] No active DependencyGraphPanel webview open.
[2026-08-26T16:22:39.650Z] No active DependencyGraphPanel webview open.
[2026-08-26T16:22:39.652Z] No active DependencyGraphPanel webview open.
[2026-08-26T16:22:39.653Z] No active DependencyGraphPanel webview open.
[2026-08-26T16:22:39.655Z] No active DependencyGraphPanel webview open.
[2026-08-26T16:22:39.657Z] No active DependencyGraphPanel webview open.
[2026-08-26T16:22:39.659Z] No active DependencyGraphPanel webview open.
[2026-08-26T16:22:39.662Z] No active DependencyGraphPanel webview open.
[2026-08-26T16:22:39.664Z] No active DependencyGraphPanel webview open.
[2026-08-26T16:22:39.665Z] No active DependencyGraphPanel webview open.
[2026-08-26T16:22:39.667Z] No active DependencyGraphPanel webview open.
[2026-08-26T16:22:39.668Z] No active DependencyGraphPanel webview open.
[2026-08-26T16:22:39.670Z] No active DependencyGraphPanel webview open.
[2026-08-26T16:22:39.672Z] No active DependencyGraphPanel webview open.
[2026-08-26T16:22:39.674Z] No active DependencyGraphPanel webview open.
[2026-08-26T16:22:39.676Z] No active DependencyGraphPanel webview open.
[2026-08-26T16:22:39.678Z] No active DependencyGraphPanel webview open.
[2026-08-26T16:22:39.680Z] No active DependencyGraphPanel webview open.
[2026-08-26T16:22:39.682Z] No active DependencyGraphPanel webview open.
[2026-08-26T16:22:39.684Z] No active DependencyGraphPanel webview open.
[2026-08-26T16:22:39.686Z] No active DependencyGraphPanel webview open.
[2026-08-26T16:22:39.688Z] No active DependencyGraphPanel webview open.
[2026-08-26T16:22:39.699Z] No active DependencyGraphPanel webview open.
[2026-08-26T16:22:39.701Z] No active DependencyGraphPanel webview open.
[2026-08-26T16:22:39.703Z] No active DependencyGraphPanel webview open.
[2026-08-26T16:22:39.705Z] No active DependencyGraphPanel webview open.
[2026-08-26T16:22:39.707Z] No active DependencyGraphPanel webview open.
[2026-08-26T16:22:39.709Z] No active DependencyGraphPanel webview open.
[2026-08-26T16:22:39.711Z] No active DependencyGraphPanel webview open.
[2026-08-26T16:22:39.713Z] No active DependencyGraphPanel webview open.
[2026-08-26T16:22:39.715Z] No active DependencyGraphPanel webview open.
[2026-08-26T16:22:39.716Z] No active DependencyGraphPanel webview open.
[2026-08-26T16:22:39.719Z] No active DependencyGraphPanel webview open.
[2026-08-26T16:22:39.721Z] No active DependencyGraphPanel webview open.
[2026-08-26T16:22:39.723Z] No active DependencyGraphPanel webview open.
[2026-08-26T16:22:39.725Z] No active DependencyGraphPanel webview open.
[2026-08-26T16:22:39.727Z] No active DependencyGraphPanel webview open.
[2026-08-26T16:22:39.730Z] No active DependencyGraphPanel webview open.
[2026-08-26T16:22:39.731Z] No active DependencyGraphPanel webview open.
[2026-08-26T16:22:39.733Z] No active DependencyGraphPanel webview open.
[2026-08-26T16:22:39.735Z] No active DependencyGraphPanel webview open.
[2026-08-26T16:22:39.737Z] No active DependencyGraphPanel webview open.
[2026-08-26T16:22:39.738Z] No active DependencyGraphPanel webview open.
[2026-08-26T16:22:39.740Z] No active DependencyGraphPanel webview open.
[2026-08-26T16:22:40.974Z] runPostScanAnalysis started. Current nodes count: 2195
[2026-08-26T16:22:40.992Z] runPostScanAnalysis started. Current nodes count: 2199
[2026-08-26T16:22:41.009Z] runPostScanAnalysis started. Current nodes count: 2200
[2026-08-26T16:22:41.026Z] runPostScanAnalysis started. Current nodes count: 2201
[2026-08-26T16:22:41.046Z] runPostScanAnalysis started. Current nodes count: 2202
[2026-08-26T16:22:41.064Z] runPostScanAnalysis started. Current nodes count: 2203
[2026-08-26T16:22:41.081Z] runPostScanAnalysis started. Current nodes count: 2204
[2026-08-26T16:22:41.099Z] runPostScanAnalysis started. Current nodes count: 2205
[2026-08-26T16:22:41.124Z] runPostScanAnalysis started. Current nodes count: 2206
[2026-08-26T16:22:41.142Z] runPostScanAnalysis started. Current nodes count: 2207
[2026-08-26T16:22:41.160Z] runPostScanAnalysis started. Current nodes count: 2208
[2026-08-26T16:22:41.179Z] runPostScanAnalysis started. Current nodes count: 2209
[2026-08-26T16:22:41.196Z] runPostScanAnalysis started. Current nodes count: 2210
[2026-08-26T16:22:41.213Z] runPostScanAnalysis started. Current nodes count: 2211
[2026-08-26T16:22:41.231Z] runPostScanAnalysis started. Current nodes count: 2212
[2026-08-26T16:22:41.248Z] runPostScanAnalysis started. Current nodes count: 2213
[2026-08-26T16:22:41.265Z] runPostScanAnalysis started. Current nodes count: 2214
[2026-08-26T16:22:41.281Z] runPostScanAnalysis started. Current nodes count: 2215
[2026-08-26T16:22:41.297Z] runPostScanAnalysis started. Current nodes count: 2216
[2026-08-26T16:22:41.318Z] runPostScanAnalysis started. Current nodes count: 2217
[2026-08-26T16:22:41.336Z] runPostScanAnalysis started. Current nodes count: 2218
[2026-08-26T16:22:41.352Z] runPostScanAnalysis started. Current nodes count: 2219
[2026-08-26T16:22:41.367Z] runPostScanAnalysis started. Current nodes count: 2220
[2026-08-26T16:22:41.383Z] runPostScanAnalysis started. Current nodes count: 2221
[2026-08-26T16:22:41.400Z] runPostScanAnalysis started. Current nodes count: 2222
[2026-08-26T16:22:41.417Z] runPostScanAnalysis started. Current nodes count: 2223
[2026-08-26T16:22:41.433Z] runPostScanAnalysis started. Current nodes count: 2224
[2026-08-26T16:22:41.449Z] runPostScanAnalysis started. Current nodes count: 2225
[2026-08-26T16:22:41.466Z] runPostScanAnalysis started. Current nodes count: 2226
[2026-08-26T16:22:41.483Z] runPostScanAnalysis started. Current nodes count: 2227
[2026-08-26T16:22:41.502Z] runPostScanAnalysis started. Current nodes count: 2228
[2026-08-26T16:22:41.520Z] runPostScanAnalysis started. Current nodes count: 2229
[2026-08-26T16:22:41.538Z] runPostScanAnalysis started. Current nodes count: 2230
[2026-08-26T16:22:41.555Z] runPostScanAnalysis started. Current nodes count: 2231
[2026-08-26T16:22:41.583Z] runPostScanAnalysis started. Current nodes count: 2232
[2026-08-26T16:22:41.601Z] runPostScanAnalysis started. Current nodes count: 2233
[2026-08-26T16:22:41.618Z] runPostScanAnalysis started. Current nodes count: 2234
[2026-08-26T16:22:41.634Z] runPostScanAnalysis started. Current nodes count: 2235
[2026-08-26T16:22:41.651Z] runPostScanAnalysis started. Current nodes count: 2236
[2026-08-26T16:22:41.669Z] runPostScanAnalysis started. Current nodes count: 2237
[2026-08-26T16:22:41.686Z] runPostScanAnalysis started. Current nodes count: 2238
[2026-08-26T16:22:41.703Z] runPostScanAnalysis started. Current nodes count: 2239
[2026-08-26T16:22:41.720Z] runPostScanAnalysis started. Current nodes count: 2241
[2026-08-26T16:22:41.736Z] runPostScanAnalysis started. Current nodes count: 2242
[2026-08-26T16:22:41.752Z] runPostScanAnalysis started. Current nodes count: 2243
[2026-08-26T16:22:41.768Z] runPostScanAnalysis started. Current nodes count: 2244
[2026-08-26T16:22:41.784Z] runPostScanAnalysis started. Current nodes count: 2245
[2026-08-26T16:22:41.801Z] runPostScanAnalysis started. Current nodes count: 2246
[2026-08-26T16:22:41.818Z] runPostScanAnalysis started. Current nodes count: 2247
[2026-08-26T16:22:41.836Z] runPostScanAnalysis started. Current nodes count: 2248
[2026-08-26T16:22:41.854Z] runPostScanAnalysis started. Current nodes count: 2249
[2026-08-26T16:22:41.872Z] runPostScanAnalysis started. Current nodes count: 2250
[2026-08-26T16:22:41.890Z] runPostScanAnalysis started. Current nodes count: 2251
[2026-08-26T16:22:41.908Z] runPostScanAnalysis started. Current nodes count: 2252
[2026-08-26T16:22:41.928Z] runPostScanAnalysis started. Current nodes count: 2253
[2026-08-26T16:22:41.948Z] runPostScanAnalysis started. Current nodes count: 2254
[2026-08-26T16:22:41.965Z] runPostScanAnalysis started. Current nodes count: 2255
[2026-08-26T16:22:41.983Z] runPostScanAnalysis started. Current nodes count: 2256
[2026-08-26T16:22:42.000Z] runPostScanAnalysis started. Current nodes count: 2257
[2026-08-26T16:22:42.018Z] runPostScanAnalysis started. Current nodes count: 2258
[2026-08-26T16:22:42.036Z] runPostScanAnalysis started. Current nodes count: 2259
[2026-08-26T16:22:42.053Z] runPostScanAnalysis started. Current nodes count: 2260
[2026-08-26T16:22:42.071Z] runPostScanAnalysis started. Current nodes count: 2261
[2026-08-26T16:22:42.089Z] runPostScanAnalysis started. Current nodes count: 2262
[2026-08-26T16:22:42.107Z] runPostScanAnalysis started. Current nodes count: 2263
[2026-08-26T16:22:42.126Z] runPostScanAnalysis started. Current nodes count: 2264
[2026-08-26T16:22:42.144Z] runPostScanAnalysis started. Current nodes count: 2265
[2026-08-26T16:22:42.165Z] runPostScanAnalysis started. Current nodes count: 2266
[2026-08-26T16:22:42.184Z] runPostScanAnalysis started. Current nodes count: 2267
[2026-08-26T16:22:42.202Z] runPostScanAnalysis started. Current nodes count: 2268
[2026-08-26T16:22:42.219Z] runPostScanAnalysis started. Current nodes count: 2269
[2026-08-26T16:22:42.239Z] runPostScanAnalysis started. Current nodes count: 2270
[2026-08-26T16:22:42.259Z] runPostScanAnalysis started. Current nodes count: 2271
[2026-08-26T16:22:42.277Z] runPostScanAnalysis started. Current nodes count: 2272
[2026-08-26T16:22:42.291Z] runPostScanAnalysis started. Current nodes count: 2273
[2026-08-26T16:22:42.306Z] runPostScanAnalysis started. Current nodes count: 2274
[2026-08-26T16:22:42.323Z] runPostScanAnalysis started. Current nodes count: 2275
[2026-08-26T16:22:42.340Z] runPostScanAnalysis started. Current nodes count: 2276
[2026-08-26T16:22:42.358Z] runPostScanAnalysis started. Current nodes count: 2277
[2026-08-26T16:22:42.385Z] runPostScanAnalysis started. Current nodes count: 2279
[2026-08-26T16:22:42.401Z] runPostScanAnalysis started. Current nodes count: 2280
[2026-08-26T16:22:42.416Z] runPostScanAnalysis started. Current nodes count: 2281
[2026-08-26T16:22:42.431Z] runPostScanAnalysis started. Current nodes count: 2282
[2026-08-26T16:22:42.448Z] runPostScanAnalysis started. Current nodes count: 2283
[2026-08-26T16:22:42.464Z] runPostScanAnalysis started. Current nodes count: 2284
[2026-08-26T16:22:42.484Z] runPostScanAnalysis started. Current nodes count: 2285
[2026-08-26T16:22:42.500Z] runPostScanAnalysis started. Current nodes count: 2286
[2026-08-26T16:22:42.516Z] runPostScanAnalysis started. Current nodes count: 2287
[2026-08-26T16:22:42.531Z] runPostScanAnalysis started. Current nodes count: 2288
[2026-08-26T16:22:42.547Z] runPostScanAnalysis started. Current nodes count: 2289
[2026-08-26T16:22:42.563Z] runPostScanAnalysis started. Current nodes count: 2290
[2026-08-26T16:22:42.580Z] runPostScanAnalysis started. Current nodes count: 2291
[2026-08-26T16:22:42.595Z] runPostScanAnalysis started. Current nodes count: 2292
[2026-08-26T16:22:42.611Z] runPostScanAnalysis started. Current nodes count: 2293
[2026-08-26T16:22:42.627Z] runPostScanAnalysis started. Current nodes count: 2294
[2026-08-26T16:22:42.645Z] runPostScanAnalysis started. Current nodes count: 2295
[2026-08-26T16:22:42.664Z] runPostScanAnalysis started. Current nodes count: 2296
[2026-08-26T16:22:42.682Z] runPostScanAnalysis started. Current nodes count: 2297
[2026-08-26T16:22:42.701Z] runPostScanAnalysis started. Current nodes count: 2298
[2026-08-26T16:22:42.718Z] runPostScanAnalysis started. Current nodes count: 2299
[2026-08-26T16:22:42.735Z] runPostScanAnalysis started. Current nodes count: 2300
[2026-08-26T16:22:42.753Z] runPostScanAnalysis started. Current nodes count: 2301
[2026-08-26T16:22:42.770Z] runPostScanAnalysis started. Current nodes count: 2302
[2026-08-26T16:22:42.788Z] runPostScanAnalysis started. Current nodes count: 2303
[2026-08-26T16:22:42.806Z] runPostScanAnalysis started. Current nodes count: 2304
[2026-08-26T16:22:42.823Z] runPostScanAnalysis started. Current nodes count: 2305
[2026-08-26T16:22:42.841Z] runPostScanAnalysis started. Current nodes count: 2306
[2026-08-26T16:22:42.857Z] runPostScanAnalysis started. Current nodes count: 2307
[2026-08-26T16:22:42.873Z] runPostScanAnalysis started. Current nodes count: 2308
[2026-08-26T16:22:42.888Z] runPostScanAnalysis started. Current nodes count: 2309
[2026-08-26T16:22:42.904Z] runPostScanAnalysis started. Current nodes count: 2310
[2026-08-26T16:22:42.920Z] runPostScanAnalysis started. Current nodes count: 2311
[2026-08-26T16:22:42.936Z] runPostScanAnalysis started. Current nodes count: 2312
[2026-08-26T16:22:42.952Z] runPostScanAnalysis started. Current nodes count: 2313
[2026-08-26T16:22:42.970Z] runPostScanAnalysis started. Current nodes count: 2314
[2026-08-26T16:22:42.987Z] runPostScanAnalysis started. Current nodes count: 2315
[2026-08-26T16:22:43.002Z] runPostScanAnalysis started. Current nodes count: 2316
[2026-08-26T16:22:43.018Z] runPostScanAnalysis started. Current nodes count: 2317
[2026-08-26T16:22:43.034Z] runPostScanAnalysis started. Current nodes count: 2318
[2026-08-26T16:22:43.051Z] runPostScanAnalysis started. Current nodes count: 2319
[2026-08-26T16:22:43.074Z] runPostScanAnalysis started. Current nodes count: 2320
[2026-08-26T16:22:43.091Z] runPostScanAnalysis started. Current nodes count: 2321
[2026-08-26T16:22:43.106Z] runPostScanAnalysis started. Current nodes count: 2322
[2026-08-26T16:22:43.123Z] runPostScanAnalysis started. Current nodes count: 2323
[2026-08-26T16:22:43.140Z] runPostScanAnalysis started. Current nodes count: 2324
[2026-08-26T16:22:43.158Z] runPostScanAnalysis started. Current nodes count: 2325
[2026-08-26T16:22:43.176Z] runPostScanAnalysis started. Current nodes count: 2326
[2026-08-26T16:22:43.210Z] runPostScanAnalysis started. Current nodes count: 2327
[2026-08-26T16:22:43.294Z] runPostScanAnalysis started. Current nodes count: 2328
[2026-08-26T16:22:43.384Z] runPostScanAnalysis started. Current nodes count: 2329
[2026-08-26T16:22:43.458Z] runPostScanAnalysis started. Current nodes count: 2330
[2026-08-26T16:22:43.487Z] runPostScanAnalysis started. Current nodes count: 2331
[2026-08-26T16:22:43.505Z] runPostScanAnalysis started. Current nodes count: 2332
[2026-08-26T16:22:43.521Z] runPostScanAnalysis started. Current nodes count: 2333
[2026-08-26T16:22:43.539Z] runPostScanAnalysis started. Current nodes count: 2334
[2026-08-26T16:22:43.557Z] runPostScanAnalysis started. Current nodes count: 2335
[2026-08-26T16:22:43.573Z] runPostScanAnalysis started. Current nodes count: 2336
[2026-08-26T16:22:43.590Z] runPostScanAnalysis started. Current nodes count: 2337
[2026-08-26T16:22:43.605Z] runPostScanAnalysis started. Current nodes count: 2338
[2026-08-26T16:22:43.624Z] runPostScanAnalysis started. Current nodes count: 2339
[2026-08-26T16:22:43.641Z] runPostScanAnalysis started. Current nodes count: 2340
[2026-08-26T16:22:43.660Z] runPostScanAnalysis started. Current nodes count: 2341
[2026-08-26T16:22:43.680Z] runPostScanAnalysis started. Current nodes count: 2342
[2026-08-26T16:22:43.698Z] runPostScanAnalysis started. Current nodes count: 2343
[2026-08-26T16:22:43.716Z] runPostScanAnalysis started. Current nodes count: 2344
[2026-08-26T16:22:43.734Z] runPostScanAnalysis started. Current nodes count: 2345
[2026-08-26T16:22:43.752Z] runPostScanAnalysis started. Current nodes count: 2346
[2026-08-26T16:22:43.770Z] runPostScanAnalysis started. Current nodes count: 2347
[2026-08-26T16:22:43.788Z] runPostScanAnalysis started. Current nodes count: 2348
[2026-08-26T16:22:43.806Z] runPostScanAnalysis started. Current nodes count: 2349
[2026-08-26T16:22:43.824Z] runPostScanAnalysis started. Current nodes count: 2350
[2026-08-26T16:22:43.842Z] runPostScanAnalysis started. Current nodes count: 2351
[2026-08-26T16:22:43.858Z] runPostScanAnalysis started. Current nodes count: 2352
[2026-08-26T16:22:43.876Z] runPostScanAnalysis started. Current nodes count: 2353
[2026-08-26T16:22:43.895Z] runPostScanAnalysis started. Current nodes count: 2354
[2026-08-26T16:22:43.911Z] runPostScanAnalysis started. Current nodes count: 2355
[2026-08-26T16:22:43.928Z] runPostScanAnalysis started. Current nodes count: 2356
[2026-08-26T16:22:43.944Z] runPostScanAnalysis started. Current nodes count: 2357
[2026-08-26T16:22:43.962Z] runPostScanAnalysis started. Current nodes count: 2358
[2026-08-26T16:22:43.978Z] runPostScanAnalysis started. Current nodes count: 2359
[2026-08-26T16:22:43.996Z] runPostScanAnalysis started. Current nodes count: 2360
[2026-08-26T16:22:44.013Z] runPostScanAnalysis started. Current nodes count: 2361
[2026-08-26T16:22:44.030Z] runPostScanAnalysis started. Current nodes count: 2362
[2026-08-26T16:22:44.048Z] runPostScanAnalysis started. Current nodes count: 2363
[2026-08-26T16:22:44.064Z] runPostScanAnalysis started. Current nodes count: 2364
[2026-08-26T16:22:44.081Z] runPostScanAnalysis started. Current nodes count: 2365
[2026-08-26T16:22:44.098Z] runPostScanAnalysis started. Current nodes count: 2366
[2026-08-26T16:22:44.114Z] runPostScanAnalysis started. Current nodes count: 2367
[2026-08-26T16:22:44.132Z] runPostScanAnalysis started. Current nodes count: 2368
[2026-08-26T16:22:44.152Z] runPostScanAnalysis started. Current nodes count: 2369
[2026-08-26T16:22:44.170Z] runPostScanAnalysis started. Current nodes count: 2370
[2026-08-26T16:22:44.189Z] runPostScanAnalysis started. Current nodes count: 2371
[2026-08-26T16:22:44.207Z] runPostScanAnalysis started. Current nodes count: 2375
[2026-08-26T16:22:44.245Z] runPostScanAnalysis started. Current nodes count: 2427
[2026-08-26T16:22:44.268Z] runPostScanAnalysis started. Current nodes count: 2430
[2026-08-26T16:22:44.405Z] No active DependencyGraphPanel webview open.
[2026-08-26T16:22:44.408Z] No active DependencyGraphPanel webview open.
[2026-08-26T16:22:44.410Z] No active DependencyGraphPanel webview open.
[2026-08-26T16:22:44.413Z] No active DependencyGraphPanel webview open.
[2026-08-26T16:22:44.415Z] No active DependencyGraphPanel webview open.
[2026-08-26T16:22:44.418Z] No active DependencyGraphPanel webview open.
[2026-08-26T16:22:44.420Z] No active DependencyGraphPanel webview open.
[2026-08-26T16:22:44.422Z] No active DependencyGraphPanel webview open.
[2026-08-26T16:22:44.424Z] No active DependencyGraphPanel webview open.
[2026-08-26T16:22:44.429Z] No active DependencyGraphPanel webview open.
[2026-08-26T16:22:44.431Z] No active DependencyGraphPanel webview open.
[2026-08-26T16:22:44.434Z] No active DependencyGraphPanel webview open.
[2026-08-26T16:22:44.437Z] No active DependencyGraphPanel webview open.
[2026-08-26T16:22:44.440Z] No active DependencyGraphPanel webview open.
[2026-08-26T16:22:44.443Z] No active DependencyGraphPanel webview open.
[2026-08-26T16:22:44.445Z] No active DependencyGraphPanel webview open.
[2026-08-26T16:22:44.448Z] No active DependencyGraphPanel webview open.
[2026-08-26T16:22:44.451Z] No active DependencyGraphPanel webview open.
[2026-08-26T16:22:44.454Z] No active DependencyGraphPanel webview open.
[2026-08-26T16:22:44.456Z] No active DependencyGraphPanel webview open.
[2026-08-26T16:22:44.458Z] No active DependencyGraphPanel webview open.
[2026-08-26T16:22:44.461Z] No active DependencyGraphPanel webview open.
[2026-08-26T16:22:44.464Z] No active DependencyGraphPanel webview open.
[2026-08-26T16:22:44.466Z] No active DependencyGraphPanel webview open.
[2026-08-26T16:22:44.468Z] No active DependencyGraphPanel webview open.
[2026-08-26T16:22:44.470Z] No active DependencyGraphPanel webview open.
[2026-08-26T16:22:44.471Z] No active DependencyGraphPanel webview open.
[2026-08-26T16:22:44.473Z] No active DependencyGraphPanel webview open.
[2026-08-26T16:22:44.476Z] No active DependencyGraphPanel webview open.
[2026-08-26T16:22:44.479Z] No active DependencyGraphPanel webview open.
[2026-08-26T16:22:44.481Z] No active DependencyGraphPanel webview open.
[2026-08-26T16:22:44.483Z] No active DependencyGraphPanel webview open.
[2026-08-26T16:22:44.485Z] No active DependencyGraphPanel webview open.
[2026-08-26T16:22:44.487Z] No active DependencyGraphPanel webview open.
[2026-08-26T16:22:44.489Z] No active DependencyGraphPanel webview open.
[2026-08-26T16:22:44.492Z] No active DependencyGraphPanel webview open.
[2026-08-26T16:22:44.493Z] No active DependencyGraphPanel webview open.
[2026-08-26T16:22:44.497Z] No active DependencyGraphPanel webview open.
[2026-08-26T16:22:44.498Z] No active DependencyGraphPanel webview open.
[2026-08-26T16:22:44.503Z] No active DependencyGraphPanel webview open.
[2026-08-26T16:22:44.505Z] No active DependencyGraphPanel webview open.
[2026-08-26T16:22:44.507Z] No active DependencyGraphPanel webview open.
[2026-08-26T16:22:44.509Z] No active DependencyGraphPanel webview open.
[2026-08-26T16:22:44.510Z] No active DependencyGraphPanel webview open.
[2026-08-26T16:22:44.512Z] No active DependencyGraphPanel webview open.
[2026-08-26T16:22:44.513Z] No active DependencyGraphPanel webview open.
[2026-08-26T16:22:44.515Z] No active DependencyGraphPanel webview open.
[2026-08-26T16:22:44.516Z] No active DependencyGraphPanel webview open.
[2026-08-26T16:22:44.518Z] No active DependencyGraphPanel webview open.
[2026-08-26T16:22:44.520Z] No active DependencyGraphPanel webview open.
[2026-08-26T16:22:44.521Z] No active DependencyGraphPanel webview open.
[2026-08-26T16:22:44.523Z] No active DependencyGraphPanel webview open.
[2026-08-26T16:22:44.524Z] No active DependencyGraphPanel webview open.
[2026-08-26T16:22:44.526Z] No active DependencyGraphPanel webview open.
[2026-08-26T16:22:44.527Z] No active DependencyGraphPanel webview open.
[2026-08-26T16:22:44.529Z] No active DependencyGraphPanel webview open.
[2026-08-26T16:22:44.531Z] No active DependencyGraphPanel webview open.
[2026-08-26T16:22:44.532Z] No active DependencyGraphPanel webview open.
[2026-08-26T16:22:44.535Z] No active DependencyGraphPanel webview open.
[2026-08-26T16:22:44.537Z] No active DependencyGraphPanel webview open.
[2026-08-26T16:22:44.539Z] No active DependencyGraphPanel webview open.
[2026-08-26T16:22:44.542Z] No active DependencyGraphPanel webview open.
[2026-08-26T16:22:44.544Z] No active DependencyGraphPanel webview open.
[2026-08-26T16:22:44.545Z] No active DependencyGraphPanel webview open.
[2026-08-26T16:22:44.547Z] No active DependencyGraphPanel webview open.
[2026-08-26T16:22:44.549Z] No active DependencyGraphPanel webview open.
[2026-08-26T16:22:44.551Z] No active DependencyGraphPanel webview open.
[2026-08-26T16:22:44.553Z] No active DependencyGraphPanel webview open.
[2026-08-26T16:22:44.555Z] No active DependencyGraphPanel webview open.
[2026-08-26T16:22:44.556Z] No active DependencyGraphPanel webview open.
[2026-08-26T16:22:44.558Z] No active DependencyGraphPanel webview open.
[2026-08-26T16:22:44.560Z] No active DependencyGraphPanel webview open.
[2026-08-26T16:22:44.563Z] No active DependencyGraphPanel webview open.
[2026-08-26T16:22:44.565Z] No active DependencyGraphPanel webview open.
[2026-08-26T16:22:44.566Z] No active DependencyGraphPanel webview open.
[2026-08-26T16:22:44.568Z] No active DependencyGraphPanel webview open.
[2026-08-26T16:22:44.570Z] No active DependencyGraphPanel webview open.
[2026-08-26T16:22:44.572Z] No active DependencyGraphPanel webview open.
[2026-08-26T16:22:44.574Z] No active DependencyGraphPanel webview open.
[2026-08-26T16:22:44.575Z] No active DependencyGraphPanel webview open.
[2026-08-26T16:22:44.577Z] No active DependencyGraphPanel webview open.
[2026-08-26T16:22:44.580Z] No active DependencyGraphPanel webview open.
[2026-08-26T16:22:44.581Z] No active DependencyGraphPanel webview open.
[2026-08-26T16:22:44.583Z] No active DependencyGraphPanel webview open.
[2026-08-26T16:22:44.585Z] No active DependencyGraphPanel webview open.
[2026-08-26T16:22:44.592Z] No active DependencyGraphPanel webview open.
[2026-08-26T16:22:44.594Z] No active DependencyGraphPanel webview open.
[2026-08-26T16:22:44.596Z] No active DependencyGraphPanel webview open.
[2026-08-26T16:22:44.599Z] No active DependencyGraphPanel webview open.
[2026-08-26T16:22:44.601Z] No active DependencyGraphPanel webview open.
[2026-08-26T16:22:44.602Z] No active DependencyGraphPanel webview open.
[2026-08-26T16:22:44.604Z] No active DependencyGraphPanel webview open.
[2026-08-26T16:22:44.607Z] No active DependencyGraphPanel webview open.
[2026-08-26T16:22:44.608Z] No active DependencyGraphPanel webview open.
[2026-08-26T16:22:44.610Z] No active DependencyGraphPanel webview open.
[2026-08-26T16:22:44.612Z] No active DependencyGraphPanel webview open.
[2026-08-26T16:22:44.613Z] No active DependencyGraphPanel webview open.
[2026-08-26T16:22:44.615Z] No active DependencyGraphPanel webview open.
[2026-08-26T16:22:44.617Z] No active DependencyGraphPanel webview open.
[2026-08-26T16:22:44.619Z] No active DependencyGraphPanel webview open.
[2026-08-26T16:22:44.622Z] No active DependencyGraphPanel webview open.
[2026-08-26T16:22:44.624Z] No active DependencyGraphPanel webview open.
[2026-08-26T16:22:44.627Z] No active DependencyGraphPanel webview open.
[2026-08-26T16:22:44.629Z] No active DependencyGraphPanel webview open.
[2026-08-26T16:22:44.633Z] No active DependencyGraphPanel webview open.
[2026-08-26T16:22:44.635Z] No active DependencyGraphPanel webview open.
[2026-08-26T16:22:44.637Z] No active DependencyGraphPanel webview open.
[2026-08-26T16:22:44.640Z] No active DependencyGraphPanel webview open.
[2026-08-26T16:22:44.642Z] No active DependencyGraphPanel webview open.
[2026-08-26T16:22:44.644Z] No active DependencyGraphPanel webview open.
[2026-08-26T16:22:44.646Z] No active DependencyGraphPanel webview open.
[2026-08-26T16:22:44.648Z] No active DependencyGraphPanel webview open.
[2026-08-26T16:22:44.650Z] No active DependencyGraphPanel webview open.
[2026-08-26T16:22:44.653Z] No active DependencyGraphPanel webview open.
[2026-08-26T16:22:44.655Z] No active DependencyGraphPanel webview open.
[2026-08-26T16:22:44.657Z] No active DependencyGraphPanel webview open.
[2026-08-26T16:22:44.659Z] No active DependencyGraphPanel webview open.
[2026-08-26T16:22:44.661Z] No active DependencyGraphPanel webview open.
[2026-08-26T16:22:44.663Z] No active DependencyGraphPanel webview open.
[2026-08-26T16:22:44.665Z] No active DependencyGraphPanel webview open.
[2026-08-26T16:22:44.667Z] No active DependencyGraphPanel webview open.
[2026-08-26T16:22:44.669Z] No active DependencyGraphPanel webview open.
[2026-08-26T16:22:44.671Z] No active DependencyGraphPanel webview open.
[2026-08-26T16:22:44.673Z] No active DependencyGraphPanel webview open.
[2026-08-26T16:22:44.675Z] No active DependencyGraphPanel webview open.
[2026-08-26T16:22:44.678Z] No active DependencyGraphPanel webview open.
[2026-08-26T16:22:44.680Z] No active DependencyGraphPanel webview open.
[2026-08-26T16:22:44.684Z] No active DependencyGraphPanel webview open.
[2026-08-26T16:22:44.687Z] No active DependencyGraphPanel webview open.
[2026-08-26T16:22:44.690Z] No active DependencyGraphPanel webview open.
[2026-08-26T16:22:44.708Z] No active DependencyGraphPanel webview open.
[2026-08-26T16:22:44.710Z] No active DependencyGraphPanel webview open.
[2026-08-26T16:22:44.713Z] No active DependencyGraphPanel webview open.
[2026-08-26T16:22:44.715Z] No active DependencyGraphPanel webview open.
[2026-08-26T16:22:44.717Z] No active DependencyGraphPanel webview open.
[2026-08-26T16:22:44.723Z] No active DependencyGraphPanel webview open.
[2026-08-26T16:22:44.726Z] No active DependencyGraphPanel webview open.
[2026-08-26T16:22:44.731Z] No active DependencyGraphPanel webview open.
[2026-08-26T16:22:44.735Z] No active DependencyGraphPanel webview open.
[2026-08-26T16:22:44.738Z] No active DependencyGraphPanel webview open.
[2026-08-26T16:22:44.740Z] No active DependencyGraphPanel webview open.
[2026-08-26T16:22:44.746Z] No active DependencyGraphPanel webview open.
[2026-08-26T16:22:44.769Z] No active DependencyGraphPanel webview open.
[2026-08-26T16:22:44.797Z] No active DependencyGraphPanel webview open.
[2026-08-26T16:22:44.814Z] No active DependencyGraphPanel webview open.
[2026-08-26T16:22:44.821Z] No active DependencyGraphPanel webview open.
[2026-08-26T16:22:44.827Z] No active DependencyGraphPanel webview open.
[2026-08-26T16:22:44.831Z] No active DependencyGraphPanel webview open.
[2026-08-26T16:22:44.836Z] No active DependencyGraphPanel webview open.
[2026-08-26T16:22:44.840Z] No active DependencyGraphPanel webview open.
[2026-08-26T16:22:44.842Z] No active DependencyGraphPanel webview open.
[2026-08-26T16:22:44.845Z] No active DependencyGraphPanel webview open.
[2026-08-26T16:22:44.846Z] No active DependencyGraphPanel webview open.
[2026-08-26T16:22:44.849Z] No active DependencyGraphPanel webview open.
[2026-08-26T16:22:44.851Z] No active DependencyGraphPanel webview open.
[2026-08-26T16:22:44.853Z] No active DependencyGraphPanel webview open.
[2026-08-26T16:22:44.855Z] No active DependencyGraphPanel webview open.
[2026-08-26T16:22:44.857Z] No active DependencyGraphPanel webview open.
[2026-08-26T16:22:44.859Z] No active DependencyGraphPanel webview open.
[2026-08-26T16:22:44.861Z] No active DependencyGraphPanel webview open.
[2026-08-26T16:22:44.863Z] No active DependencyGraphPanel webview open.
[2026-08-26T16:22:44.865Z] No active DependencyGraphPanel webview open.
[2026-08-26T16:22:44.867Z] No active DependencyGraphPanel webview open.
[2026-08-26T16:22:44.869Z] No active DependencyGraphPanel webview open.
[2026-08-26T16:22:44.871Z] No active DependencyGraphPanel webview open.
[2026-08-26T16:22:44.873Z] No active DependencyGraphPanel webview open.
[2026-08-26T16:22:44.875Z] No active DependencyGraphPanel webview open.
[2026-08-26T16:22:44.877Z] No active DependencyGraphPanel webview open.
[2026-08-26T16:22:44.879Z] No active DependencyGraphPanel webview open.
[2026-08-26T16:22:44.881Z] No active DependencyGraphPanel webview open.
[2026-08-26T16:22:44.883Z] No active DependencyGraphPanel webview open.
[2026-08-26T16:22:44.886Z] No active DependencyGraphPanel webview open.
[2026-08-26T16:22:44.888Z] No active DependencyGraphPanel webview open.
[2026-08-26T16:22:44.907Z] runPostScanAnalysis started. Current nodes count: 2723
[2026-08-26T16:22:44.931Z] runPostScanAnalysis started. Current nodes count: 2723
[2026-08-26T16:22:44.962Z] runPostScanAnalysis started. Current nodes count: 2723
[2026-08-26T16:22:44.983Z] runPostScanAnalysis started. Current nodes count: 2723
[2026-08-26T16:22:44.990Z] No active DependencyGraphPanel webview open.
[2026-08-26T16:22:44.996Z] No active DependencyGraphPanel webview open.
[2026-08-26T16:22:45.015Z] runPostScanAnalysis started. Current nodes count: 2723
[2026-08-26T16:22:45.036Z] runPostScanAnalysis started. Current nodes count: 2723
[2026-08-26T16:22:45.058Z] runPostScanAnalysis started. Current nodes count: 2723
[2026-08-26T16:22:45.082Z] runPostScanAnalysis started. Current nodes count: 2723
[2026-08-26T16:22:45.105Z] runPostScanAnalysis started. Current nodes count: 2723
[2026-08-26T16:22:45.130Z] runPostScanAnalysis started. Current nodes count: 2723
[2026-08-26T16:22:45.151Z] runPostScanAnalysis started. Current nodes count: 2723
[2026-08-26T16:22:45.173Z] runPostScanAnalysis started. Current nodes count: 2723
[2026-08-26T16:22:45.196Z] runPostScanAnalysis started. Current nodes count: 2723
[2026-08-26T16:22:45.218Z] runPostScanAnalysis started. Current nodes count: 2723
[2026-08-26T16:22:45.240Z] runPostScanAnalysis started. Current nodes count: 2723
[2026-08-26T16:22:45.262Z] runPostScanAnalysis started. Current nodes count: 2723
[2026-08-26T16:22:45.285Z] runPostScanAnalysis started. Current nodes count: 2723
[2026-08-26T16:22:45.306Z] runPostScanAnalysis started. Current nodes count: 2723
[2026-08-26T16:22:45.330Z] runPostScanAnalysis started. Current nodes count: 2723
[2026-08-26T16:22:45.354Z] runPostScanAnalysis started. Current nodes count: 2723
[2026-08-26T16:22:45.376Z] runPostScanAnalysis started. Current nodes count: 2723
[2026-08-26T16:22:45.399Z] runPostScanAnalysis started. Current nodes count: 2723
[2026-08-26T16:22:45.421Z] runPostScanAnalysis started. Current nodes count: 2723
[2026-08-26T16:22:45.444Z] runPostScanAnalysis started. Current nodes count: 2723
[2026-08-26T16:22:45.467Z] runPostScanAnalysis started. Current nodes count: 2723
[2026-08-26T16:22:45.492Z] runPostScanAnalysis started. Current nodes count: 2723
[2026-08-26T16:22:45.516Z] runPostScanAnalysis started. Current nodes count: 2723
[2026-08-26T16:22:45.540Z] runPostScanAnalysis started. Current nodes count: 2723
[2026-08-26T16:22:45.567Z] runPostScanAnalysis started. Current nodes count: 2723
[2026-08-26T16:22:45.593Z] runPostScanAnalysis started. Current nodes count: 2723
[2026-08-26T16:22:45.627Z] runPostScanAnalysis started. Current nodes count: 2723
[2026-08-26T16:22:45.654Z] runPostScanAnalysis started. Current nodes count: 2723
[2026-08-26T16:22:45.682Z] runPostScanAnalysis started. Current nodes count: 2723
[2026-08-26T16:22:45.711Z] runPostScanAnalysis started. Current nodes count: 2723
[2026-08-26T16:22:45.743Z] runPostScanAnalysis started. Current nodes count: 2723
[2026-08-26T16:22:45.774Z] runPostScanAnalysis started. Current nodes count: 2723
[2026-08-26T16:22:45.805Z] runPostScanAnalysis started. Current nodes count: 2723
[2026-08-26T16:22:45.837Z] runPostScanAnalysis started. Current nodes count: 2723
[2026-08-26T16:22:45.868Z] runPostScanAnalysis started. Current nodes count: 2723
[2026-08-26T16:22:45.900Z] runPostScanAnalysis started. Current nodes count: 2723
[2026-08-26T16:22:47.168Z] runPostScanAnalysis started. Current nodes count: 2723
[2026-08-26T16:22:47.254Z] runPostScanAnalysis started. Current nodes count: 2723
[2026-08-26T16:22:47.379Z] runPostScanAnalysis started. Current nodes count: 2723
[2026-08-26T16:22:47.510Z] runPostScanAnalysis started. Current nodes count: 2723
[2026-08-26T16:22:47.648Z] runPostScanAnalysis started. Current nodes count: 2723
[2026-08-26T16:22:47.828Z] runPostScanAnalysis started. Current nodes count: 2723
[2026-08-26T16:22:47.885Z] runPostScanAnalysis started. Current nodes count: 2723
[2026-08-26T16:22:47.941Z] runPostScanAnalysis started. Current nodes count: 2723
[2026-08-26T16:22:48.002Z] runPostScanAnalysis started. Current nodes count: 2723
[2026-08-26T16:22:48.064Z] runPostScanAnalysis started. Current nodes count: 2723
[2026-08-26T16:22:48.130Z] runPostScanAnalysis started. Current nodes count: 2723
[2026-08-26T16:22:48.192Z] runPostScanAnalysis started. Current nodes count: 2723
[2026-08-26T16:22:48.255Z] runPostScanAnalysis started. Current nodes count: 2723
[2026-08-26T16:22:48.321Z] runPostScanAnalysis started. Current nodes count: 2723
[2026-08-26T16:22:48.387Z] runPostScanAnalysis started. Current nodes count: 2723
[2026-08-26T16:22:48.454Z] runPostScanAnalysis started. Current nodes count: 2723
[2026-08-26T16:22:48.527Z] runPostScanAnalysis started. Current nodes count: 2723
[2026-08-26T16:22:48.598Z] runPostScanAnalysis started. Current nodes count: 2723
[2026-08-26T16:22:48.675Z] runPostScanAnalysis started. Current nodes count: 2723
[2026-08-26T16:22:48.758Z] runPostScanAnalysis started. Current nodes count: 2723
[2026-08-26T16:22:48.844Z] runPostScanAnalysis started. Current nodes count: 2723
[2026-08-26T16:22:48.932Z] runPostScanAnalysis started. Current nodes count: 2723
[2026-08-26T16:22:49.027Z] runPostScanAnalysis started. Current nodes count: 2723
[2026-08-26T16:22:49.116Z] runPostScanAnalysis started. Current nodes count: 2723
[2026-08-26T16:22:49.203Z] runPostScanAnalysis started. Current nodes count: 2723
[2026-08-26T16:22:49.285Z] runPostScanAnalysis started. Current nodes count: 2723
[2026-08-26T16:22:49.378Z] runPostScanAnalysis started. Current nodes count: 2723
[2026-08-26T16:22:49.462Z] runPostScanAnalysis started. Current nodes count: 2723
[2026-08-26T16:22:49.550Z] runPostScanAnalysis started. Current nodes count: 2723
[2026-08-26T16:22:49.639Z] runPostScanAnalysis started. Current nodes count: 2723
[2026-08-26T16:22:49.728Z] runPostScanAnalysis started. Current nodes count: 2723
[2026-08-26T16:22:49.803Z] runPostScanAnalysis started. Current nodes count: 2723
[2026-08-26T16:22:49.874Z] runPostScanAnalysis started. Current nodes count: 2723
[2026-08-26T16:22:49.950Z] runPostScanAnalysis started. Current nodes count: 2723
[2026-08-26T16:22:50.019Z] runPostScanAnalysis started. Current nodes count: 2723
[2026-08-26T16:22:50.088Z] runPostScanAnalysis started. Current nodes count: 2723
[2026-08-26T16:22:50.154Z] runPostScanAnalysis started. Current nodes count: 2723
[2026-08-26T16:22:50.222Z] runPostScanAnalysis started. Current nodes count: 2723
[2026-08-26T16:22:50.282Z] runPostScanAnalysis started. Current nodes count: 2723
[2026-08-26T16:22:50.344Z] runPostScanAnalysis started. Current nodes count: 2723
[2026-08-26T16:22:50.402Z] runPostScanAnalysis started. Current nodes count: 2723
[2026-08-26T16:22:50.461Z] runPostScanAnalysis started. Current nodes count: 2723
[2026-08-26T16:22:50.520Z] runPostScanAnalysis started. Current nodes count: 2723
[2026-08-26T16:22:50.577Z] runPostScanAnalysis started. Current nodes count: 2723
[2026-08-26T16:22:50.638Z] runPostScanAnalysis started. Current nodes count: 2723
[2026-08-26T16:22:50.700Z] runPostScanAnalysis started. Current nodes count: 2723
[2026-08-26T16:22:50.761Z] runPostScanAnalysis started. Current nodes count: 2723
[2026-08-26T16:22:50.823Z] runPostScanAnalysis started. Current nodes count: 2723
[2026-08-26T16:22:50.885Z] runPostScanAnalysis started. Current nodes count: 2723
[2026-08-26T16:22:50.943Z] runPostScanAnalysis started. Current nodes count: 2723
[2026-08-26T16:22:51.001Z] runPostScanAnalysis started. Current nodes count: 2723
[2026-08-26T16:22:51.066Z] runPostScanAnalysis started. Current nodes count: 2723
[2026-08-26T16:22:51.124Z] runPostScanAnalysis started. Current nodes count: 2723
[2026-08-26T16:22:51.190Z] runPostScanAnalysis started. Current nodes count: 2723
[2026-08-26T16:22:51.247Z] runPostScanAnalysis started. Current nodes count: 2723
[2026-08-26T16:22:51.319Z] runPostScanAnalysis started. Current nodes count: 2723
[2026-08-26T16:22:51.441Z] runPostScanAnalysis started. Current nodes count: 2723
[2026-08-26T16:22:51.566Z] runPostScanAnalysis started. Current nodes count: 2723
[2026-08-26T16:22:51.700Z] runPostScanAnalysis started. Current nodes count: 2723
[2026-08-26T16:22:51.915Z] runPostScanAnalysis started. Current nodes count: 2723
[2026-08-26T16:22:51.965Z] runPostScanAnalysis started. Current nodes count: 2723
[2026-08-26T16:22:52.023Z] runPostScanAnalysis started. Current nodes count: 2723
[2026-08-26T16:22:52.087Z] runPostScanAnalysis started. Current nodes count: 2723
[2026-08-26T16:22:52.145Z] runPostScanAnalysis started. Current nodes count: 2723
[2026-08-26T16:22:52.206Z] runPostScanAnalysis started. Current nodes count: 2723
[2026-08-26T16:22:52.262Z] runPostScanAnalysis started. Current nodes count: 2723
[2026-08-26T16:22:52.315Z] runPostScanAnalysis started. Current nodes count: 2723
[2026-08-26T16:22:52.362Z] runPostScanAnalysis started. Current nodes count: 2723
[2026-08-26T16:22:52.411Z] runPostScanAnalysis started. Current nodes count: 2723
[2026-08-26T16:22:52.460Z] runPostScanAnalysis started. Current nodes count: 2723
[2026-08-26T16:22:52.505Z] runPostScanAnalysis started. Current nodes count: 2723
[2026-08-26T16:22:52.562Z] runPostScanAnalysis started. Current nodes count: 2723
[2026-08-26T16:22:52.606Z] runPostScanAnalysis started. Current nodes count: 2723
[2026-08-26T16:22:52.658Z] runPostScanAnalysis started. Current nodes count: 2723
[2026-08-26T16:22:52.701Z] runPostScanAnalysis started. Current nodes count: 2723
[2026-08-26T16:22:52.755Z] runPostScanAnalysis started. Current nodes count: 2723
[2026-08-26T16:22:52.807Z] runPostScanAnalysis started. Current nodes count: 2723
[2026-08-26T16:22:52.857Z] runPostScanAnalysis started. Current nodes count: 2723
[2026-08-26T16:22:53.016Z] runPostScanAnalysis started. Current nodes count: 2723
[2026-08-26T16:22:53.099Z] runPostScanAnalysis started. Current nodes count: 2723
[2026-08-26T16:22:53.152Z] runPostScanAnalysis started. Current nodes count: 2723
[2026-08-26T16:22:53.207Z] runPostScanAnalysis started. Current nodes count: 2723
[2026-08-26T16:22:53.270Z] runPostScanAnalysis started. Current nodes count: 2723
[2026-08-26T16:22:53.346Z] runPostScanAnalysis started. Current nodes count: 2723
[2026-08-26T16:22:53.465Z] runPostScanAnalysis started. Current nodes count: 2723
[2026-08-26T16:22:53.599Z] runPostScanAnalysis started. Current nodes count: 2723
[2026-08-26T16:22:53.732Z] runPostScanAnalysis started. Current nodes count: 2723
[2026-08-26T16:22:53.875Z] runPostScanAnalysis started. Current nodes count: 2723
[2026-08-26T16:22:54.005Z] runPostScanAnalysis started. Current nodes count: 2723
[2026-08-26T16:22:54.120Z] runPostScanAnalysis started. Current nodes count: 2723
[2026-08-26T16:22:54.171Z] runPostScanAnalysis started. Current nodes count: 2723
[2026-08-26T16:22:54.225Z] runPostScanAnalysis started. Current nodes count: 2723
[2026-08-26T16:22:54.289Z] runPostScanAnalysis started. Current nodes count: 2723
[2026-08-26T16:22:54.349Z] runPostScanAnalysis started. Current nodes count: 2723
[2026-08-26T16:22:54.428Z] runPostScanAnalysis started. Current nodes count: 2723
[2026-08-26T16:23:18.905Z] Extension activating. WorkspaceFolders found: ["/Users/jaffar/Desktop/MacBookPro14/IOTAGit/IOTADashboard","/Users/jaffar/Desktop/MacBookPro14/IOTAGit/IOTAApiServer","/Users/jaffar/Desktop/MacBookPro14/IOTAGit/IOTADocuments"]
[2026-08-26T16:23:18.910Z] runFullScan started
[2026-08-26T16:23:18.911Z] Discovering files...
[2026-08-26T16:23:22.122Z] Scan complete: 1835 files found, 0 cached, 1835 freshly parsed, 3211ms
[2026-08-26T16:23:22.123Z] runPostScanAnalysis started. Current nodes count: 1835
[2026-08-26T16:23:22.158Z] No active DependencyGraphPanel webview open.
[2026-08-26T16:23:22.158Z] runFullScan finished
[2026-08-26T16:24:03.543Z] runPostScanAnalysis started. Current nodes count: 0
[2026-08-26T16:24:03.546Z] runPostScanAnalysis started. Current nodes count: 0
[2026-08-26T16:24:03.547Z] runPostScanAnalysis started. Current nodes count: 0
[2026-08-26T16:24:03.564Z] No active DependencyGraphPanel webview open.
[2026-08-26T16:24:03.565Z] No active DependencyGraphPanel webview open.
[2026-08-26T16:24:03.566Z] No active DependencyGraphPanel webview open.
[2026-08-26T16:24:03.755Z] runPostScanAnalysis started. Current nodes count: 1
[2026-08-26T16:24:03.793Z] runPostScanAnalysis started. Current nodes count: 2
[2026-08-26T16:24:03.835Z] runPostScanAnalysis started. Current nodes count: 3
[2026-08-26T16:24:03.870Z] runPostScanAnalysis started. Current nodes count: 4
[2026-08-26T16:24:03.903Z] runPostScanAnalysis started. Current nodes count: 5
[2026-08-26T16:24:03.948Z] runPostScanAnalysis started. Current nodes count: 6
[2026-08-26T16:24:03.984Z] runPostScanAnalysis started. Current nodes count: 7
[2026-08-26T16:24:04.034Z] runPostScanAnalysis started. Current nodes count: 8
[2026-08-26T16:24:04.075Z] runPostScanAnalysis started. Current nodes count: 9
[2026-08-26T16:24:04.124Z] runPostScanAnalysis started. Current nodes count: 10
[2026-08-26T16:24:04.173Z] runPostScanAnalysis started. Current nodes count: 11
[2026-08-26T16:24:04.228Z] runPostScanAnalysis started. Current nodes count: 12
[2026-08-26T16:24:04.274Z] runPostScanAnalysis started. Current nodes count: 13
[2026-08-26T16:24:04.334Z] runPostScanAnalysis started. Current nodes count: 14
[2026-08-26T16:24:04.391Z] runPostScanAnalysis started. Current nodes count: 15
[2026-08-26T16:24:04.446Z] runPostScanAnalysis started. Current nodes count: 16
[2026-08-26T16:24:04.490Z] runPostScanAnalysis started. Current nodes count: 17
[2026-08-26T16:24:04.540Z] runPostScanAnalysis started. Current nodes count: 18
[2026-08-26T16:24:04.584Z] runPostScanAnalysis started. Current nodes count: 19
[2026-08-26T16:24:04.636Z] runPostScanAnalysis started. Current nodes count: 20
[2026-08-26T16:24:04.689Z] runPostScanAnalysis started. Current nodes count: 21
[2026-08-26T16:24:04.734Z] runPostScanAnalysis started. Current nodes count: 22
[2026-08-26T16:24:04.787Z] runPostScanAnalysis started. Current nodes count: 23
[2026-08-26T16:24:04.829Z] runPostScanAnalysis started. Current nodes count: 24
[2026-08-26T16:24:04.876Z] runPostScanAnalysis started. Current nodes count: 25
[2026-08-26T16:24:04.932Z] runPostScanAnalysis started. Current nodes count: 26
[2026-08-26T16:24:04.981Z] runPostScanAnalysis started. Current nodes count: 27
[2026-08-26T16:24:05.035Z] runPostScanAnalysis started. Current nodes count: 28
[2026-08-26T16:24:05.086Z] runPostScanAnalysis started. Current nodes count: 29
[2026-08-26T16:24:05.191Z] runPostScanAnalysis started. Current nodes count: 30
[2026-08-26T16:24:05.246Z] runPostScanAnalysis started. Current nodes count: 31
[2026-08-26T16:24:05.284Z] runPostScanAnalysis started. Current nodes count: 32
[2026-08-26T16:24:05.324Z] runPostScanAnalysis started. Current nodes count: 33
[2026-08-26T16:24:05.360Z] runPostScanAnalysis started. Current nodes count: 34
[2026-08-26T16:24:05.402Z] runPostScanAnalysis started. Current nodes count: 35
[2026-08-26T16:24:05.443Z] runPostScanAnalysis started. Current nodes count: 36
[2026-08-26T16:24:05.484Z] runPostScanAnalysis started. Current nodes count: 37
[2026-08-26T16:24:05.526Z] runPostScanAnalysis started. Current nodes count: 38
[2026-08-26T16:24:05.572Z] runPostScanAnalysis started. Current nodes count: 39
[2026-08-26T16:24:05.608Z] runPostScanAnalysis started. Current nodes count: 40
[2026-08-26T16:24:05.647Z] runPostScanAnalysis started. Current nodes count: 41
[2026-08-26T16:24:05.690Z] runPostScanAnalysis started. Current nodes count: 42
[2026-08-26T16:24:05.735Z] runPostScanAnalysis started. Current nodes count: 43
[2026-08-26T16:24:05.778Z] runPostScanAnalysis started. Current nodes count: 44
[2026-08-26T16:24:05.811Z] runPostScanAnalysis started. Current nodes count: 45
[2026-08-26T16:24:05.845Z] runPostScanAnalysis started. Current nodes count: 46
[2026-08-26T16:24:05.880Z] runPostScanAnalysis started. Current nodes count: 47
[2026-08-26T16:24:05.915Z] runPostScanAnalysis started. Current nodes count: 48
[2026-08-26T16:24:05.948Z] runPostScanAnalysis started. Current nodes count: 49
[2026-08-26T16:24:05.992Z] runPostScanAnalysis started. Current nodes count: 50
[2026-08-26T16:24:06.030Z] runPostScanAnalysis started. Current nodes count: 51
[2026-08-26T16:24:06.067Z] runPostScanAnalysis started. Current nodes count: 52
[2026-08-26T16:24:06.102Z] runPostScanAnalysis started. Current nodes count: 53
[2026-08-26T16:24:06.139Z] runPostScanAnalysis started. Current nodes count: 54
[2026-08-26T16:24:06.185Z] runPostScanAnalysis started. Current nodes count: 55
[2026-08-26T16:24:06.221Z] runPostScanAnalysis started. Current nodes count: 56
[2026-08-26T16:24:06.262Z] runPostScanAnalysis started. Current nodes count: 57
[2026-08-26T16:24:06.296Z] runPostScanAnalysis started. Current nodes count: 58
[2026-08-26T16:24:06.330Z] runPostScanAnalysis started. Current nodes count: 59
[2026-08-26T16:24:06.367Z] runPostScanAnalysis started. Current nodes count: 60
[2026-08-26T16:24:06.408Z] runPostScanAnalysis started. Current nodes count: 61
[2026-08-26T16:24:06.447Z] runPostScanAnalysis started. Current nodes count: 62
[2026-08-26T16:24:06.486Z] runPostScanAnalysis started. Current nodes count: 63
[2026-08-26T16:24:06.529Z] runPostScanAnalysis started. Current nodes count: 64
[2026-08-26T16:24:06.565Z] runPostScanAnalysis started. Current nodes count: 65
[2026-08-26T16:24:06.596Z] runPostScanAnalysis started. Current nodes count: 66
[2026-08-26T16:24:06.625Z] runPostScanAnalysis started. Current nodes count: 67
[2026-08-26T16:24:06.662Z] runPostScanAnalysis started. Current nodes count: 68
[2026-08-26T16:24:06.696Z] runPostScanAnalysis started. Current nodes count: 69
[2026-08-26T16:24:06.727Z] runPostScanAnalysis started. Current nodes count: 70
[2026-08-26T16:24:06.761Z] runPostScanAnalysis started. Current nodes count: 71
[2026-08-26T16:24:06.796Z] runPostScanAnalysis started. Current nodes count: 72
[2026-08-26T16:24:06.835Z] runPostScanAnalysis started. Current nodes count: 73
[2026-08-26T16:24:06.874Z] runPostScanAnalysis started. Current nodes count: 74
[2026-08-26T16:24:06.916Z] runPostScanAnalysis started. Current nodes count: 75
[2026-08-26T16:24:06.956Z] runPostScanAnalysis started. Current nodes count: 76
[2026-08-26T16:24:06.997Z] runPostScanAnalysis started. Current nodes count: 77
[2026-08-26T16:24:07.032Z] runPostScanAnalysis started. Current nodes count: 78
[2026-08-26T16:24:07.071Z] runPostScanAnalysis started. Current nodes count: 79
[2026-08-26T16:24:07.109Z] runPostScanAnalysis started. Current nodes count: 80
[2026-08-26T16:24:07.149Z] runPostScanAnalysis started. Current nodes count: 81
[2026-08-26T16:24:07.187Z] runPostScanAnalysis started. Current nodes count: 82
[2026-08-26T16:24:07.228Z] runPostScanAnalysis started. Current nodes count: 83
[2026-08-26T16:24:07.266Z] runPostScanAnalysis started. Current nodes count: 84
[2026-08-26T16:24:07.304Z] runPostScanAnalysis started. Current nodes count: 85
[2026-08-26T16:24:07.343Z] runPostScanAnalysis started. Current nodes count: 86
[2026-08-26T16:24:07.380Z] runPostScanAnalysis started. Current nodes count: 87
[2026-08-26T16:24:07.418Z] runPostScanAnalysis started. Current nodes count: 88
[2026-08-26T16:24:07.461Z] runPostScanAnalysis started. Current nodes count: 89
[2026-08-26T16:24:07.502Z] runPostScanAnalysis started. Current nodes count: 90
[2026-08-26T16:24:07.540Z] runPostScanAnalysis started. Current nodes count: 91
[2026-08-26T16:24:07.578Z] runPostScanAnalysis started. Current nodes count: 92
[2026-08-26T16:24:07.614Z] runPostScanAnalysis started. Current nodes count: 93
[2026-08-26T16:24:07.651Z] runPostScanAnalysis started. Current nodes count: 94
[2026-08-26T16:24:07.693Z] runPostScanAnalysis started. Current nodes count: 95
[2026-08-26T16:24:07.731Z] runPostScanAnalysis started. Current nodes count: 96
[2026-08-26T16:24:07.767Z] runPostScanAnalysis started. Current nodes count: 97
[2026-08-26T16:24:07.802Z] runPostScanAnalysis started. Current nodes count: 98
[2026-08-26T16:24:07.838Z] runPostScanAnalysis started. Current nodes count: 99
[2026-08-26T16:24:07.879Z] runPostScanAnalysis started. Current nodes count: 100
[2026-08-26T16:24:07.918Z] runPostScanAnalysis started. Current nodes count: 101
[2026-08-26T16:24:07.956Z] runPostScanAnalysis started. Current nodes count: 102
[2026-08-26T16:24:07.994Z] runPostScanAnalysis started. Current nodes count: 103
[2026-08-26T16:24:08.030Z] runPostScanAnalysis started. Current nodes count: 104
[2026-08-26T16:24:08.073Z] runPostScanAnalysis started. Current nodes count: 105
[2026-08-26T16:24:08.107Z] runPostScanAnalysis started. Current nodes count: 106
[2026-08-26T16:24:08.147Z] runPostScanAnalysis started. Current nodes count: 107
[2026-08-26T16:24:08.186Z] runPostScanAnalysis started. Current nodes count: 108
[2026-08-26T16:24:08.221Z] runPostScanAnalysis started. Current nodes count: 109
[2026-08-26T16:24:08.260Z] runPostScanAnalysis started. Current nodes count: 110
[2026-08-26T16:24:08.297Z] runPostScanAnalysis started. Current nodes count: 111
[2026-08-26T16:24:08.336Z] runPostScanAnalysis started. Current nodes count: 112
[2026-08-26T16:24:08.373Z] runPostScanAnalysis started. Current nodes count: 113
[2026-08-26T16:24:08.415Z] runPostScanAnalysis started. Current nodes count: 114
[2026-08-26T16:24:08.453Z] runPostScanAnalysis started. Current nodes count: 115
[2026-08-26T16:24:08.489Z] runPostScanAnalysis started. Current nodes count: 116
[2026-08-26T16:24:08.528Z] runPostScanAnalysis started. Current nodes count: 117
[2026-08-26T16:24:08.573Z] runPostScanAnalysis started. Current nodes count: 118
[2026-08-26T16:24:08.611Z] runPostScanAnalysis started. Current nodes count: 119
[2026-08-26T16:24:08.650Z] runPostScanAnalysis started. Current nodes count: 120
[2026-08-26T16:24:08.688Z] runPostScanAnalysis started. Current nodes count: 121
[2026-08-26T16:24:08.732Z] runPostScanAnalysis started. Current nodes count: 122
[2026-08-26T16:24:08.770Z] runPostScanAnalysis started. Current nodes count: 123
[2026-08-26T16:24:08.805Z] runPostScanAnalysis started. Current nodes count: 124
[2026-08-26T16:24:08.844Z] runPostScanAnalysis started. Current nodes count: 125
[2026-08-26T16:24:08.879Z] runPostScanAnalysis started. Current nodes count: 126
[2026-08-26T16:24:08.915Z] runPostScanAnalysis started. Current nodes count: 127
[2026-08-26T16:24:08.951Z] runPostScanAnalysis started. Current nodes count: 128
[2026-08-26T16:24:08.990Z] runPostScanAnalysis started. Current nodes count: 129
[2026-08-26T16:24:09.028Z] runPostScanAnalysis started. Current nodes count: 130
[2026-08-26T16:24:09.068Z] runPostScanAnalysis started. Current nodes count: 131
[2026-08-26T16:24:09.110Z] runPostScanAnalysis started. Current nodes count: 132
[2026-08-26T16:24:09.147Z] runPostScanAnalysis started. Current nodes count: 133
[2026-08-26T16:24:09.186Z] runPostScanAnalysis started. Current nodes count: 134
[2026-08-26T16:24:09.227Z] runPostScanAnalysis started. Current nodes count: 135
[2026-08-26T16:24:09.269Z] runPostScanAnalysis started. Current nodes count: 136
[2026-08-26T16:24:09.308Z] runPostScanAnalysis started. Current nodes count: 137
[2026-08-26T16:24:09.362Z] runPostScanAnalysis started. Current nodes count: 138
[2026-08-26T16:24:09.405Z] runPostScanAnalysis started. Current nodes count: 139
[2026-08-26T16:24:09.447Z] runPostScanAnalysis started. Current nodes count: 140
[2026-08-26T16:24:09.487Z] runPostScanAnalysis started. Current nodes count: 141
[2026-08-26T16:24:09.527Z] runPostScanAnalysis started. Current nodes count: 142
[2026-08-26T16:24:09.566Z] runPostScanAnalysis started. Current nodes count: 143
[2026-08-26T16:24:09.604Z] runPostScanAnalysis started. Current nodes count: 144
[2026-08-26T16:24:09.645Z] runPostScanAnalysis started. Current nodes count: 145
[2026-08-26T16:24:09.685Z] runPostScanAnalysis started. Current nodes count: 146
[2026-08-26T16:24:09.725Z] runPostScanAnalysis started. Current nodes count: 147
[2026-08-26T16:24:09.765Z] runPostScanAnalysis started. Current nodes count: 148
[2026-08-26T16:24:09.808Z] runPostScanAnalysis started. Current nodes count: 149
[2026-08-26T16:24:09.848Z] runPostScanAnalysis started. Current nodes count: 150
[2026-08-26T16:24:09.888Z] runPostScanAnalysis started. Current nodes count: 151
[2026-08-26T16:24:09.930Z] runPostScanAnalysis started. Current nodes count: 152
[2026-08-26T16:24:09.975Z] runPostScanAnalysis started. Current nodes count: 153
[2026-08-26T16:24:10.014Z] runPostScanAnalysis started. Current nodes count: 154
[2026-08-26T16:24:10.051Z] runPostScanAnalysis started. Current nodes count: 155
[2026-08-26T16:24:10.094Z] runPostScanAnalysis started. Current nodes count: 156
[2026-08-26T16:24:10.132Z] runPostScanAnalysis started. Current nodes count: 157
[2026-08-26T16:24:10.178Z] runPostScanAnalysis started. Current nodes count: 158
[2026-08-26T16:24:10.221Z] runPostScanAnalysis started. Current nodes count: 159
[2026-08-26T16:24:10.268Z] runPostScanAnalysis started. Current nodes count: 160
[2026-08-26T16:24:10.311Z] runPostScanAnalysis started. Current nodes count: 161
[2026-08-26T16:24:10.359Z] runPostScanAnalysis started. Current nodes count: 162
[2026-08-26T16:24:10.404Z] runPostScanAnalysis started. Current nodes count: 163
[2026-08-26T16:24:10.448Z] runPostScanAnalysis started. Current nodes count: 164
[2026-08-26T16:24:10.493Z] runPostScanAnalysis started. Current nodes count: 165
[2026-08-26T16:24:10.536Z] runPostScanAnalysis started. Current nodes count: 166
[2026-08-26T16:24:10.583Z] runPostScanAnalysis started. Current nodes count: 167
[2026-08-26T16:24:10.629Z] runPostScanAnalysis started. Current nodes count: 168
[2026-08-26T16:24:10.672Z] runPostScanAnalysis started. Current nodes count: 169
[2026-08-26T16:24:10.716Z] runPostScanAnalysis started. Current nodes count: 170
[2026-08-26T16:24:10.761Z] runPostScanAnalysis started. Current nodes count: 171
[2026-08-26T16:24:10.803Z] runPostScanAnalysis started. Current nodes count: 172
[2026-08-26T16:24:10.848Z] runPostScanAnalysis started. Current nodes count: 173
[2026-08-26T16:24:10.892Z] runPostScanAnalysis started. Current nodes count: 174
[2026-08-26T16:24:10.928Z] runPostScanAnalysis started. Current nodes count: 175
[2026-08-26T16:24:10.971Z] runPostScanAnalysis started. Current nodes count: 176
[2026-08-26T16:24:11.009Z] runPostScanAnalysis started. Current nodes count: 177
[2026-08-26T16:24:11.053Z] runPostScanAnalysis started. Current nodes count: 178
[2026-08-26T16:24:11.095Z] runPostScanAnalysis started. Current nodes count: 179
[2026-08-26T16:24:11.137Z] runPostScanAnalysis started. Current nodes count: 180
[2026-08-26T16:24:11.179Z] runPostScanAnalysis started. Current nodes count: 181
[2026-08-26T16:24:11.215Z] runPostScanAnalysis started. Current nodes count: 182
[2026-08-26T16:24:11.253Z] runPostScanAnalysis started. Current nodes count: 183
[2026-08-26T16:24:11.293Z] runPostScanAnalysis started. Current nodes count: 184
[2026-08-26T16:24:11.331Z] runPostScanAnalysis started. Current nodes count: 185
[2026-08-26T16:24:11.371Z] runPostScanAnalysis started. Current nodes count: 186
[2026-08-26T16:24:11.408Z] runPostScanAnalysis started. Current nodes count: 187
[2026-08-26T16:24:11.449Z] runPostScanAnalysis started. Current nodes count: 188
[2026-08-26T16:24:11.484Z] runPostScanAnalysis started. Current nodes count: 189
[2026-08-26T16:24:11.523Z] runPostScanAnalysis started. Current nodes count: 190
[2026-08-26T16:24:11.561Z] runPostScanAnalysis started. Current nodes count: 191
[2026-08-26T16:24:11.600Z] runPostScanAnalysis started. Current nodes count: 192
[2026-08-26T16:24:11.636Z] runPostScanAnalysis started. Current nodes count: 193
[2026-08-26T16:24:11.676Z] runPostScanAnalysis started. Current nodes count: 194
[2026-08-26T16:24:11.715Z] runPostScanAnalysis started. Current nodes count: 195
[2026-08-26T16:24:11.759Z] runPostScanAnalysis started. Current nodes count: 196
[2026-08-26T16:24:11.795Z] runPostScanAnalysis started. Current nodes count: 197
[2026-08-26T16:24:11.837Z] runPostScanAnalysis started. Current nodes count: 198
[2026-08-26T16:24:11.877Z] runPostScanAnalysis started. Current nodes count: 199
[2026-08-26T16:24:11.919Z] runPostScanAnalysis started. Current nodes count: 200
[2026-08-26T16:24:11.964Z] runPostScanAnalysis started. Current nodes count: 201
[2026-08-26T16:24:12.002Z] runPostScanAnalysis started. Current nodes count: 202
[2026-08-26T16:24:12.045Z] runPostScanAnalysis started. Current nodes count: 203
[2026-08-26T16:24:12.088Z] runPostScanAnalysis started. Current nodes count: 204
[2026-08-26T16:24:12.132Z] runPostScanAnalysis started. Current nodes count: 205
[2026-08-26T16:24:12.172Z] runPostScanAnalysis started. Current nodes count: 206
[2026-08-26T16:24:12.209Z] runPostScanAnalysis started. Current nodes count: 207
[2026-08-26T16:24:12.250Z] runPostScanAnalysis started. Current nodes count: 208
[2026-08-26T16:24:12.291Z] runPostScanAnalysis started. Current nodes count: 209
[2026-08-26T16:24:12.328Z] runPostScanAnalysis started. Current nodes count: 210
[2026-08-26T16:24:12.367Z] runPostScanAnalysis started. Current nodes count: 211
[2026-08-26T16:24:12.405Z] runPostScanAnalysis started. Current nodes count: 212
[2026-08-26T16:24:12.444Z] runPostScanAnalysis started. Current nodes count: 213
[2026-08-26T16:24:12.479Z] runPostScanAnalysis started. Current nodes count: 214
[2026-08-26T16:24:12.518Z] runPostScanAnalysis started. Current nodes count: 215
[2026-08-26T16:24:12.568Z] runPostScanAnalysis started. Current nodes count: 216
[2026-08-26T16:24:12.615Z] runPostScanAnalysis started. Current nodes count: 217
[2026-08-26T16:24:12.656Z] runPostScanAnalysis started. Current nodes count: 218
[2026-08-26T16:24:12.695Z] runPostScanAnalysis started. Current nodes count: 219
[2026-08-26T16:24:12.733Z] runPostScanAnalysis started. Current nodes count: 220
[2026-08-26T16:24:12.773Z] runPostScanAnalysis started. Current nodes count: 221
[2026-08-26T16:24:12.815Z] runPostScanAnalysis started. Current nodes count: 222
[2026-08-26T16:24:12.858Z] runPostScanAnalysis started. Current nodes count: 223
[2026-08-26T16:24:12.895Z] runPostScanAnalysis started. Current nodes count: 224
[2026-08-26T16:24:12.938Z] runPostScanAnalysis started. Current nodes count: 225
[2026-08-26T16:24:12.973Z] runPostScanAnalysis started. Current nodes count: 226
[2026-08-26T16:24:13.014Z] runPostScanAnalysis started. Current nodes count: 227
[2026-08-26T16:24:13.054Z] runPostScanAnalysis started. Current nodes count: 228
[2026-08-26T16:24:13.099Z] runPostScanAnalysis started. Current nodes count: 229
[2026-08-26T16:24:13.140Z] runPostScanAnalysis started. Current nodes count: 230
[2026-08-26T16:24:13.184Z] runPostScanAnalysis started. Current nodes count: 231
[2026-08-26T16:24:13.225Z] runPostScanAnalysis started. Current nodes count: 232
[2026-08-26T16:24:13.266Z] runPostScanAnalysis started. Current nodes count: 233
[2026-08-26T16:24:13.302Z] runPostScanAnalysis started. Current nodes count: 234
[2026-08-26T16:24:13.337Z] runPostScanAnalysis started. Current nodes count: 235
[2026-08-26T16:24:13.383Z] runPostScanAnalysis started. Current nodes count: 236
[2026-08-26T16:24:13.417Z] runPostScanAnalysis started. Current nodes count: 237
[2026-08-26T16:24:13.460Z] runPostScanAnalysis started. Current nodes count: 238
[2026-08-26T16:24:13.498Z] runPostScanAnalysis started. Current nodes count: 239
[2026-08-26T16:24:13.543Z] runPostScanAnalysis started. Current nodes count: 240
[2026-08-26T16:24:13.579Z] runPostScanAnalysis started. Current nodes count: 241
[2026-08-26T16:24:13.612Z] runPostScanAnalysis started. Current nodes count: 242
[2026-08-26T16:24:13.643Z] runPostScanAnalysis started. Current nodes count: 243
[2026-08-26T16:24:13.678Z] runPostScanAnalysis started. Current nodes count: 244
[2026-08-26T16:24:13.713Z] runPostScanAnalysis started. Current nodes count: 245
[2026-08-26T16:24:13.753Z] runPostScanAnalysis started. Current nodes count: 246
[2026-08-26T16:24:13.789Z] runPostScanAnalysis started. Current nodes count: 247
[2026-08-26T16:24:13.830Z] runPostScanAnalysis started. Current nodes count: 248
[2026-08-26T16:24:13.868Z] runPostScanAnalysis started. Current nodes count: 249
[2026-08-26T16:24:13.904Z] runPostScanAnalysis started. Current nodes count: 250
[2026-08-26T16:24:13.942Z] runPostScanAnalysis started. Current nodes count: 251
[2026-08-26T16:24:13.980Z] runPostScanAnalysis started. Current nodes count: 252
[2026-08-26T16:24:14.016Z] runPostScanAnalysis started. Current nodes count: 253
[2026-08-26T16:24:14.055Z] runPostScanAnalysis started. Current nodes count: 254
[2026-08-26T16:24:14.092Z] runPostScanAnalysis started. Current nodes count: 255
[2026-08-26T16:24:14.132Z] runPostScanAnalysis started. Current nodes count: 256
[2026-08-26T16:24:14.175Z] runPostScanAnalysis started. Current nodes count: 257
[2026-08-26T16:24:14.228Z] runPostScanAnalysis started. Current nodes count: 258
[2026-08-26T16:24:14.273Z] runPostScanAnalysis started. Current nodes count: 259
[2026-08-26T16:24:14.333Z] runPostScanAnalysis started. Current nodes count: 260
[2026-08-26T16:24:14.373Z] runPostScanAnalysis started. Current nodes count: 261
[2026-08-26T16:24:14.411Z] runPostScanAnalysis started. Current nodes count: 262
[2026-08-26T16:24:14.466Z] runPostScanAnalysis started. Current nodes count: 263
[2026-08-26T16:24:14.506Z] runPostScanAnalysis started. Current nodes count: 264
[2026-08-26T16:24:14.552Z] runPostScanAnalysis started. Current nodes count: 265
[2026-08-26T16:24:14.590Z] runPostScanAnalysis started. Current nodes count: 266
[2026-08-26T16:24:14.647Z] runPostScanAnalysis started. Current nodes count: 267
[2026-08-26T16:24:14.686Z] runPostScanAnalysis started. Current nodes count: 268
[2026-08-26T16:24:14.730Z] runPostScanAnalysis started. Current nodes count: 269
[2026-08-26T16:24:14.773Z] runPostScanAnalysis started. Current nodes count: 270
[2026-08-26T16:24:14.816Z] runPostScanAnalysis started. Current nodes count: 271
[2026-08-26T16:24:14.855Z] runPostScanAnalysis started. Current nodes count: 272
[2026-08-26T16:24:14.893Z] runPostScanAnalysis started. Current nodes count: 273
[2026-08-26T16:24:14.937Z] runPostScanAnalysis started. Current nodes count: 274
[2026-08-26T16:24:14.980Z] runPostScanAnalysis started. Current nodes count: 275
[2026-08-26T16:24:15.021Z] runPostScanAnalysis started. Current nodes count: 276
[2026-08-26T16:24:15.064Z] runPostScanAnalysis started. Current nodes count: 277
[2026-08-26T16:24:15.105Z] runPostScanAnalysis started. Current nodes count: 278
[2026-08-26T16:24:15.142Z] runPostScanAnalysis started. Current nodes count: 279
[2026-08-26T16:24:15.184Z] runPostScanAnalysis started. Current nodes count: 280
[2026-08-26T16:24:15.226Z] runPostScanAnalysis started. Current nodes count: 281
[2026-08-26T16:24:15.279Z] runPostScanAnalysis started. Current nodes count: 282
[2026-08-26T16:24:15.321Z] runPostScanAnalysis started. Current nodes count: 283
[2026-08-26T16:24:15.359Z] runPostScanAnalysis started. Current nodes count: 284
[2026-08-26T16:24:15.398Z] runPostScanAnalysis started. Current nodes count: 285
[2026-08-26T16:24:15.432Z] runPostScanAnalysis started. Current nodes count: 286
[2026-08-26T16:24:15.471Z] runPostScanAnalysis started. Current nodes count: 287
[2026-08-26T16:24:15.516Z] runPostScanAnalysis started. Current nodes count: 288
[2026-08-26T16:24:15.558Z] runPostScanAnalysis started. Current nodes count: 289
[2026-08-26T16:24:15.600Z] runPostScanAnalysis started. Current nodes count: 290
[2026-08-26T16:24:15.644Z] runPostScanAnalysis started. Current nodes count: 291
[2026-08-26T16:24:15.688Z] runPostScanAnalysis started. Current nodes count: 292
[2026-08-26T16:24:15.728Z] runPostScanAnalysis started. Current nodes count: 293
[2026-08-26T16:24:15.764Z] runPostScanAnalysis started. Current nodes count: 294
[2026-08-26T16:24:15.810Z] runPostScanAnalysis started. Current nodes count: 295
[2026-08-26T16:24:15.887Z] runPostScanAnalysis started. Current nodes count: 296
[2026-08-26T16:24:15.958Z] runPostScanAnalysis started. Current nodes count: 297
[2026-08-26T16:24:16.014Z] runPostScanAnalysis started. Current nodes count: 298
[2026-08-26T16:24:16.075Z] runPostScanAnalysis started. Current nodes count: 299
[2026-08-26T16:24:16.131Z] runPostScanAnalysis started. Current nodes count: 300
[2026-08-26T16:24:16.199Z] runPostScanAnalysis started. Current nodes count: 301
[2026-08-26T16:24:16.259Z] runPostScanAnalysis started. Current nodes count: 302
[2026-08-26T16:24:16.338Z] runPostScanAnalysis started. Current nodes count: 303
[2026-08-26T16:24:16.392Z] runPostScanAnalysis started. Current nodes count: 304
[2026-08-26T16:24:16.444Z] runPostScanAnalysis started. Current nodes count: 305
[2026-08-26T16:24:16.496Z] runPostScanAnalysis started. Current nodes count: 306
[2026-08-26T16:24:16.545Z] runPostScanAnalysis started. Current nodes count: 307
[2026-08-26T16:24:16.599Z] runPostScanAnalysis started. Current nodes count: 308
[2026-08-26T16:24:16.650Z] runPostScanAnalysis started. Current nodes count: 309
[2026-08-26T16:24:16.703Z] runPostScanAnalysis started. Current nodes count: 310
[2026-08-26T16:24:16.782Z] runPostScanAnalysis started. Current nodes count: 311
[2026-08-26T16:24:16.820Z] runPostScanAnalysis started. Current nodes count: 312
[2026-08-26T16:24:16.856Z] runPostScanAnalysis started. Current nodes count: 313
[2026-08-26T16:24:16.893Z] runPostScanAnalysis started. Current nodes count: 314
[2026-08-26T16:24:16.932Z] runPostScanAnalysis started. Current nodes count: 315
[2026-08-26T16:24:16.966Z] runPostScanAnalysis started. Current nodes count: 316
[2026-08-26T16:24:17.005Z] runPostScanAnalysis started. Current nodes count: 317
[2026-08-26T16:24:17.042Z] runPostScanAnalysis started. Current nodes count: 318
[2026-08-26T16:24:17.079Z] runPostScanAnalysis started. Current nodes count: 319
[2026-08-26T16:24:17.116Z] runPostScanAnalysis started. Current nodes count: 320
[2026-08-26T16:24:17.150Z] runPostScanAnalysis started. Current nodes count: 321
[2026-08-26T16:24:17.192Z] runPostScanAnalysis started. Current nodes count: 322
[2026-08-26T16:24:17.227Z] runPostScanAnalysis started. Current nodes count: 323
[2026-08-26T16:24:17.266Z] runPostScanAnalysis started. Current nodes count: 324
[2026-08-26T16:24:17.302Z] runPostScanAnalysis started. Current nodes count: 325
[2026-08-26T16:24:17.341Z] runPostScanAnalysis started. Current nodes count: 326
[2026-08-26T16:24:17.381Z] runPostScanAnalysis started. Current nodes count: 327
[2026-08-26T16:24:17.418Z] runPostScanAnalysis started. Current nodes count: 328
[2026-08-26T16:24:17.456Z] runPostScanAnalysis started. Current nodes count: 329
[2026-08-26T16:24:17.495Z] runPostScanAnalysis started. Current nodes count: 330
[2026-08-26T16:24:17.538Z] runPostScanAnalysis started. Current nodes count: 331
[2026-08-26T16:24:17.585Z] runPostScanAnalysis started. Current nodes count: 332
[2026-08-26T16:24:17.629Z] runPostScanAnalysis started. Current nodes count: 333
[2026-08-26T16:24:17.673Z] runPostScanAnalysis started. Current nodes count: 334
[2026-08-26T16:24:19.388Z] runPostScanAnalysis started. Current nodes count: 335
[2026-08-26T16:24:19.403Z] runPostScanAnalysis started. Current nodes count: 336
[2026-08-26T16:24:19.418Z] runPostScanAnalysis started. Current nodes count: 337
[2026-08-26T16:24:19.433Z] runPostScanAnalysis started. Current nodes count: 338
[2026-08-26T16:24:19.448Z] runPostScanAnalysis started. Current nodes count: 339
[2026-08-26T16:24:19.463Z] runPostScanAnalysis started. Current nodes count: 340
[2026-08-26T16:24:19.480Z] runPostScanAnalysis started. Current nodes count: 341
[2026-08-26T16:24:19.495Z] runPostScanAnalysis started. Current nodes count: 342
[2026-08-26T16:24:19.510Z] runPostScanAnalysis started. Current nodes count: 343
[2026-08-26T16:24:19.525Z] runPostScanAnalysis started. Current nodes count: 344
[2026-08-26T16:24:19.539Z] runPostScanAnalysis started. Current nodes count: 345
[2026-08-26T16:24:19.553Z] runPostScanAnalysis started. Current nodes count: 346
[2026-08-26T16:24:19.569Z] runPostScanAnalysis started. Current nodes count: 347
[2026-08-26T16:24:19.584Z] runPostScanAnalysis started. Current nodes count: 348
[2026-08-26T16:24:19.600Z] runPostScanAnalysis started. Current nodes count: 349
[2026-08-26T16:24:19.616Z] runPostScanAnalysis started. Current nodes count: 350
[2026-08-26T16:24:19.631Z] runPostScanAnalysis started. Current nodes count: 351
[2026-08-26T16:24:19.646Z] runPostScanAnalysis started. Current nodes count: 352
[2026-08-26T16:24:19.661Z] runPostScanAnalysis started. Current nodes count: 353
[2026-08-26T16:24:19.676Z] runPostScanAnalysis started. Current nodes count: 354
[2026-08-26T16:24:19.692Z] runPostScanAnalysis started. Current nodes count: 355
[2026-08-26T16:24:19.706Z] runPostScanAnalysis started. Current nodes count: 356
[2026-08-26T16:24:19.721Z] runPostScanAnalysis started. Current nodes count: 357
[2026-08-26T16:24:19.737Z] runPostScanAnalysis started. Current nodes count: 358
[2026-08-26T16:24:19.753Z] runPostScanAnalysis started. Current nodes count: 359
[2026-08-26T16:24:19.769Z] runPostScanAnalysis started. Current nodes count: 360
[2026-08-26T16:24:22.888Z] runPostScanAnalysis started. Current nodes count: 361
[2026-08-26T16:24:23.014Z] runPostScanAnalysis started. Current nodes count: 362
[2026-08-26T16:24:23.030Z] runPostScanAnalysis started. Current nodes count: 363
[2026-08-26T16:24:23.046Z] runPostScanAnalysis started. Current nodes count: 364
[2026-08-26T16:24:23.061Z] runPostScanAnalysis started. Current nodes count: 365
[2026-08-26T16:24:23.076Z] runPostScanAnalysis started. Current nodes count: 366
[2026-08-26T16:24:23.090Z] runPostScanAnalysis started. Current nodes count: 367
[2026-08-26T16:24:23.105Z] runPostScanAnalysis started. Current nodes count: 368
[2026-08-26T16:24:23.118Z] runPostScanAnalysis started. Current nodes count: 369
[2026-08-26T16:24:23.136Z] runPostScanAnalysis started. Current nodes count: 370
[2026-08-26T16:24:23.151Z] runPostScanAnalysis started. Current nodes count: 371
[2026-08-26T16:24:23.166Z] runPostScanAnalysis started. Current nodes count: 372
[2026-08-26T16:24:23.182Z] runPostScanAnalysis started. Current nodes count: 373
[2026-08-26T16:24:23.198Z] runPostScanAnalysis started. Current nodes count: 374
[2026-08-26T16:24:23.213Z] runPostScanAnalysis started. Current nodes count: 375
[2026-08-26T16:24:23.227Z] runPostScanAnalysis started. Current nodes count: 376
[2026-08-26T16:24:23.241Z] runPostScanAnalysis started. Current nodes count: 377
[2026-08-26T16:24:23.258Z] runPostScanAnalysis started. Current nodes count: 378
[2026-08-26T16:24:23.276Z] runPostScanAnalysis started. Current nodes count: 379
[2026-08-26T16:24:23.292Z] runPostScanAnalysis started. Current nodes count: 380
[2026-08-26T16:24:23.307Z] runPostScanAnalysis started. Current nodes count: 381
[2026-08-26T16:24:23.323Z] runPostScanAnalysis started. Current nodes count: 382
[2026-08-26T16:24:23.339Z] runPostScanAnalysis started. Current nodes count: 383
[2026-08-26T16:24:23.354Z] runPostScanAnalysis started. Current nodes count: 384
[2026-08-26T16:24:23.369Z] runPostScanAnalysis started. Current nodes count: 385
[2026-08-26T16:24:23.384Z] runPostScanAnalysis started. Current nodes count: 386
[2026-08-26T16:24:23.400Z] runPostScanAnalysis started. Current nodes count: 387
[2026-08-26T16:24:23.414Z] runPostScanAnalysis started. Current nodes count: 388
[2026-08-26T16:24:23.429Z] runPostScanAnalysis started. Current nodes count: 389
[2026-08-26T16:24:23.443Z] runPostScanAnalysis started. Current nodes count: 390
[2026-08-26T16:24:23.456Z] runPostScanAnalysis started. Current nodes count: 391
[2026-08-26T16:24:23.470Z] runPostScanAnalysis started. Current nodes count: 392
[2026-08-26T16:24:23.485Z] runPostScanAnalysis started. Current nodes count: 393
[2026-08-26T16:24:23.501Z] runPostScanAnalysis started. Current nodes count: 394
[2026-08-26T16:24:23.517Z] runPostScanAnalysis started. Current nodes count: 395
[2026-08-26T16:24:23.534Z] runPostScanAnalysis started. Current nodes count: 396
[2026-08-26T16:24:23.550Z] runPostScanAnalysis started. Current nodes count: 397
[2026-08-26T16:24:23.568Z] runPostScanAnalysis started. Current nodes count: 398
[2026-08-26T16:24:23.583Z] runPostScanAnalysis started. Current nodes count: 399
[2026-08-26T16:24:23.598Z] runPostScanAnalysis started. Current nodes count: 400
[2026-08-26T16:24:23.618Z] runPostScanAnalysis started. Current nodes count: 401
[2026-08-26T16:24:23.633Z] runPostScanAnalysis started. Current nodes count: 402
[2026-08-26T16:24:23.650Z] runPostScanAnalysis started. Current nodes count: 403
[2026-08-26T16:24:23.664Z] runPostScanAnalysis started. Current nodes count: 404
[2026-08-26T16:24:23.678Z] runPostScanAnalysis started. Current nodes count: 405
[2026-08-26T16:24:23.681Z] No active DependencyGraphPanel webview open.
[2026-08-26T16:24:23.710Z] runPostScanAnalysis started. Current nodes count: 406
[2026-08-26T16:24:23.722Z] No active DependencyGraphPanel webview open.
[2026-08-26T16:24:23.749Z] runPostScanAnalysis started. Current nodes count: 407
[2026-08-26T16:24:23.780Z] runPostScanAnalysis started. Current nodes count: 408
[2026-08-26T16:24:23.796Z] No active DependencyGraphPanel webview open.
[2026-08-26T16:24:23.802Z] No active DependencyGraphPanel webview open.
[2026-08-26T16:24:23.813Z] No active DependencyGraphPanel webview open.
[2026-08-26T16:24:23.819Z] No active DependencyGraphPanel webview open.
[2026-08-26T16:24:23.829Z] No active DependencyGraphPanel webview open.
[2026-08-26T16:24:23.835Z] No active DependencyGraphPanel webview open.
[2026-08-26T16:24:23.846Z] No active DependencyGraphPanel webview open.
[2026-08-26T16:24:23.852Z] No active DependencyGraphPanel webview open.
[2026-08-26T16:24:23.862Z] No active DependencyGraphPanel webview open.
[2026-08-26T16:24:23.868Z] No active DependencyGraphPanel webview open.
[2026-08-26T16:24:23.879Z] No active DependencyGraphPanel webview open.
[2026-08-26T16:24:23.885Z] No active DependencyGraphPanel webview open.
[2026-08-26T16:24:23.896Z] No active DependencyGraphPanel webview open.
[2026-08-26T16:24:23.909Z] No active DependencyGraphPanel webview open.
[2026-08-26T16:24:23.918Z] No active DependencyGraphPanel webview open.
[2026-08-26T16:24:23.918Z] No active DependencyGraphPanel webview open.
[2026-08-26T16:24:23.936Z] runPostScanAnalysis started. Current nodes count: 409
[2026-08-26T16:24:23.962Z] No active DependencyGraphPanel webview open.
[2026-08-26T16:24:23.962Z] No active DependencyGraphPanel webview open.
[2026-08-26T16:24:23.962Z] No active DependencyGraphPanel webview open.
[2026-08-26T16:24:23.962Z] No active DependencyGraphPanel webview open.
[2026-08-26T16:24:23.963Z] No active DependencyGraphPanel webview open.
[2026-08-26T16:24:23.963Z] No active DependencyGraphPanel webview open.
[2026-08-26T16:24:23.963Z] No active DependencyGraphPanel webview open.
[2026-08-26T16:24:23.963Z] No active DependencyGraphPanel webview open.
[2026-08-26T16:24:23.964Z] No active DependencyGraphPanel webview open.
[2026-08-26T16:24:23.964Z] No active DependencyGraphPanel webview open.
[2026-08-26T16:24:23.964Z] No active DependencyGraphPanel webview open.
[2026-08-26T16:24:23.964Z] No active DependencyGraphPanel webview open.
[2026-08-26T16:24:23.979Z] runPostScanAnalysis started. Current nodes count: 410
[2026-08-26T16:24:23.979Z] No active DependencyGraphPanel webview open.
[2026-08-26T16:24:23.980Z] No active DependencyGraphPanel webview open.
[2026-08-26T16:24:23.980Z] No active DependencyGraphPanel webview open.
[2026-08-26T16:24:23.980Z] No active DependencyGraphPanel webview open.
[2026-08-26T16:24:23.980Z] No active DependencyGraphPanel webview open.
[2026-08-26T16:24:23.980Z] No active DependencyGraphPanel webview open.
[2026-08-26T16:24:23.995Z] runPostScanAnalysis started. Current nodes count: 411
[2026-08-26T16:24:23.996Z] No active DependencyGraphPanel webview open.
[2026-08-26T16:24:23.996Z] No active DependencyGraphPanel webview open.
[2026-08-26T16:24:23.996Z] No active DependencyGraphPanel webview open.
[2026-08-26T16:24:23.997Z] No active DependencyGraphPanel webview open.
[2026-08-26T16:24:23.997Z] No active DependencyGraphPanel webview open.
[2026-08-26T16:24:23.997Z] No active DependencyGraphPanel webview open.
[2026-08-26T16:24:23.997Z] No active DependencyGraphPanel webview open.
[2026-08-26T16:24:23.998Z] No active DependencyGraphPanel webview open.
[2026-08-26T16:24:23.998Z] No active DependencyGraphPanel webview open.
[2026-08-26T16:24:23.998Z] No active DependencyGraphPanel webview open.
[2026-08-26T16:24:23.998Z] No active DependencyGraphPanel webview open.
[2026-08-26T16:24:23.998Z] No active DependencyGraphPanel webview open.
[2026-08-26T16:24:23.999Z] No active DependencyGraphPanel webview open.
[2026-08-26T16:24:23.999Z] No active DependencyGraphPanel webview open.
[2026-08-26T16:24:23.999Z] No active DependencyGraphPanel webview open.
[2026-08-26T16:24:23.999Z] No active DependencyGraphPanel webview open.
[2026-08-26T16:24:23.999Z] No active DependencyGraphPanel webview open.
[2026-08-26T16:24:24.000Z] No active DependencyGraphPanel webview open.
[2026-08-26T16:24:24.000Z] No active DependencyGraphPanel webview open.
[2026-08-26T16:24:24.000Z] No active DependencyGraphPanel webview open.
[2026-08-26T16:24:24.000Z] No active DependencyGraphPanel webview open.
[2026-08-26T16:24:24.000Z] No active DependencyGraphPanel webview open.
[2026-08-26T16:24:24.001Z] No active DependencyGraphPanel webview open.
[2026-08-26T16:24:24.001Z] No active DependencyGraphPanel webview open.
[2026-08-26T16:24:24.001Z] No active DependencyGraphPanel webview open.
[2026-08-26T16:24:24.001Z] No active DependencyGraphPanel webview open.
[2026-08-26T16:24:24.001Z] No active DependencyGraphPanel webview open.
[2026-08-26T16:24:24.002Z] No active DependencyGraphPanel webview open.
[2026-08-26T16:24:24.002Z] No active DependencyGraphPanel webview open.
[2026-08-26T16:24:24.002Z] No active DependencyGraphPanel webview open.
[2026-08-26T16:24:24.002Z] No active DependencyGraphPanel webview open.
[2026-08-26T16:24:24.002Z] No active DependencyGraphPanel webview open.
[2026-08-26T16:24:24.003Z] No active DependencyGraphPanel webview open.
[2026-08-26T16:24:24.003Z] No active DependencyGraphPanel webview open.
[2026-08-26T16:24:24.003Z] No active DependencyGraphPanel webview open.
[2026-08-26T16:24:24.003Z] No active DependencyGraphPanel webview open.
[2026-08-26T16:24:24.003Z] No active DependencyGraphPanel webview open.
[2026-08-26T16:24:24.004Z] No active DependencyGraphPanel webview open.
[2026-08-26T16:24:24.004Z] No active DependencyGraphPanel webview open.
[2026-08-26T16:24:24.004Z] No active DependencyGraphPanel webview open.
[2026-08-26T16:24:24.004Z] No active DependencyGraphPanel webview open.
[2026-08-26T16:24:24.005Z] No active DependencyGraphPanel webview open.
[2026-08-26T16:24:24.005Z] No active DependencyGraphPanel webview open.
[2026-08-26T16:24:24.005Z] No active DependencyGraphPanel webview open.
[2026-08-26T16:24:24.005Z] No active DependencyGraphPanel webview open.
[2026-08-26T16:24:24.005Z] No active DependencyGraphPanel webview open.
[2026-08-26T16:24:24.006Z] No active DependencyGraphPanel webview open.
[2026-08-26T16:24:24.006Z] No active DependencyGraphPanel webview open.
[2026-08-26T16:24:24.006Z] No active DependencyGraphPanel webview open.
[2026-08-26T16:24:24.006Z] No active DependencyGraphPanel webview open.
[2026-08-26T16:24:24.007Z] No active DependencyGraphPanel webview open.
[2026-08-26T16:24:24.007Z] No active DependencyGraphPanel webview open.
[2026-08-26T16:24:24.007Z] No active DependencyGraphPanel webview open.
[2026-08-26T16:24:24.007Z] No active DependencyGraphPanel webview open.
[2026-08-26T16:24:24.008Z] No active DependencyGraphPanel webview open.
[2026-08-26T16:24:24.008Z] No active DependencyGraphPanel webview open.
[2026-08-26T16:24:24.008Z] No active DependencyGraphPanel webview open.
[2026-08-26T16:24:24.008Z] No active DependencyGraphPanel webview open.
[2026-08-26T16:24:24.008Z] No active DependencyGraphPanel webview open.
[2026-08-26T16:24:24.009Z] No active DependencyGraphPanel webview open.
[2026-08-26T16:24:24.009Z] No active DependencyGraphPanel webview open.
[2026-08-26T16:24:24.009Z] No active DependencyGraphPanel webview open.
[2026-08-26T16:24:24.009Z] No active DependencyGraphPanel webview open.
[2026-08-26T16:24:24.010Z] No active DependencyGraphPanel webview open.
[2026-08-26T16:24:24.010Z] No active DependencyGraphPanel webview open.
[2026-08-26T16:24:24.010Z] No active DependencyGraphPanel webview open.
[2026-08-26T16:24:24.010Z] No active DependencyGraphPanel webview open.
[2026-08-26T16:24:24.010Z] No active DependencyGraphPanel webview open.
[2026-08-26T16:24:24.011Z] No active DependencyGraphPanel webview open.
[2026-08-26T16:24:24.011Z] No active DependencyGraphPanel webview open.
[2026-08-26T16:24:24.011Z] No active DependencyGraphPanel webview open.
[2026-08-26T16:24:24.011Z] No active DependencyGraphPanel webview open.
[2026-08-26T16:24:24.011Z] No active DependencyGraphPanel webview open.
[2026-08-26T16:24:24.012Z] No active DependencyGraphPanel webview open.
[2026-08-26T16:24:24.012Z] No active DependencyGraphPanel webview open.
[2026-08-26T16:24:24.012Z] No active DependencyGraphPanel webview open.
[2026-08-26T16:24:24.012Z] No active DependencyGraphPanel webview open.
[2026-08-26T16:24:24.012Z] No active DependencyGraphPanel webview open.
[2026-08-26T16:24:24.013Z] No active DependencyGraphPanel webview open.
[2026-08-26T16:24:24.013Z] No active DependencyGraphPanel webview open.
[2026-08-26T16:24:24.013Z] No active DependencyGraphPanel webview open.
[2026-08-26T16:24:24.013Z] No active DependencyGraphPanel webview open.
[2026-08-26T16:24:24.013Z] No active DependencyGraphPanel webview open.
[2026-08-26T16:24:24.014Z] No active DependencyGraphPanel webview open.
[2026-08-26T16:24:24.014Z] No active DependencyGraphPanel webview open.
[2026-08-26T16:24:24.014Z] No active DependencyGraphPanel webview open.
[2026-08-26T16:24:24.014Z] No active DependencyGraphPanel webview open.
[2026-08-26T16:24:24.015Z] No active DependencyGraphPanel webview open.
[2026-08-26T16:24:24.015Z] No active DependencyGraphPanel webview open.
[2026-08-26T16:24:24.015Z] No active DependencyGraphPanel webview open.
[2026-08-26T16:24:24.015Z] No active DependencyGraphPanel webview open.
[2026-08-26T16:24:24.015Z] No active DependencyGraphPanel webview open.
[2026-08-26T16:24:24.016Z] No active DependencyGraphPanel webview open.
[2026-08-26T16:24:24.016Z] No active DependencyGraphPanel webview open.
[2026-08-26T16:24:24.016Z] No active DependencyGraphPanel webview open.
[2026-08-26T16:24:24.016Z] No active DependencyGraphPanel webview open.
[2026-08-26T16:24:24.016Z] No active DependencyGraphPanel webview open.
[2026-08-26T16:24:24.017Z] No active DependencyGraphPanel webview open.
[2026-08-26T16:24:24.017Z] No active DependencyGraphPanel webview open.
[2026-08-26T16:24:24.017Z] No active DependencyGraphPanel webview open.
[2026-08-26T16:24:24.017Z] No active DependencyGraphPanel webview open.
[2026-08-26T16:24:24.018Z] No active DependencyGraphPanel webview open.
[2026-08-26T16:24:24.018Z] No active DependencyGraphPanel webview open.
[2026-08-26T16:24:24.018Z] No active DependencyGraphPanel webview open.
[2026-08-26T16:24:24.018Z] No active DependencyGraphPanel webview open.
[2026-08-26T16:24:24.018Z] No active DependencyGraphPanel webview open.
[2026-08-26T16:24:24.018Z] No active DependencyGraphPanel webview open.
[2026-08-26T16:24:24.019Z] No active DependencyGraphPanel webview open.
[2026-08-26T16:24:24.019Z] No active DependencyGraphPanel webview open.
[2026-08-26T16:24:24.019Z] No active DependencyGraphPanel webview open.
[2026-08-26T16:24:24.019Z] No active DependencyGraphPanel webview open.
[2026-08-26T16:24:24.019Z] No active DependencyGraphPanel webview open.
[2026-08-26T16:24:24.020Z] No active DependencyGraphPanel webview open.
[2026-08-26T16:24:24.020Z] No active DependencyGraphPanel webview open.
[2026-08-26T16:24:24.020Z] No active DependencyGraphPanel webview open.
[2026-08-26T16:24:24.020Z] No active DependencyGraphPanel webview open.
[2026-08-26T16:24:24.020Z] No active DependencyGraphPanel webview open.
[2026-08-26T16:24:24.020Z] No active DependencyGraphPanel webview open.
[2026-08-26T16:24:24.021Z] No active DependencyGraphPanel webview open.
[2026-08-26T16:24:24.021Z] No active DependencyGraphPanel webview open.
[2026-08-26T16:24:24.021Z] No active DependencyGraphPanel webview open.
[2026-08-26T16:24:24.021Z] No active DependencyGraphPanel webview open.
[2026-08-26T16:24:24.021Z] No active DependencyGraphPanel webview open.
[2026-08-26T16:24:24.021Z] No active DependencyGraphPanel webview open.
[2026-08-26T16:24:24.022Z] No active DependencyGraphPanel webview open.
[2026-08-26T16:24:24.022Z] No active DependencyGraphPanel webview open.
[2026-08-26T16:24:24.022Z] No active DependencyGraphPanel webview open.
[2026-08-26T16:24:24.022Z] No active DependencyGraphPanel webview open.
[2026-08-26T16:24:24.022Z] No active DependencyGraphPanel webview open.
[2026-08-26T16:24:24.023Z] No active DependencyGraphPanel webview open.
[2026-08-26T16:24:24.023Z] No active DependencyGraphPanel webview open.
[2026-08-26T16:24:24.023Z] No active DependencyGraphPanel webview open.
[2026-08-26T16:24:24.023Z] No active DependencyGraphPanel webview open.
[2026-08-26T16:24:24.023Z] No active DependencyGraphPanel webview open.
[2026-08-26T16:24:24.023Z] No active DependencyGraphPanel webview open.
[2026-08-26T16:24:24.024Z] No active DependencyGraphPanel webview open.
[2026-08-26T16:24:24.024Z] No active DependencyGraphPanel webview open.
[2026-08-26T16:24:24.024Z] No active DependencyGraphPanel webview open.
[2026-08-26T16:24:24.024Z] No active DependencyGraphPanel webview open.
[2026-08-26T16:24:24.024Z] No active DependencyGraphPanel webview open.
[2026-08-26T16:24:24.025Z] No active DependencyGraphPanel webview open.
[2026-08-26T16:24:24.025Z] No active DependencyGraphPanel webview open.
[2026-08-26T16:24:24.025Z] No active DependencyGraphPanel webview open.
[2026-08-26T16:24:24.025Z] No active DependencyGraphPanel webview open.
[2026-08-26T16:24:24.025Z] No active DependencyGraphPanel webview open.
[2026-08-26T16:24:24.025Z] No active DependencyGraphPanel webview open.
[2026-08-26T16:24:24.026Z] No active DependencyGraphPanel webview open.
[2026-08-26T16:24:24.026Z] No active DependencyGraphPanel webview open.
[2026-08-26T16:24:24.026Z] No active DependencyGraphPanel webview open.
[2026-08-26T16:24:24.026Z] No active DependencyGraphPanel webview open.
[2026-08-26T16:24:24.026Z] No active DependencyGraphPanel webview open.
[2026-08-26T16:24:24.026Z] No active DependencyGraphPanel webview open.
[2026-08-26T16:24:24.027Z] No active DependencyGraphPanel webview open.
[2026-08-26T16:24:24.027Z] No active DependencyGraphPanel webview open.
[2026-08-26T16:24:24.027Z] No active DependencyGraphPanel webview open.
[2026-08-26T16:24:24.027Z] No active DependencyGraphPanel webview open.
[2026-08-26T16:24:24.027Z] No active DependencyGraphPanel webview open.
[2026-08-26T16:24:24.028Z] No active DependencyGraphPanel webview open.
[2026-08-26T16:24:24.028Z] No active DependencyGraphPanel webview open.
[2026-08-26T16:24:24.028Z] No active DependencyGraphPanel webview open.
[2026-08-26T16:24:24.028Z] No active DependencyGraphPanel webview open.
[2026-08-26T16:24:24.028Z] No active DependencyGraphPanel webview open.
[2026-08-26T16:24:24.028Z] No active DependencyGraphPanel webview open.
[2026-08-26T16:24:24.029Z] No active DependencyGraphPanel webview open.
[2026-08-26T16:24:24.029Z] No active DependencyGraphPanel webview open.
[2026-08-26T16:24:24.029Z] No active DependencyGraphPanel webview open.
[2026-08-26T16:24:24.029Z] No active DependencyGraphPanel webview open.
[2026-08-26T16:24:24.029Z] No active DependencyGraphPanel webview open.
[2026-08-26T16:24:24.029Z] No active DependencyGraphPanel webview open.
[2026-08-26T16:24:24.030Z] No active DependencyGraphPanel webview open.
[2026-08-26T16:24:24.030Z] No active DependencyGraphPanel webview open.
[2026-08-26T16:24:24.030Z] No active DependencyGraphPanel webview open.
[2026-08-26T16:24:24.030Z] No active DependencyGraphPanel webview open.
[2026-08-26T16:24:24.030Z] No active DependencyGraphPanel webview open.
[2026-08-26T16:24:24.031Z] No active DependencyGraphPanel webview open.
[2026-08-26T16:24:24.031Z] No active DependencyGraphPanel webview open.
[2026-08-26T16:24:24.031Z] No active DependencyGraphPanel webview open.
[2026-08-26T16:24:24.031Z] No active DependencyGraphPanel webview open.
[2026-08-26T16:24:24.031Z] No active DependencyGraphPanel webview open.
[2026-08-26T16:24:24.031Z] No active DependencyGraphPanel webview open.
[2026-08-26T16:24:24.032Z] No active DependencyGraphPanel webview open.
[2026-08-26T16:24:24.032Z] No active DependencyGraphPanel webview open.
[2026-08-26T16:24:24.032Z] No active DependencyGraphPanel webview open.
[2026-08-26T16:24:24.032Z] No active DependencyGraphPanel webview open.
[2026-08-26T16:24:24.032Z] No active DependencyGraphPanel webview open.
[2026-08-26T16:24:24.032Z] No active DependencyGraphPanel webview open.
[2026-08-26T16:24:24.033Z] No active DependencyGraphPanel webview open.
[2026-08-26T16:24:24.033Z] No active DependencyGraphPanel webview open.
[2026-08-26T16:24:24.033Z] No active DependencyGraphPanel webview open.
[2026-08-26T16:24:24.033Z] No active DependencyGraphPanel webview open.
[2026-08-26T16:24:24.033Z] No active DependencyGraphPanel webview open.
[2026-08-26T16:24:24.033Z] No active DependencyGraphPanel webview open.
[2026-08-26T16:24:24.034Z] No active DependencyGraphPanel webview open.
[2026-08-26T16:24:24.034Z] No active DependencyGraphPanel webview open.
[2026-08-26T16:24:24.034Z] No active DependencyGraphPanel webview open.
[2026-08-26T16:24:24.034Z] No active DependencyGraphPanel webview open.
[2026-08-26T16:24:24.034Z] No active DependencyGraphPanel webview open.
[2026-08-26T16:24:24.035Z] No active DependencyGraphPanel webview open.
[2026-08-26T16:24:24.035Z] No active DependencyGraphPanel webview open.
[2026-08-26T16:24:24.035Z] No active DependencyGraphPanel webview open.
[2026-08-26T16:24:24.035Z] No active DependencyGraphPanel webview open.
[2026-08-26T16:24:24.035Z] No active DependencyGraphPanel webview open.
[2026-08-26T16:24:24.036Z] No active DependencyGraphPanel webview open.
[2026-08-26T16:24:24.036Z] No active DependencyGraphPanel webview open.
[2026-08-26T16:24:24.036Z] No active DependencyGraphPanel webview open.
[2026-08-26T16:24:24.036Z] No active DependencyGraphPanel webview open.
[2026-08-26T16:24:24.036Z] No active DependencyGraphPanel webview open.
[2026-08-26T16:24:24.037Z] No active DependencyGraphPanel webview open.
[2026-08-26T16:24:24.037Z] No active DependencyGraphPanel webview open.
[2026-08-26T16:24:24.037Z] No active DependencyGraphPanel webview open.
[2026-08-26T16:24:24.037Z] No active DependencyGraphPanel webview open.
[2026-08-26T16:24:24.037Z] No active DependencyGraphPanel webview open.
[2026-08-26T16:24:24.038Z] No active DependencyGraphPanel webview open.
[2026-08-26T16:24:24.038Z] No active DependencyGraphPanel webview open.
[2026-08-26T16:24:24.038Z] No active DependencyGraphPanel webview open.
[2026-08-26T16:24:24.038Z] No active DependencyGraphPanel webview open.
[2026-08-26T16:24:24.039Z] No active DependencyGraphPanel webview open.
[2026-08-26T16:24:24.039Z] No active DependencyGraphPanel webview open.
[2026-08-26T16:24:24.039Z] No active DependencyGraphPanel webview open.
[2026-08-26T16:24:24.039Z] No active DependencyGraphPanel webview open.
[2026-08-26T16:24:24.039Z] No active DependencyGraphPanel webview open.
[2026-08-26T16:24:24.040Z] No active DependencyGraphPanel webview open.
[2026-08-26T16:24:24.040Z] No active DependencyGraphPanel webview open.
[2026-08-26T16:24:24.040Z] No active DependencyGraphPanel webview open.
[2026-08-26T16:24:24.040Z] No active DependencyGraphPanel webview open.
[2026-08-26T16:24:24.040Z] No active DependencyGraphPanel webview open.
[2026-08-26T16:24:24.040Z] No active DependencyGraphPanel webview open.
[2026-08-26T16:24:24.041Z] No active DependencyGraphPanel webview open.
[2026-08-26T16:24:24.041Z] No active DependencyGraphPanel webview open.
[2026-08-26T16:24:24.041Z] No active DependencyGraphPanel webview open.
[2026-08-26T16:24:24.041Z] No active DependencyGraphPanel webview open.
[2026-08-26T16:24:24.041Z] No active DependencyGraphPanel webview open.
[2026-08-26T16:24:24.042Z] No active DependencyGraphPanel webview open.
[2026-08-26T16:24:24.042Z] No active DependencyGraphPanel webview open.
[2026-08-26T16:24:24.042Z] No active DependencyGraphPanel webview open.
[2026-08-26T16:24:24.042Z] No active DependencyGraphPanel webview open.
[2026-08-26T16:24:24.042Z] No active DependencyGraphPanel webview open.
[2026-08-26T16:24:24.043Z] No active DependencyGraphPanel webview open.
[2026-08-26T16:24:24.043Z] No active DependencyGraphPanel webview open.
[2026-08-26T16:24:24.043Z] No active DependencyGraphPanel webview open.
[2026-08-26T16:24:24.043Z] No active DependencyGraphPanel webview open.
[2026-08-26T16:24:24.043Z] No active DependencyGraphPanel webview open.
[2026-08-26T16:24:24.044Z] No active DependencyGraphPanel webview open.
[2026-08-26T16:24:24.044Z] No active DependencyGraphPanel webview open.
[2026-08-26T16:24:24.044Z] No active DependencyGraphPanel webview open.
[2026-08-26T16:24:24.044Z] No active DependencyGraphPanel webview open.
[2026-08-26T16:24:24.044Z] No active DependencyGraphPanel webview open.
[2026-08-26T16:24:24.044Z] No active DependencyGraphPanel webview open.
[2026-08-26T16:24:24.045Z] No active DependencyGraphPanel webview open.
[2026-08-26T16:24:24.045Z] No active DependencyGraphPanel webview open.
[2026-08-26T16:24:24.045Z] No active DependencyGraphPanel webview open.
[2026-08-26T16:24:24.045Z] No active DependencyGraphPanel webview open.
[2026-08-26T16:24:24.045Z] No active DependencyGraphPanel webview open.
[2026-08-26T16:24:24.046Z] No active DependencyGraphPanel webview open.
[2026-08-26T16:24:24.046Z] No active DependencyGraphPanel webview open.
[2026-08-26T16:24:24.046Z] No active DependencyGraphPanel webview open.
[2026-08-26T16:24:24.046Z] No active DependencyGraphPanel webview open.
[2026-08-26T16:24:24.046Z] No active DependencyGraphPanel webview open.
[2026-08-26T16:24:24.047Z] No active DependencyGraphPanel webview open.
[2026-08-26T16:24:24.047Z] No active DependencyGraphPanel webview open.
[2026-08-26T16:24:24.047Z] No active DependencyGraphPanel webview open.
[2026-08-26T16:24:24.047Z] No active DependencyGraphPanel webview open.
[2026-08-26T16:24:24.047Z] No active DependencyGraphPanel webview open.
[2026-08-26T16:24:24.047Z] No active DependencyGraphPanel webview open.
[2026-08-26T16:24:24.048Z] No active DependencyGraphPanel webview open.
[2026-08-26T16:24:24.048Z] No active DependencyGraphPanel webview open.
[2026-08-26T16:24:24.048Z] No active DependencyGraphPanel webview open.
[2026-08-26T16:24:24.048Z] No active DependencyGraphPanel webview open.
[2026-08-26T16:24:24.048Z] No active DependencyGraphPanel webview open.
[2026-08-26T16:24:24.049Z] No active DependencyGraphPanel webview open.
[2026-08-26T16:24:24.049Z] No active DependencyGraphPanel webview open.
[2026-08-26T16:24:24.049Z] No active DependencyGraphPanel webview open.
[2026-08-26T16:24:24.049Z] No active DependencyGraphPanel webview open.
[2026-08-26T16:24:24.049Z] No active DependencyGraphPanel webview open.
[2026-08-26T16:24:24.050Z] No active DependencyGraphPanel webview open.
[2026-08-26T16:24:24.050Z] No active DependencyGraphPanel webview open.
[2026-08-26T16:24:24.050Z] No active DependencyGraphPanel webview open.
[2026-08-26T16:24:24.050Z] No active DependencyGraphPanel webview open.
[2026-08-26T16:24:24.050Z] No active DependencyGraphPanel webview open.
[2026-08-26T16:24:24.051Z] No active DependencyGraphPanel webview open.
[2026-08-26T16:24:24.051Z] No active DependencyGraphPanel webview open.
[2026-08-26T16:24:24.051Z] No active DependencyGraphPanel webview open.
[2026-08-26T16:24:24.051Z] No active DependencyGraphPanel webview open.
[2026-08-26T16:24:24.052Z] No active DependencyGraphPanel webview open.
[2026-08-26T16:24:24.052Z] No active DependencyGraphPanel webview open.
[2026-08-26T16:24:24.052Z] No active DependencyGraphPanel webview open.
[2026-08-26T16:24:24.052Z] No active DependencyGraphPanel webview open.
[2026-08-26T16:24:24.052Z] No active DependencyGraphPanel webview open.
[2026-08-26T16:24:24.053Z] No active DependencyGraphPanel webview open.
[2026-08-26T16:24:24.053Z] No active DependencyGraphPanel webview open.
[2026-08-26T16:24:24.053Z] No active DependencyGraphPanel webview open.
[2026-08-26T16:24:24.053Z] No active DependencyGraphPanel webview open.
[2026-08-26T16:24:24.053Z] No active DependencyGraphPanel webview open.
[2026-08-26T16:24:24.054Z] No active DependencyGraphPanel webview open.
[2026-08-26T16:24:24.054Z] No active DependencyGraphPanel webview open.
[2026-08-26T16:24:24.054Z] No active DependencyGraphPanel webview open.
[2026-08-26T16:24:24.054Z] No active DependencyGraphPanel webview open.
[2026-08-26T16:24:24.054Z] No active DependencyGraphPanel webview open.
[2026-08-26T16:24:24.055Z] runPostScanAnalysis started. Current nodes count: 411
[2026-08-26T16:24:24.056Z] runPostScanAnalysis started. Current nodes count: 411
[2026-08-26T16:24:24.056Z] runPostScanAnalysis started. Current nodes count: 411
[2026-08-26T16:24:24.056Z] runPostScanAnalysis started. Current nodes count: 411
[2026-08-26T16:24:24.056Z] runPostScanAnalysis started. Current nodes count: 411
[2026-08-26T16:24:24.056Z] runPostScanAnalysis started. Current nodes count: 411
[2026-08-26T16:24:24.057Z] runPostScanAnalysis started. Current nodes count: 411
[2026-08-26T16:24:24.057Z] runPostScanAnalysis started. Current nodes count: 411
[2026-08-26T16:24:24.057Z] runPostScanAnalysis started. Current nodes count: 411
[2026-08-26T16:24:24.057Z] runPostScanAnalysis started. Current nodes count: 411
[2026-08-26T16:24:24.057Z] runPostScanAnalysis started. Current nodes count: 411
[2026-08-26T16:24:24.058Z] runPostScanAnalysis started. Current nodes count: 411
[2026-08-26T16:24:24.058Z] runPostScanAnalysis started. Current nodes count: 411
[2026-08-26T16:24:24.058Z] runPostScanAnalysis started. Current nodes count: 411
[2026-08-26T16:24:24.058Z] runPostScanAnalysis started. Current nodes count: 411
[2026-08-26T16:24:24.058Z] runPostScanAnalysis started. Current nodes count: 411
[2026-08-26T16:24:24.058Z] runPostScanAnalysis started. Current nodes count: 411
[2026-08-26T16:24:24.059Z] runPostScanAnalysis started. Current nodes count: 411
[2026-08-26T16:24:24.059Z] runPostScanAnalysis started. Current nodes count: 411
[2026-08-26T16:24:24.059Z] runPostScanAnalysis started. Current nodes count: 411
[2026-08-26T16:24:24.059Z] runPostScanAnalysis started. Current nodes count: 411
[2026-08-26T16:24:24.059Z] runPostScanAnalysis started. Current nodes count: 411
[2026-08-26T16:24:24.060Z] runPostScanAnalysis started. Current nodes count: 411
[2026-08-26T16:24:24.060Z] runPostScanAnalysis started. Current nodes count: 411
[2026-08-26T16:24:24.060Z] runPostScanAnalysis started. Current nodes count: 411
[2026-08-26T16:24:24.060Z] runPostScanAnalysis started. Current nodes count: 411
[2026-08-26T16:24:24.060Z] runPostScanAnalysis started. Current nodes count: 411
[2026-08-26T16:24:24.060Z] runPostScanAnalysis started. Current nodes count: 411
[2026-08-26T16:24:24.061Z] runPostScanAnalysis started. Current nodes count: 411
[2026-08-26T16:24:24.061Z] runPostScanAnalysis started. Current nodes count: 411
[2026-08-26T16:24:24.061Z] runPostScanAnalysis started. Current nodes count: 411
[2026-08-26T16:24:24.061Z] runPostScanAnalysis started. Current nodes count: 411
[2026-08-26T16:24:24.061Z] runPostScanAnalysis started. Current nodes count: 411
[2026-08-26T16:24:24.062Z] runPostScanAnalysis started. Current nodes count: 411
[2026-08-26T16:24:24.062Z] runPostScanAnalysis started. Current nodes count: 411
[2026-08-26T16:24:24.062Z] runPostScanAnalysis started. Current nodes count: 411
[2026-08-26T16:24:24.062Z] runPostScanAnalysis started. Current nodes count: 411
[2026-08-26T16:24:24.062Z] runPostScanAnalysis started. Current nodes count: 411
[2026-08-26T16:24:24.062Z] runPostScanAnalysis started. Current nodes count: 411
[2026-08-26T16:24:24.063Z] runPostScanAnalysis started. Current nodes count: 411
[2026-08-26T16:24:24.063Z] runPostScanAnalysis started. Current nodes count: 411
[2026-08-26T16:24:24.063Z] runPostScanAnalysis started. Current nodes count: 411
[2026-08-26T16:24:24.063Z] runPostScanAnalysis started. Current nodes count: 411
[2026-08-26T16:24:24.063Z] runPostScanAnalysis started. Current nodes count: 411
[2026-08-26T16:24:24.064Z] runPostScanAnalysis started. Current nodes count: 411
[2026-08-26T16:24:24.064Z] runPostScanAnalysis started. Current nodes count: 411
[2026-08-26T16:24:24.064Z] runPostScanAnalysis started. Current nodes count: 411
[2026-08-26T16:24:24.064Z] runPostScanAnalysis started. Current nodes count: 411
[2026-08-26T16:24:24.064Z] runPostScanAnalysis started. Current nodes count: 411
[2026-08-26T16:24:24.064Z] runPostScanAnalysis started. Current nodes count: 411
[2026-08-26T16:24:24.065Z] runPostScanAnalysis started. Current nodes count: 411
[2026-08-26T16:24:24.065Z] runPostScanAnalysis started. Current nodes count: 411
[2026-08-26T16:24:24.065Z] runPostScanAnalysis started. Current nodes count: 411
[2026-08-26T16:24:24.065Z] runPostScanAnalysis started. Current nodes count: 411
[2026-08-26T16:24:24.065Z] runPostScanAnalysis started. Current nodes count: 411
[2026-08-26T16:24:24.066Z] runPostScanAnalysis started. Current nodes count: 411
[2026-08-26T16:24:24.066Z] runPostScanAnalysis started. Current nodes count: 411
[2026-08-26T16:24:24.066Z] runPostScanAnalysis started. Current nodes count: 411
[2026-08-26T16:24:24.066Z] runPostScanAnalysis started. Current nodes count: 411
[2026-08-26T16:24:24.066Z] runPostScanAnalysis started. Current nodes count: 411
[2026-08-26T16:24:24.066Z] runPostScanAnalysis started. Current nodes count: 411
[2026-08-26T16:24:24.067Z] runPostScanAnalysis started. Current nodes count: 411
[2026-08-26T16:24:24.067Z] runPostScanAnalysis started. Current nodes count: 411
[2026-08-26T16:24:24.067Z] runPostScanAnalysis started. Current nodes count: 411
[2026-08-26T16:24:24.067Z] runPostScanAnalysis started. Current nodes count: 411
[2026-08-26T16:24:24.067Z] runPostScanAnalysis started. Current nodes count: 411
[2026-08-26T16:24:24.068Z] runPostScanAnalysis started. Current nodes count: 411
[2026-08-26T16:24:24.068Z] runPostScanAnalysis started. Current nodes count: 411
[2026-08-26T16:24:24.068Z] runPostScanAnalysis started. Current nodes count: 411
[2026-08-26T16:24:24.068Z] runPostScanAnalysis started. Current nodes count: 411
[2026-08-26T16:24:24.068Z] runPostScanAnalysis started. Current nodes count: 411
[2026-08-26T16:24:24.069Z] runPostScanAnalysis started. Current nodes count: 411
[2026-08-26T16:24:24.069Z] runPostScanAnalysis started. Current nodes count: 411
[2026-08-26T16:24:24.069Z] runPostScanAnalysis started. Current nodes count: 411
[2026-08-26T16:24:24.069Z] runPostScanAnalysis started. Current nodes count: 411
[2026-08-26T16:24:24.069Z] runPostScanAnalysis started. Current nodes count: 411
[2026-08-26T16:24:24.070Z] runPostScanAnalysis started. Current nodes count: 411
[2026-08-26T16:24:24.070Z] runPostScanAnalysis started. Current nodes count: 411
[2026-08-26T16:24:24.070Z] runPostScanAnalysis started. Current nodes count: 411
[2026-08-26T16:24:24.070Z] runPostScanAnalysis started. Current nodes count: 411
[2026-08-26T16:24:24.070Z] runPostScanAnalysis started. Current nodes count: 411
[2026-08-26T16:24:24.070Z] runPostScanAnalysis started. Current nodes count: 411
[2026-08-26T16:24:24.071Z] runPostScanAnalysis started. Current nodes count: 411
[2026-08-26T16:24:24.071Z] runPostScanAnalysis started. Current nodes count: 411
[2026-08-26T16:24:24.071Z] runPostScanAnalysis started. Current nodes count: 411
[2026-08-26T16:24:24.071Z] runPostScanAnalysis started. Current nodes count: 411
[2026-08-26T16:24:24.071Z] runPostScanAnalysis started. Current nodes count: 411
[2026-08-26T16:24:24.071Z] runPostScanAnalysis started. Current nodes count: 411
[2026-08-26T16:24:24.072Z] runPostScanAnalysis started. Current nodes count: 411
[2026-08-26T16:24:24.072Z] runPostScanAnalysis started. Current nodes count: 411
[2026-08-26T16:24:24.072Z] runPostScanAnalysis started. Current nodes count: 411
[2026-08-26T16:24:24.072Z] runPostScanAnalysis started. Current nodes count: 411
[2026-08-26T16:24:24.072Z] runPostScanAnalysis started. Current nodes count: 411
[2026-08-26T16:24:24.072Z] runPostScanAnalysis started. Current nodes count: 411
[2026-08-26T16:24:24.073Z] runPostScanAnalysis started. Current nodes count: 411
[2026-08-26T16:24:24.073Z] runPostScanAnalysis started. Current nodes count: 411
[2026-08-26T16:24:24.073Z] runPostScanAnalysis started. Current nodes count: 411
[2026-08-26T16:24:24.073Z] runPostScanAnalysis started. Current nodes count: 411
[2026-08-26T16:24:24.073Z] runPostScanAnalysis started. Current nodes count: 411
[2026-08-26T16:24:24.074Z] runPostScanAnalysis started. Current nodes count: 411
[2026-08-26T16:24:24.074Z] runPostScanAnalysis started. Current nodes count: 411
[2026-08-26T16:24:24.074Z] runPostScanAnalysis started. Current nodes count: 411
[2026-08-26T16:24:24.074Z] runPostScanAnalysis started. Current nodes count: 411
[2026-08-26T16:24:24.074Z] runPostScanAnalysis started. Current nodes count: 411
[2026-08-26T16:24:24.074Z] runPostScanAnalysis started. Current nodes count: 411
[2026-08-26T16:24:24.075Z] runPostScanAnalysis started. Current nodes count: 411
[2026-08-26T16:24:24.075Z] runPostScanAnalysis started. Current nodes count: 411
[2026-08-26T16:24:24.134Z] No active DependencyGraphPanel webview open.
[2026-08-26T16:24:24.134Z] No active DependencyGraphPanel webview open.
[2026-08-26T16:24:24.135Z] No active DependencyGraphPanel webview open.
[2026-08-26T16:24:24.135Z] No active DependencyGraphPanel webview open.
[2026-08-26T16:24:24.135Z] No active DependencyGraphPanel webview open.
[2026-08-26T16:24:24.135Z] No active DependencyGraphPanel webview open.
[2026-08-26T16:24:24.135Z] No active DependencyGraphPanel webview open.
[2026-08-26T16:24:24.136Z] No active DependencyGraphPanel webview open.
[2026-08-26T16:24:24.136Z] No active DependencyGraphPanel webview open.
[2026-08-26T16:24:24.136Z] No active DependencyGraphPanel webview open.
[2026-08-26T16:24:24.136Z] No active DependencyGraphPanel webview open.
[2026-08-26T16:24:24.137Z] No active DependencyGraphPanel webview open.
[2026-08-26T16:24:24.137Z] No active DependencyGraphPanel webview open.
[2026-08-26T16:24:24.137Z] No active DependencyGraphPanel webview open.
[2026-08-26T16:24:24.137Z] No active DependencyGraphPanel webview open.
[2026-08-26T16:24:24.138Z] No active DependencyGraphPanel webview open.
[2026-08-26T16:24:24.138Z] No active DependencyGraphPanel webview open.
[2026-08-26T16:24:24.139Z] No active DependencyGraphPanel webview open.
[2026-08-26T16:24:24.139Z] No active DependencyGraphPanel webview open.
[2026-08-26T16:24:24.139Z] No active DependencyGraphPanel webview open.
[2026-08-26T16:24:24.140Z] No active DependencyGraphPanel webview open.
[2026-08-26T16:24:24.140Z] No active DependencyGraphPanel webview open.
[2026-08-26T16:24:24.140Z] No active DependencyGraphPanel webview open.
[2026-08-26T16:24:24.141Z] No active DependencyGraphPanel webview open.
[2026-08-26T16:24:24.141Z] No active DependencyGraphPanel webview open.
[2026-08-26T16:24:24.141Z] No active DependencyGraphPanel webview open.
[2026-08-26T16:24:24.141Z] No active DependencyGraphPanel webview open.
[2026-08-26T16:24:24.142Z] No active DependencyGraphPanel webview open.
[2026-08-26T16:24:24.142Z] No active DependencyGraphPanel webview open.
[2026-08-26T16:24:24.142Z] No active DependencyGraphPanel webview open.
[2026-08-26T16:24:24.143Z] No active DependencyGraphPanel webview open.
[2026-08-26T16:24:24.143Z] No active DependencyGraphPanel webview open.
[2026-08-26T16:24:24.143Z] No active DependencyGraphPanel webview open.
[2026-08-26T16:24:24.143Z] No active DependencyGraphPanel webview open.
[2026-08-26T16:24:24.143Z] No active DependencyGraphPanel webview open.
[2026-08-26T16:24:24.144Z] No active DependencyGraphPanel webview open.
[2026-08-26T16:24:24.144Z] No active DependencyGraphPanel webview open.
[2026-08-26T16:24:24.144Z] No active DependencyGraphPanel webview open.
[2026-08-26T16:24:24.145Z] No active DependencyGraphPanel webview open.
[2026-08-26T16:24:24.145Z] No active DependencyGraphPanel webview open.
[2026-08-26T16:24:24.145Z] No active DependencyGraphPanel webview open.
[2026-08-26T16:24:24.146Z] No active DependencyGraphPanel webview open.
[2026-08-26T16:24:24.147Z] No active DependencyGraphPanel webview open.
[2026-08-26T16:24:24.147Z] No active DependencyGraphPanel webview open.
[2026-08-26T16:24:24.147Z] No active DependencyGraphPanel webview open.
[2026-08-26T16:24:24.148Z] No active DependencyGraphPanel webview open.
[2026-08-26T16:24:24.148Z] No active DependencyGraphPanel webview open.
[2026-08-26T16:24:24.149Z] No active DependencyGraphPanel webview open.
[2026-08-26T16:24:24.149Z] No active DependencyGraphPanel webview open.
[2026-08-26T16:24:24.149Z] No active DependencyGraphPanel webview open.
[2026-08-26T16:24:24.149Z] No active DependencyGraphPanel webview open.
[2026-08-26T16:24:24.150Z] No active DependencyGraphPanel webview open.
[2026-08-26T16:24:24.150Z] No active DependencyGraphPanel webview open.
[2026-08-26T16:24:24.150Z] No active DependencyGraphPanel webview open.
[2026-08-26T16:24:24.151Z] No active DependencyGraphPanel webview open.
[2026-08-26T16:24:24.151Z] No active DependencyGraphPanel webview open.
[2026-08-26T16:24:24.151Z] No active DependencyGraphPanel webview open.
[2026-08-26T16:24:24.152Z] No active DependencyGraphPanel webview open.
[2026-08-26T16:24:24.152Z] No active DependencyGraphPanel webview open.
[2026-08-26T16:24:24.152Z] No active DependencyGraphPanel webview open.
[2026-08-26T16:24:24.152Z] No active DependencyGraphPanel webview open.
[2026-08-26T16:24:24.153Z] No active DependencyGraphPanel webview open.
[2026-08-26T16:24:24.153Z] No active DependencyGraphPanel webview open.
[2026-08-26T16:24:24.153Z] No active DependencyGraphPanel webview open.
[2026-08-26T16:24:24.154Z] No active DependencyGraphPanel webview open.
[2026-08-26T16:24:24.154Z] No active DependencyGraphPanel webview open.
[2026-08-26T16:24:24.154Z] No active DependencyGraphPanel webview open.
[2026-08-26T16:24:24.155Z] No active DependencyGraphPanel webview open.
[2026-08-26T16:24:24.155Z] No active DependencyGraphPanel webview open.
[2026-08-26T16:24:24.156Z] No active DependencyGraphPanel webview open.
[2026-08-26T16:24:24.156Z] No active DependencyGraphPanel webview open.
[2026-08-26T16:24:24.156Z] No active DependencyGraphPanel webview open.
[2026-08-26T16:24:24.157Z] No active DependencyGraphPanel webview open.
[2026-08-26T16:24:24.157Z] No active DependencyGraphPanel webview open.
[2026-08-26T16:24:24.157Z] No active DependencyGraphPanel webview open.
[2026-08-26T16:24:24.158Z] No active DependencyGraphPanel webview open.
[2026-08-26T16:24:24.159Z] No active DependencyGraphPanel webview open.
[2026-08-26T16:24:24.165Z] No active DependencyGraphPanel webview open.
[2026-08-26T16:24:24.166Z] No active DependencyGraphPanel webview open.
[2026-08-26T16:24:24.166Z] No active DependencyGraphPanel webview open.
[2026-08-26T16:24:24.167Z] No active DependencyGraphPanel webview open.
[2026-08-26T16:24:24.167Z] No active DependencyGraphPanel webview open.
[2026-08-26T16:24:24.167Z] No active DependencyGraphPanel webview open.
[2026-08-26T16:24:24.168Z] No active DependencyGraphPanel webview open.
[2026-08-26T16:24:24.168Z] No active DependencyGraphPanel webview open.
[2026-08-26T16:24:24.169Z] No active DependencyGraphPanel webview open.
[2026-08-26T16:24:24.169Z] No active DependencyGraphPanel webview open.
[2026-08-26T16:24:24.169Z] No active DependencyGraphPanel webview open.
[2026-08-26T16:24:24.170Z] No active DependencyGraphPanel webview open.
[2026-08-26T16:24:24.170Z] No active DependencyGraphPanel webview open.
[2026-08-26T16:24:24.171Z] No active DependencyGraphPanel webview open.
[2026-08-26T16:24:24.171Z] No active DependencyGraphPanel webview open.
[2026-08-26T16:24:24.171Z] No active DependencyGraphPanel webview open.
[2026-08-26T16:24:24.172Z] No active DependencyGraphPanel webview open.
[2026-08-26T16:24:24.172Z] No active DependencyGraphPanel webview open.
[2026-08-26T16:24:24.172Z] No active DependencyGraphPanel webview open.
[2026-08-26T16:24:24.173Z] No active DependencyGraphPanel webview open.
[2026-08-26T16:24:24.173Z] No active DependencyGraphPanel webview open.
[2026-08-26T16:24:24.173Z] No active DependencyGraphPanel webview open.
[2026-08-26T16:24:24.173Z] No active DependencyGraphPanel webview open.
[2026-08-26T16:24:24.174Z] No active DependencyGraphPanel webview open.
[2026-08-26T16:24:24.174Z] No active DependencyGraphPanel webview open.
[2026-08-26T16:24:24.174Z] No active DependencyGraphPanel webview open.
[2026-08-26T16:24:24.175Z] No active DependencyGraphPanel webview open.
[2026-08-26T16:24:24.175Z] No active DependencyGraphPanel webview open.
[2026-08-26T16:24:24.175Z] No active DependencyGraphPanel webview open.
[2026-08-26T16:24:24.175Z] No active DependencyGraphPanel webview open.
[2026-08-26T16:24:24.176Z] No active DependencyGraphPanel webview open.
[2026-08-26T16:24:24.176Z] No active DependencyGraphPanel webview open.
[2026-08-26T16:24:24.177Z] No active DependencyGraphPanel webview open.
[2026-08-26T16:24:24.177Z] No active DependencyGraphPanel webview open.
[2026-08-26T16:24:24.177Z] No active DependencyGraphPanel webview open.
[2026-08-26T16:24:24.177Z] No active DependencyGraphPanel webview open.
[2026-08-26T16:24:24.178Z] No active DependencyGraphPanel webview open.
[2026-08-26T16:24:24.178Z] No active DependencyGraphPanel webview open.
[2026-08-26T16:24:24.180Z] No active DependencyGraphPanel webview open.
[2026-08-26T16:24:24.180Z] No active DependencyGraphPanel webview open.
[2026-08-26T16:24:24.180Z] No active DependencyGraphPanel webview open.
[2026-08-26T16:24:24.181Z] No active DependencyGraphPanel webview open.
[2026-08-26T16:24:24.181Z] No active DependencyGraphPanel webview open.
[2026-08-26T16:24:24.181Z] No active DependencyGraphPanel webview open.
[2026-08-26T16:24:24.182Z] No active DependencyGraphPanel webview open.
[2026-08-26T16:24:24.182Z] No active DependencyGraphPanel webview open.
[2026-08-26T16:24:24.183Z] No active DependencyGraphPanel webview open.
[2026-08-26T16:24:24.183Z] No active DependencyGraphPanel webview open.
[2026-08-26T16:24:24.183Z] No active DependencyGraphPanel webview open.
[2026-08-26T16:24:24.184Z] No active DependencyGraphPanel webview open.
[2026-08-26T16:24:24.184Z] No active DependencyGraphPanel webview open.
[2026-08-26T16:24:24.185Z] No active DependencyGraphPanel webview open.
[2026-08-26T16:24:24.185Z] No active DependencyGraphPanel webview open.
[2026-08-26T16:24:24.185Z] No active DependencyGraphPanel webview open.
[2026-08-26T16:24:24.186Z] No active DependencyGraphPanel webview open.
[2026-08-26T16:24:24.186Z] No active DependencyGraphPanel webview open.
[2026-08-26T16:24:24.186Z] No active DependencyGraphPanel webview open.
[2026-08-26T16:24:24.187Z] No active DependencyGraphPanel webview open.
[2026-08-26T16:24:24.187Z] No active DependencyGraphPanel webview open.
[2026-08-26T16:24:24.187Z] No active DependencyGraphPanel webview open.
[2026-08-26T16:24:24.188Z] No active DependencyGraphPanel webview open.
[2026-08-26T16:24:24.188Z] No active DependencyGraphPanel webview open.
[2026-08-26T16:24:24.188Z] No active DependencyGraphPanel webview open.
[2026-08-26T16:24:24.189Z] No active DependencyGraphPanel webview open.
[2026-08-26T16:24:24.189Z] No active DependencyGraphPanel webview open.
[2026-08-26T16:24:24.189Z] No active DependencyGraphPanel webview open.
[2026-08-26T16:24:24.190Z] No active DependencyGraphPanel webview open.
[2026-08-26T16:24:24.190Z] No active DependencyGraphPanel webview open.
[2026-08-26T16:24:24.191Z] No active DependencyGraphPanel webview open.
[2026-08-26T16:24:24.191Z] No active DependencyGraphPanel webview open.
[2026-08-26T16:24:24.192Z] No active DependencyGraphPanel webview open.
[2026-08-26T16:24:24.192Z] No active DependencyGraphPanel webview open.
[2026-08-26T16:24:24.192Z] No active DependencyGraphPanel webview open.
[2026-08-26T16:24:24.193Z] No active DependencyGraphPanel webview open.
[2026-08-26T16:24:24.193Z] No active DependencyGraphPanel webview open.
[2026-08-26T16:24:24.193Z] No active DependencyGraphPanel webview open.
[2026-08-26T16:24:24.194Z] No active DependencyGraphPanel webview open.
[2026-08-26T16:24:24.194Z] No active DependencyGraphPanel webview open.
[2026-08-26T16:24:24.194Z] No active DependencyGraphPanel webview open.
[2026-08-26T16:24:24.195Z] No active DependencyGraphPanel webview open.
[2026-08-26T16:24:24.195Z] No active DependencyGraphPanel webview open.
[2026-08-26T16:24:24.195Z] No active DependencyGraphPanel webview open.
[2026-08-26T16:24:24.195Z] No active DependencyGraphPanel webview open.
[2026-08-26T16:24:24.196Z] No active DependencyGraphPanel webview open.
[2026-08-26T16:24:24.196Z] No active DependencyGraphPanel webview open.
[2026-08-26T16:24:24.196Z] No active DependencyGraphPanel webview open.
[2026-08-26T16:24:24.197Z] No active DependencyGraphPanel webview open.
[2026-08-26T16:24:24.197Z] No active DependencyGraphPanel webview open.
[2026-08-26T16:24:24.197Z] No active DependencyGraphPanel webview open.
[2026-08-26T16:24:24.197Z] No active DependencyGraphPanel webview open.
[2026-08-26T16:24:24.198Z] No active DependencyGraphPanel webview open.
[2026-08-26T16:24:24.198Z] No active DependencyGraphPanel webview open.
[2026-08-26T16:24:24.198Z] No active DependencyGraphPanel webview open.
[2026-08-26T16:24:24.198Z] No active DependencyGraphPanel webview open.
[2026-08-26T16:24:24.199Z] No active DependencyGraphPanel webview open.
[2026-08-26T16:24:24.199Z] No active DependencyGraphPanel webview open.
[2026-08-26T16:24:24.199Z] No active DependencyGraphPanel webview open.
[2026-08-26T16:24:24.200Z] No active DependencyGraphPanel webview open.
[2026-08-26T16:24:24.200Z] No active DependencyGraphPanel webview open.
[2026-08-26T16:24:24.200Z] No active DependencyGraphPanel webview open.
[2026-08-26T16:24:24.201Z] No active DependencyGraphPanel webview open.
[2026-08-26T16:24:24.201Z] No active DependencyGraphPanel webview open.
[2026-08-26T16:24:24.201Z] No active DependencyGraphPanel webview open.
[2026-08-26T16:24:24.201Z] No active DependencyGraphPanel webview open.
[2026-08-26T16:24:24.202Z] No active DependencyGraphPanel webview open.
[2026-08-26T16:24:24.202Z] No active DependencyGraphPanel webview open.
[2026-08-26T16:24:24.203Z] No active DependencyGraphPanel webview open.
[2026-08-26T16:24:24.435Z] runPostScanAnalysis started. Current nodes count: 412
[2026-08-26T16:24:24.457Z] runPostScanAnalysis started. Current nodes count: 413
[2026-08-26T16:24:24.479Z] runPostScanAnalysis started. Current nodes count: 414
[2026-08-26T16:24:24.496Z] runPostScanAnalysis started. Current nodes count: 415
[2026-08-26T16:24:24.513Z] runPostScanAnalysis started. Current nodes count: 416
[2026-08-26T16:24:24.529Z] runPostScanAnalysis started. Current nodes count: 417
[2026-08-26T16:24:24.549Z] runPostScanAnalysis started. Current nodes count: 418
[2026-08-26T16:24:24.573Z] runPostScanAnalysis started. Current nodes count: 419
[2026-08-26T16:24:24.590Z] runPostScanAnalysis started. Current nodes count: 420
[2026-08-26T16:24:24.606Z] runPostScanAnalysis started. Current nodes count: 421
[2026-08-26T16:24:24.622Z] runPostScanAnalysis started. Current nodes count: 422
[2026-08-26T16:24:24.643Z] runPostScanAnalysis started. Current nodes count: 423
[2026-08-26T16:24:24.659Z] runPostScanAnalysis started. Current nodes count: 424
[2026-08-26T16:24:24.675Z] runPostScanAnalysis started. Current nodes count: 425
[2026-08-26T16:24:24.692Z] runPostScanAnalysis started. Current nodes count: 426
[2026-08-26T16:24:24.708Z] runPostScanAnalysis started. Current nodes count: 427
[2026-08-26T16:24:24.726Z] runPostScanAnalysis started. Current nodes count: 428
[2026-08-26T16:24:24.743Z] runPostScanAnalysis started. Current nodes count: 429
[2026-08-26T16:24:24.774Z] runPostScanAnalysis started. Current nodes count: 430
[2026-08-26T16:24:24.791Z] runPostScanAnalysis started. Current nodes count: 431
[2026-08-26T16:24:24.818Z] runPostScanAnalysis started. Current nodes count: 432
[2026-08-26T16:24:24.835Z] runPostScanAnalysis started. Current nodes count: 433
[2026-08-26T16:24:24.851Z] runPostScanAnalysis started. Current nodes count: 434
[2026-08-26T16:24:24.867Z] runPostScanAnalysis started. Current nodes count: 435
[2026-08-26T16:24:24.884Z] runPostScanAnalysis started. Current nodes count: 436
[2026-08-26T16:24:24.899Z] runPostScanAnalysis started. Current nodes count: 437
[2026-08-26T16:24:24.917Z] runPostScanAnalysis started. Current nodes count: 438
[2026-08-26T16:24:24.935Z] runPostScanAnalysis started. Current nodes count: 439
[2026-08-26T16:24:24.953Z] runPostScanAnalysis started. Current nodes count: 440
[2026-08-26T16:24:24.968Z] runPostScanAnalysis started. Current nodes count: 441
[2026-08-26T16:24:24.988Z] runPostScanAnalysis started. Current nodes count: 442
[2026-08-26T16:24:25.005Z] runPostScanAnalysis started. Current nodes count: 443
[2026-08-26T16:24:25.021Z] runPostScanAnalysis started. Current nodes count: 444
[2026-08-26T16:24:25.036Z] runPostScanAnalysis started. Current nodes count: 445
[2026-08-26T16:24:25.052Z] runPostScanAnalysis started. Current nodes count: 446
[2026-08-26T16:24:25.068Z] runPostScanAnalysis started. Current nodes count: 447
[2026-08-26T16:24:25.084Z] runPostScanAnalysis started. Current nodes count: 448
[2026-08-26T16:24:25.102Z] runPostScanAnalysis started. Current nodes count: 449
[2026-08-26T16:24:25.118Z] runPostScanAnalysis started. Current nodes count: 450
[2026-08-26T16:24:25.134Z] runPostScanAnalysis started. Current nodes count: 451
[2026-08-26T16:24:25.149Z] runPostScanAnalysis started. Current nodes count: 452
[2026-08-26T16:24:25.164Z] runPostScanAnalysis started. Current nodes count: 453
[2026-08-26T16:24:25.179Z] runPostScanAnalysis started. Current nodes count: 454
[2026-08-26T16:24:25.195Z] runPostScanAnalysis started. Current nodes count: 455
[2026-08-26T16:24:25.210Z] runPostScanAnalysis started. Current nodes count: 456
[2026-08-26T16:24:25.224Z] runPostScanAnalysis started. Current nodes count: 457
[2026-08-26T16:24:25.238Z] runPostScanAnalysis started. Current nodes count: 458
[2026-08-26T16:24:25.252Z] runPostScanAnalysis started. Current nodes count: 459
[2026-08-26T16:24:25.265Z] runPostScanAnalysis started. Current nodes count: 460
[2026-08-26T16:24:25.278Z] runPostScanAnalysis started. Current nodes count: 461
[2026-08-26T16:24:25.291Z] runPostScanAnalysis started. Current nodes count: 462
[2026-08-26T16:24:25.305Z] runPostScanAnalysis started. Current nodes count: 463
[2026-08-26T16:24:25.319Z] runPostScanAnalysis started. Current nodes count: 464
[2026-08-26T16:24:25.333Z] runPostScanAnalysis started. Current nodes count: 465
[2026-08-26T16:24:25.354Z] runPostScanAnalysis started. Current nodes count: 466
[2026-08-26T16:24:25.385Z] runPostScanAnalysis started. Current nodes count: 467
[2026-08-26T16:24:25.416Z] runPostScanAnalysis started. Current nodes count: 468
[2026-08-26T16:24:25.446Z] runPostScanAnalysis started. Current nodes count: 469
[2026-08-26T16:24:25.475Z] runPostScanAnalysis started. Current nodes count: 470
[2026-08-26T16:24:25.505Z] runPostScanAnalysis started. Current nodes count: 471
[2026-08-26T16:24:25.536Z] runPostScanAnalysis started. Current nodes count: 472
[2026-08-26T16:24:25.568Z] runPostScanAnalysis started. Current nodes count: 473
[2026-08-26T16:24:25.607Z] runPostScanAnalysis started. Current nodes count: 474
[2026-08-26T16:24:25.670Z] runPostScanAnalysis started. Current nodes count: 475
[2026-08-26T16:24:25.687Z] runPostScanAnalysis started. Current nodes count: 476
[2026-08-26T16:24:25.705Z] runPostScanAnalysis started. Current nodes count: 477
[2026-08-26T16:24:25.721Z] runPostScanAnalysis started. Current nodes count: 478
[2026-08-26T16:24:25.741Z] runPostScanAnalysis started. Current nodes count: 479
[2026-08-26T16:24:25.761Z] runPostScanAnalysis started. Current nodes count: 480
[2026-08-26T16:24:25.782Z] runPostScanAnalysis started. Current nodes count: 481
[2026-08-26T16:24:25.821Z] runPostScanAnalysis started. Current nodes count: 482
[2026-08-26T16:24:25.841Z] runPostScanAnalysis started. Current nodes count: 483
[2026-08-26T16:24:25.898Z] runPostScanAnalysis started. Current nodes count: 484
[2026-08-26T16:24:25.916Z] runPostScanAnalysis started. Current nodes count: 485
[2026-08-26T16:24:25.935Z] runPostScanAnalysis started. Current nodes count: 486
[2026-08-26T16:24:25.954Z] runPostScanAnalysis started. Current nodes count: 487
[2026-08-26T16:24:25.972Z] runPostScanAnalysis started. Current nodes count: 488
[2026-08-26T16:24:25.988Z] runPostScanAnalysis started. Current nodes count: 489
[2026-08-26T16:24:26.004Z] runPostScanAnalysis started. Current nodes count: 490
[2026-08-26T16:24:26.020Z] runPostScanAnalysis started. Current nodes count: 491
[2026-08-26T16:24:26.036Z] runPostScanAnalysis started. Current nodes count: 492
[2026-08-26T16:24:26.052Z] runPostScanAnalysis started. Current nodes count: 493
[2026-08-26T16:24:26.068Z] runPostScanAnalysis started. Current nodes count: 494
[2026-08-26T16:24:26.088Z] runPostScanAnalysis started. Current nodes count: 495
[2026-08-26T16:24:26.106Z] runPostScanAnalysis started. Current nodes count: 496
[2026-08-26T16:24:26.124Z] runPostScanAnalysis started. Current nodes count: 497
[2026-08-26T16:24:26.143Z] runPostScanAnalysis started. Current nodes count: 498
[2026-08-26T16:24:26.157Z] runPostScanAnalysis started. Current nodes count: 499
[2026-08-26T16:24:26.172Z] runPostScanAnalysis started. Current nodes count: 500
[2026-08-26T16:24:26.189Z] runPostScanAnalysis started. Current nodes count: 501
[2026-08-26T16:24:26.206Z] runPostScanAnalysis started. Current nodes count: 502
[2026-08-26T16:24:26.222Z] runPostScanAnalysis started. Current nodes count: 503
[2026-08-26T16:24:26.240Z] runPostScanAnalysis started. Current nodes count: 504
[2026-08-26T16:24:26.260Z] runPostScanAnalysis started. Current nodes count: 505
[2026-08-26T16:24:26.291Z] runPostScanAnalysis started. Current nodes count: 506
[2026-08-26T16:24:26.322Z] runPostScanAnalysis started. Current nodes count: 507
[2026-08-26T16:24:26.354Z] runPostScanAnalysis started. Current nodes count: 508
[2026-08-26T16:24:26.386Z] runPostScanAnalysis started. Current nodes count: 509
[2026-08-26T16:24:26.419Z] runPostScanAnalysis started. Current nodes count: 510
[2026-08-26T16:24:26.453Z] runPostScanAnalysis started. Current nodes count: 511
[2026-08-26T16:24:26.473Z] runPostScanAnalysis started. Current nodes count: 512
[2026-08-26T16:24:26.526Z] runPostScanAnalysis started. Current nodes count: 513
[2026-08-26T16:24:26.545Z] runPostScanAnalysis started. Current nodes count: 514
[2026-08-26T16:24:26.563Z] runPostScanAnalysis started. Current nodes count: 515
[2026-08-26T16:24:26.583Z] runPostScanAnalysis started. Current nodes count: 516
[2026-08-26T16:24:26.602Z] runPostScanAnalysis started. Current nodes count: 517
[2026-08-26T16:24:26.621Z] runPostScanAnalysis started. Current nodes count: 518
[2026-08-26T16:24:43.482Z] Extension activating. WorkspaceFolders found: ["/Users/jaffar/Desktop/MacBookPro14/IOTAGit/IOTADashboard","/Users/jaffar/Desktop/MacBookPro14/IOTAGit/IOTAApiServer","/Users/jaffar/Desktop/MacBookPro14/IOTAGit/IOTADocuments"]
[2026-08-26T16:24:43.486Z] runFullScan started
[2026-08-26T16:24:43.487Z] Discovering files...
[2026-08-26T16:24:47.607Z] Scan complete: 1835 files found, 0 cached, 1835 freshly parsed, 4120ms
[2026-08-26T16:24:47.609Z] runPostScanAnalysis started. Current nodes count: 1835
[2026-08-26T16:24:47.635Z] No active DependencyGraphPanel webview open.
[2026-08-26T16:24:47.636Z] runFullScan finished
[2026-08-26T16:25:17.751Z] runPostScanAnalysis started. Current nodes count: 1
[2026-08-26T16:25:17.756Z] No active DependencyGraphPanel webview open.
[2026-08-26T16:25:28.947Z] runPostScanAnalysis started. Current nodes count: 1
[2026-08-26T16:25:28.947Z] runPostScanAnalysis started. Current nodes count: 1
[2026-08-26T16:25:28.947Z] runPostScanAnalysis started. Current nodes count: 1
[2026-08-26T16:25:28.947Z] runPostScanAnalysis started. Current nodes count: 1
[2026-08-26T16:25:28.947Z] runPostScanAnalysis started. Current nodes count: 1
[2026-08-26T16:25:28.947Z] runPostScanAnalysis started. Current nodes count: 1
[2026-08-26T16:25:28.947Z] runPostScanAnalysis started. Current nodes count: 1
[2026-08-26T16:25:28.947Z] runPostScanAnalysis started. Current nodes count: 1
[2026-08-26T16:25:28.947Z] runPostScanAnalysis started. Current nodes count: 1
[2026-08-26T16:25:28.947Z] runPostScanAnalysis started. Current nodes count: 1
[2026-08-26T16:25:28.947Z] runPostScanAnalysis started. Current nodes count: 1
[2026-08-26T16:25:28.947Z] runPostScanAnalysis started. Current nodes count: 1
[2026-08-26T16:25:28.947Z] runPostScanAnalysis started. Current nodes count: 1
[2026-08-26T16:25:28.947Z] runPostScanAnalysis started. Current nodes count: 1
[2026-08-26T16:25:28.948Z] runPostScanAnalysis started. Current nodes count: 1
[2026-08-26T16:25:28.948Z] runPostScanAnalysis started. Current nodes count: 1
[2026-08-26T16:25:28.948Z] runPostScanAnalysis started. Current nodes count: 1
[2026-08-26T16:25:28.948Z] runPostScanAnalysis started. Current nodes count: 1
[2026-08-26T16:25:28.948Z] runPostScanAnalysis started. Current nodes count: 1
[2026-08-26T16:25:28.948Z] runPostScanAnalysis started. Current nodes count: 1
[2026-08-26T16:25:28.948Z] runPostScanAnalysis started. Current nodes count: 1
[2026-08-26T16:25:28.948Z] runPostScanAnalysis started. Current nodes count: 1
[2026-08-26T16:25:28.948Z] runPostScanAnalysis started. Current nodes count: 1
[2026-08-26T16:25:28.948Z] runPostScanAnalysis started. Current nodes count: 1
[2026-08-26T16:25:28.948Z] runPostScanAnalysis started. Current nodes count: 1
[2026-08-26T16:25:28.948Z] runPostScanAnalysis started. Current nodes count: 1
[2026-08-26T16:25:28.948Z] runPostScanAnalysis started. Current nodes count: 1
[2026-08-26T16:25:28.948Z] runPostScanAnalysis started. Current nodes count: 1
[2026-08-26T16:25:28.948Z] runPostScanAnalysis started. Current nodes count: 1
[2026-08-26T16:25:28.948Z] runPostScanAnalysis started. Current nodes count: 1
[2026-08-26T16:25:28.948Z] runPostScanAnalysis started. Current nodes count: 1
[2026-08-26T16:25:28.948Z] runPostScanAnalysis started. Current nodes count: 1
[2026-08-26T16:25:28.948Z] runPostScanAnalysis started. Current nodes count: 1
[2026-08-26T16:25:28.948Z] runPostScanAnalysis started. Current nodes count: 1
[2026-08-26T16:25:28.948Z] runPostScanAnalysis started. Current nodes count: 1
[2026-08-26T16:25:28.948Z] runPostScanAnalysis started. Current nodes count: 1
[2026-08-26T16:25:28.948Z] runPostScanAnalysis started. Current nodes count: 1
[2026-08-26T16:25:28.948Z] runPostScanAnalysis started. Current nodes count: 1
[2026-08-26T16:25:28.948Z] runPostScanAnalysis started. Current nodes count: 1
[2026-08-26T16:25:28.948Z] runPostScanAnalysis started. Current nodes count: 1
[2026-08-26T16:25:28.949Z] runPostScanAnalysis started. Current nodes count: 1
[2026-08-26T16:25:28.949Z] runPostScanAnalysis started. Current nodes count: 1
[2026-08-26T16:25:28.949Z] runPostScanAnalysis started. Current nodes count: 1
[2026-08-26T16:25:28.949Z] runPostScanAnalysis started. Current nodes count: 1
[2026-08-26T16:25:28.949Z] runPostScanAnalysis started. Current nodes count: 1
[2026-08-26T16:25:28.949Z] runPostScanAnalysis started. Current nodes count: 1
[2026-08-26T16:25:28.949Z] runPostScanAnalysis started. Current nodes count: 1
[2026-08-26T16:25:28.949Z] runPostScanAnalysis started. Current nodes count: 1
[2026-08-26T16:25:28.949Z] runPostScanAnalysis started. Current nodes count: 1
[2026-08-26T16:25:28.949Z] runPostScanAnalysis started. Current nodes count: 1
[2026-08-26T16:25:28.949Z] runPostScanAnalysis started. Current nodes count: 1
[2026-08-26T16:25:28.949Z] runPostScanAnalysis started. Current nodes count: 1
[2026-08-26T16:25:28.949Z] runPostScanAnalysis started. Current nodes count: 1
[2026-08-26T16:25:28.949Z] runPostScanAnalysis started. Current nodes count: 1
[2026-08-26T16:25:28.949Z] runPostScanAnalysis started. Current nodes count: 1
[2026-08-26T16:25:28.949Z] runPostScanAnalysis started. Current nodes count: 1
[2026-08-26T16:25:28.949Z] runPostScanAnalysis started. Current nodes count: 1
[2026-08-26T16:25:28.949Z] runPostScanAnalysis started. Current nodes count: 1
[2026-08-26T16:25:28.949Z] runPostScanAnalysis started. Current nodes count: 1
[2026-08-26T16:25:28.949Z] runPostScanAnalysis started. Current nodes count: 1
[2026-08-26T16:25:28.949Z] runPostScanAnalysis started. Current nodes count: 1
[2026-08-26T16:25:28.949Z] runPostScanAnalysis started. Current nodes count: 1
[2026-08-26T16:25:28.949Z] runPostScanAnalysis started. Current nodes count: 1
[2026-08-26T16:25:28.949Z] runPostScanAnalysis started. Current nodes count: 1
[2026-08-26T16:25:28.949Z] runPostScanAnalysis started. Current nodes count: 1
[2026-08-26T16:25:28.949Z] runPostScanAnalysis started. Current nodes count: 1
[2026-08-26T16:25:28.949Z] runPostScanAnalysis started. Current nodes count: 1
[2026-08-26T16:25:28.950Z] runPostScanAnalysis started. Current nodes count: 1
[2026-08-26T16:25:28.950Z] runPostScanAnalysis started. Current nodes count: 1
[2026-08-26T16:25:28.950Z] runPostScanAnalysis started. Current nodes count: 1
[2026-08-26T16:25:28.950Z] runPostScanAnalysis started. Current nodes count: 1
[2026-08-26T16:25:28.950Z] runPostScanAnalysis started. Current nodes count: 1
[2026-08-26T16:25:28.950Z] runPostScanAnalysis started. Current nodes count: 1
[2026-08-26T16:25:28.950Z] runPostScanAnalysis started. Current nodes count: 1
[2026-08-26T16:25:28.950Z] runPostScanAnalysis started. Current nodes count: 1
[2026-08-26T16:25:28.950Z] runPostScanAnalysis started. Current nodes count: 1
[2026-08-26T16:25:28.950Z] runPostScanAnalysis started. Current nodes count: 1
[2026-08-26T16:25:28.950Z] runPostScanAnalysis started. Current nodes count: 1
[2026-08-26T16:25:28.950Z] runPostScanAnalysis started. Current nodes count: 1
[2026-08-26T16:25:28.950Z] runPostScanAnalysis started. Current nodes count: 1
[2026-08-26T16:25:28.950Z] runPostScanAnalysis started. Current nodes count: 1
[2026-08-26T16:25:28.950Z] runPostScanAnalysis started. Current nodes count: 1
[2026-08-26T16:25:28.950Z] runPostScanAnalysis started. Current nodes count: 1
[2026-08-26T16:25:28.950Z] runPostScanAnalysis started. Current nodes count: 1
[2026-08-26T16:25:28.950Z] runPostScanAnalysis started. Current nodes count: 1
[2026-08-26T16:25:28.950Z] runPostScanAnalysis started. Current nodes count: 1
[2026-08-26T16:25:28.950Z] runPostScanAnalysis started. Current nodes count: 1
[2026-08-26T16:25:28.950Z] runPostScanAnalysis started. Current nodes count: 1
[2026-08-26T16:25:28.950Z] runPostScanAnalysis started. Current nodes count: 1
[2026-08-26T16:25:28.950Z] runPostScanAnalysis started. Current nodes count: 1
[2026-08-26T16:25:28.951Z] runPostScanAnalysis started. Current nodes count: 1
[2026-08-26T16:25:28.951Z] runPostScanAnalysis started. Current nodes count: 1
[2026-08-26T16:25:28.951Z] runPostScanAnalysis started. Current nodes count: 1
[2026-08-26T16:25:28.951Z] runPostScanAnalysis started. Current nodes count: 1
[2026-08-26T16:25:28.951Z] runPostScanAnalysis started. Current nodes count: 1
[2026-08-26T16:25:28.951Z] runPostScanAnalysis started. Current nodes count: 1
[2026-08-26T16:25:28.951Z] runPostScanAnalysis started. Current nodes count: 1
[2026-08-26T16:25:28.951Z] runPostScanAnalysis started. Current nodes count: 1
[2026-08-26T16:25:28.951Z] runPostScanAnalysis started. Current nodes count: 1
[2026-08-26T16:25:28.951Z] runPostScanAnalysis started. Current nodes count: 1
[2026-08-26T16:25:28.951Z] runPostScanAnalysis started. Current nodes count: 1
[2026-08-26T16:25:28.951Z] runPostScanAnalysis started. Current nodes count: 1
[2026-08-26T16:25:28.951Z] runPostScanAnalysis started. Current nodes count: 1
[2026-08-26T16:25:28.951Z] runPostScanAnalysis started. Current nodes count: 1
[2026-08-26T16:25:28.951Z] runPostScanAnalysis started. Current nodes count: 1
[2026-08-26T16:25:28.951Z] runPostScanAnalysis started. Current nodes count: 1
[2026-08-26T16:25:28.951Z] runPostScanAnalysis started. Current nodes count: 1
[2026-08-26T16:25:28.951Z] runPostScanAnalysis started. Current nodes count: 1
[2026-08-26T16:25:28.951Z] runPostScanAnalysis started. Current nodes count: 1
[2026-08-26T16:25:28.951Z] runPostScanAnalysis started. Current nodes count: 1
[2026-08-26T16:25:28.951Z] runPostScanAnalysis started. Current nodes count: 1
[2026-08-26T16:25:28.951Z] runPostScanAnalysis started. Current nodes count: 1
[2026-08-26T16:25:28.951Z] runPostScanAnalysis started. Current nodes count: 1
[2026-08-26T16:25:28.952Z] runPostScanAnalysis started. Current nodes count: 1
[2026-08-26T16:25:28.952Z] runPostScanAnalysis started. Current nodes count: 1
[2026-08-26T16:25:28.952Z] runPostScanAnalysis started. Current nodes count: 1
[2026-08-26T16:25:28.952Z] runPostScanAnalysis started. Current nodes count: 1
[2026-08-26T16:25:28.952Z] runPostScanAnalysis started. Current nodes count: 1
[2026-08-26T16:25:28.952Z] runPostScanAnalysis started. Current nodes count: 1
[2026-08-26T16:25:28.952Z] runPostScanAnalysis started. Current nodes count: 1
[2026-08-26T16:25:28.952Z] runPostScanAnalysis started. Current nodes count: 1
[2026-08-26T16:25:28.952Z] runPostScanAnalysis started. Current nodes count: 1
[2026-08-26T16:25:28.952Z] runPostScanAnalysis started. Current nodes count: 1
[2026-08-26T16:25:28.952Z] runPostScanAnalysis started. Current nodes count: 1
[2026-08-26T16:25:28.952Z] runPostScanAnalysis started. Current nodes count: 1
[2026-08-26T16:25:28.952Z] runPostScanAnalysis started. Current nodes count: 1
[2026-08-26T16:25:28.952Z] runPostScanAnalysis started. Current nodes count: 1
[2026-08-26T16:25:28.952Z] runPostScanAnalysis started. Current nodes count: 1
[2026-08-26T16:25:28.952Z] runPostScanAnalysis started. Current nodes count: 1
[2026-08-26T16:25:28.952Z] runPostScanAnalysis started. Current nodes count: 1
[2026-08-26T16:25:28.952Z] runPostScanAnalysis started. Current nodes count: 1
[2026-08-26T16:25:28.952Z] runPostScanAnalysis started. Current nodes count: 1
[2026-08-26T16:25:28.952Z] runPostScanAnalysis started. Current nodes count: 1
[2026-08-26T16:25:28.952Z] runPostScanAnalysis started. Current nodes count: 1
[2026-08-26T16:25:28.952Z] runPostScanAnalysis started. Current nodes count: 1
[2026-08-26T16:25:28.952Z] runPostScanAnalysis started. Current nodes count: 1
[2026-08-26T16:25:28.952Z] runPostScanAnalysis started. Current nodes count: 1
[2026-08-26T16:25:28.953Z] runPostScanAnalysis started. Current nodes count: 1
[2026-08-26T16:25:28.953Z] runPostScanAnalysis started. Current nodes count: 1
[2026-08-26T16:25:28.953Z] runPostScanAnalysis started. Current nodes count: 1
[2026-08-26T16:25:28.953Z] runPostScanAnalysis started. Current nodes count: 1
[2026-08-26T16:25:28.953Z] runPostScanAnalysis started. Current nodes count: 1
[2026-08-26T16:25:28.953Z] runPostScanAnalysis started. Current nodes count: 1
[2026-08-26T16:25:28.953Z] runPostScanAnalysis started. Current nodes count: 1
[2026-08-26T16:25:28.953Z] runPostScanAnalysis started. Current nodes count: 1
[2026-08-26T16:25:28.953Z] runPostScanAnalysis started. Current nodes count: 1
[2026-08-26T16:25:28.953Z] runPostScanAnalysis started. Current nodes count: 1
[2026-08-26T16:25:28.953Z] runPostScanAnalysis started. Current nodes count: 1
[2026-08-26T16:25:28.953Z] runPostScanAnalysis started. Current nodes count: 1
[2026-08-26T16:25:28.953Z] runPostScanAnalysis started. Current nodes count: 1
[2026-08-26T16:25:28.953Z] runPostScanAnalysis started. Current nodes count: 1
[2026-08-26T16:25:28.953Z] runPostScanAnalysis started. Current nodes count: 1
[2026-08-26T16:25:28.953Z] runPostScanAnalysis started. Current nodes count: 1
[2026-08-26T16:25:28.953Z] runPostScanAnalysis started. Current nodes count: 1
[2026-08-26T16:25:28.953Z] runPostScanAnalysis started. Current nodes count: 1
[2026-08-26T16:25:28.953Z] runPostScanAnalysis started. Current nodes count: 1
[2026-08-26T16:25:28.953Z] runPostScanAnalysis started. Current nodes count: 1
[2026-08-26T16:25:28.953Z] runPostScanAnalysis started. Current nodes count: 1
[2026-08-26T16:25:28.953Z] runPostScanAnalysis started. Current nodes count: 1
[2026-08-26T16:25:28.953Z] runPostScanAnalysis started. Current nodes count: 1
[2026-08-26T16:25:28.953Z] runPostScanAnalysis started. Current nodes count: 1
[2026-08-26T16:25:28.953Z] runPostScanAnalysis started. Current nodes count: 1
[2026-08-26T16:25:28.954Z] runPostScanAnalysis started. Current nodes count: 1
[2026-08-26T16:25:28.954Z] runPostScanAnalysis started. Current nodes count: 1
[2026-08-26T16:25:28.954Z] runPostScanAnalysis started. Current nodes count: 1
[2026-08-26T16:25:28.954Z] runPostScanAnalysis started. Current nodes count: 1
[2026-08-26T16:25:28.954Z] runPostScanAnalysis started. Current nodes count: 1
[2026-08-26T16:25:28.954Z] runPostScanAnalysis started. Current nodes count: 1
[2026-08-26T16:25:28.954Z] runPostScanAnalysis started. Current nodes count: 1
[2026-08-26T16:25:28.954Z] runPostScanAnalysis started. Current nodes count: 1
[2026-08-26T16:25:28.954Z] runPostScanAnalysis started. Current nodes count: 1
[2026-08-26T16:25:28.954Z] runPostScanAnalysis started. Current nodes count: 1
[2026-08-26T16:25:28.954Z] runPostScanAnalysis started. Current nodes count: 1
[2026-08-26T16:25:28.954Z] runPostScanAnalysis started. Current nodes count: 1
[2026-08-26T16:25:28.954Z] runPostScanAnalysis started. Current nodes count: 1
[2026-08-26T16:25:28.954Z] runPostScanAnalysis started. Current nodes count: 1
[2026-08-26T16:25:28.954Z] runPostScanAnalysis started. Current nodes count: 1
[2026-08-26T16:25:28.954Z] runPostScanAnalysis started. Current nodes count: 1
[2026-08-26T16:25:28.954Z] runPostScanAnalysis started. Current nodes count: 1
[2026-08-26T16:25:28.954Z] runPostScanAnalysis started. Current nodes count: 1
[2026-08-26T16:25:28.954Z] runPostScanAnalysis started. Current nodes count: 1
[2026-08-26T16:25:28.954Z] runPostScanAnalysis started. Current nodes count: 1
[2026-08-26T16:25:28.954Z] runPostScanAnalysis started. Current nodes count: 1
[2026-08-26T16:25:28.954Z] runPostScanAnalysis started. Current nodes count: 1
[2026-08-26T16:25:28.954Z] runPostScanAnalysis started. Current nodes count: 1
[2026-08-26T16:25:28.954Z] runPostScanAnalysis started. Current nodes count: 1
[2026-08-26T16:25:28.954Z] runPostScanAnalysis started. Current nodes count: 1
[2026-08-26T16:25:29.098Z] No active DependencyGraphPanel webview open.
[2026-08-26T16:25:29.099Z] No active DependencyGraphPanel webview open.
[2026-08-26T16:25:29.099Z] No active DependencyGraphPanel webview open.
[2026-08-26T16:25:29.099Z] No active DependencyGraphPanel webview open.
[2026-08-26T16:25:29.099Z] No active DependencyGraphPanel webview open.
[2026-08-26T16:25:29.100Z] No active DependencyGraphPanel webview open.
[2026-08-26T16:25:29.100Z] No active DependencyGraphPanel webview open.
[2026-08-26T16:25:29.100Z] No active DependencyGraphPanel webview open.
[2026-08-26T16:25:29.100Z] No active DependencyGraphPanel webview open.
[2026-08-26T16:25:29.100Z] No active DependencyGraphPanel webview open.
[2026-08-26T16:25:29.101Z] No active DependencyGraphPanel webview open.
[2026-08-26T16:25:29.101Z] No active DependencyGraphPanel webview open.
[2026-08-26T16:25:29.101Z] No active DependencyGraphPanel webview open.
[2026-08-26T16:25:29.101Z] No active DependencyGraphPanel webview open.
[2026-08-26T16:25:29.101Z] No active DependencyGraphPanel webview open.
[2026-08-26T16:25:29.101Z] No active DependencyGraphPanel webview open.
[2026-08-26T16:25:29.102Z] No active DependencyGraphPanel webview open.
[2026-08-26T16:25:29.102Z] No active DependencyGraphPanel webview open.
[2026-08-26T16:25:29.102Z] No active DependencyGraphPanel webview open.
[2026-08-26T16:25:29.102Z] No active DependencyGraphPanel webview open.
[2026-08-26T16:25:29.102Z] No active DependencyGraphPanel webview open.
[2026-08-26T16:25:29.102Z] No active DependencyGraphPanel webview open.
[2026-08-26T16:25:29.103Z] No active DependencyGraphPanel webview open.
[2026-08-26T16:25:29.103Z] No active DependencyGraphPanel webview open.
[2026-08-26T16:25:29.103Z] No active DependencyGraphPanel webview open.
[2026-08-26T16:25:29.103Z] No active DependencyGraphPanel webview open.
[2026-08-26T16:25:29.103Z] No active DependencyGraphPanel webview open.
[2026-08-26T16:25:29.103Z] No active DependencyGraphPanel webview open.
[2026-08-26T16:25:29.103Z] No active DependencyGraphPanel webview open.
[2026-08-26T16:25:29.104Z] No active DependencyGraphPanel webview open.
[2026-08-26T16:25:29.104Z] No active DependencyGraphPanel webview open.
[2026-08-26T16:25:29.104Z] No active DependencyGraphPanel webview open.
[2026-08-26T16:25:29.104Z] No active DependencyGraphPanel webview open.
[2026-08-26T16:25:29.104Z] No active DependencyGraphPanel webview open.
[2026-08-26T16:25:29.104Z] No active DependencyGraphPanel webview open.
[2026-08-26T16:25:29.105Z] No active DependencyGraphPanel webview open.
[2026-08-26T16:25:29.105Z] No active DependencyGraphPanel webview open.
[2026-08-26T16:25:29.105Z] No active DependencyGraphPanel webview open.
[2026-08-26T16:25:29.105Z] No active DependencyGraphPanel webview open.
[2026-08-26T16:25:29.105Z] No active DependencyGraphPanel webview open.
[2026-08-26T16:25:29.105Z] No active DependencyGraphPanel webview open.
[2026-08-26T16:25:29.105Z] No active DependencyGraphPanel webview open.
[2026-08-26T16:25:29.106Z] No active DependencyGraphPanel webview open.
[2026-08-26T16:25:29.106Z] No active DependencyGraphPanel webview open.
[2026-08-26T16:25:29.106Z] No active DependencyGraphPanel webview open.
[2026-08-26T16:25:29.106Z] No active DependencyGraphPanel webview open.
[2026-08-26T16:25:29.106Z] No active DependencyGraphPanel webview open.
[2026-08-26T16:25:29.106Z] No active DependencyGraphPanel webview open.
[2026-08-26T16:25:29.107Z] No active DependencyGraphPanel webview open.
[2026-08-26T16:25:29.107Z] No active DependencyGraphPanel webview open.
[2026-08-26T16:25:29.107Z] No active DependencyGraphPanel webview open.
[2026-08-26T16:25:29.107Z] No active DependencyGraphPanel webview open.
[2026-08-26T16:25:29.107Z] No active DependencyGraphPanel webview open.
[2026-08-26T16:25:29.107Z] No active DependencyGraphPanel webview open.
[2026-08-26T16:25:29.108Z] No active DependencyGraphPanel webview open.
[2026-08-26T16:25:29.108Z] No active DependencyGraphPanel webview open.
[2026-08-26T16:25:29.108Z] No active DependencyGraphPanel webview open.
[2026-08-26T16:25:29.108Z] No active DependencyGraphPanel webview open.
[2026-08-26T16:25:29.108Z] No active DependencyGraphPanel webview open.
[2026-08-26T16:25:29.108Z] No active DependencyGraphPanel webview open.
[2026-08-26T16:25:29.108Z] No active DependencyGraphPanel webview open.
[2026-08-26T16:25:29.109Z] No active DependencyGraphPanel webview open.
[2026-08-26T16:25:29.109Z] No active DependencyGraphPanel webview open.
[2026-08-26T16:25:29.109Z] No active DependencyGraphPanel webview open.
[2026-08-26T16:25:29.109Z] No active DependencyGraphPanel webview open.
[2026-08-26T16:25:29.109Z] No active DependencyGraphPanel webview open.
[2026-08-26T16:25:29.109Z] No active DependencyGraphPanel webview open.
[2026-08-26T16:25:29.110Z] No active DependencyGraphPanel webview open.
[2026-08-26T16:25:29.110Z] No active DependencyGraphPanel webview open.
[2026-08-26T16:25:29.110Z] No active DependencyGraphPanel webview open.
[2026-08-26T16:25:29.110Z] No active DependencyGraphPanel webview open.
[2026-08-26T16:25:29.110Z] No active DependencyGraphPanel webview open.
[2026-08-26T16:25:29.110Z] No active DependencyGraphPanel webview open.
[2026-08-26T16:25:29.110Z] No active DependencyGraphPanel webview open.
[2026-08-26T16:25:29.111Z] No active DependencyGraphPanel webview open.
[2026-08-26T16:25:29.111Z] No active DependencyGraphPanel webview open.
[2026-08-26T16:25:29.111Z] No active DependencyGraphPanel webview open.
[2026-08-26T16:25:29.111Z] No active DependencyGraphPanel webview open.
[2026-08-26T16:25:29.111Z] No active DependencyGraphPanel webview open.
[2026-08-26T16:25:29.111Z] No active DependencyGraphPanel webview open.
[2026-08-26T16:25:29.112Z] No active DependencyGraphPanel webview open.
[2026-08-26T16:25:29.112Z] No active DependencyGraphPanel webview open.
[2026-08-26T16:25:29.112Z] No active DependencyGraphPanel webview open.
[2026-08-26T16:25:29.112Z] No active DependencyGraphPanel webview open.
[2026-08-26T16:25:29.112Z] No active DependencyGraphPanel webview open.
[2026-08-26T16:25:29.112Z] No active DependencyGraphPanel webview open.
[2026-08-26T16:25:29.112Z] No active DependencyGraphPanel webview open.
[2026-08-26T16:25:29.113Z] No active DependencyGraphPanel webview open.
[2026-08-26T16:25:29.113Z] No active DependencyGraphPanel webview open.
[2026-08-26T16:25:29.113Z] No active DependencyGraphPanel webview open.
[2026-08-26T16:25:29.113Z] No active DependencyGraphPanel webview open.
[2026-08-26T16:25:29.113Z] No active DependencyGraphPanel webview open.
[2026-08-26T16:25:29.113Z] No active DependencyGraphPanel webview open.
[2026-08-26T16:25:29.114Z] No active DependencyGraphPanel webview open.
[2026-08-26T16:25:29.114Z] No active DependencyGraphPanel webview open.
[2026-08-26T16:25:29.114Z] No active DependencyGraphPanel webview open.
[2026-08-26T16:25:29.114Z] No active DependencyGraphPanel webview open.
[2026-08-26T16:25:29.114Z] No active DependencyGraphPanel webview open.
[2026-08-26T16:25:29.114Z] No active DependencyGraphPanel webview open.
[2026-08-26T16:25:29.114Z] No active DependencyGraphPanel webview open.
[2026-08-26T16:25:29.115Z] No active DependencyGraphPanel webview open.
[2026-08-26T16:25:29.115Z] No active DependencyGraphPanel webview open.
[2026-08-26T16:25:29.115Z] No active DependencyGraphPanel webview open.
[2026-08-26T16:25:29.115Z] No active DependencyGraphPanel webview open.
[2026-08-26T16:25:29.115Z] No active DependencyGraphPanel webview open.
[2026-08-26T16:25:29.115Z] No active DependencyGraphPanel webview open.
[2026-08-26T16:25:29.116Z] No active DependencyGraphPanel webview open.
[2026-08-26T16:25:29.116Z] No active DependencyGraphPanel webview open.
[2026-08-26T16:25:29.116Z] No active DependencyGraphPanel webview open.
[2026-08-26T16:25:29.116Z] No active DependencyGraphPanel webview open.
[2026-08-26T16:25:29.116Z] No active DependencyGraphPanel webview open.
[2026-08-26T16:25:29.116Z] No active DependencyGraphPanel webview open.
[2026-08-26T16:25:29.116Z] No active DependencyGraphPanel webview open.
[2026-08-26T16:25:29.117Z] No active DependencyGraphPanel webview open.
[2026-08-26T16:25:29.117Z] No active DependencyGraphPanel webview open.
[2026-08-26T16:25:29.117Z] No active DependencyGraphPanel webview open.
[2026-08-26T16:25:29.117Z] No active DependencyGraphPanel webview open.
[2026-08-26T16:25:29.117Z] No active DependencyGraphPanel webview open.
[2026-08-26T16:25:29.117Z] No active DependencyGraphPanel webview open.
[2026-08-26T16:25:29.118Z] No active DependencyGraphPanel webview open.
[2026-08-26T16:25:29.118Z] No active DependencyGraphPanel webview open.
[2026-08-26T16:25:29.118Z] No active DependencyGraphPanel webview open.
[2026-08-26T16:25:29.118Z] No active DependencyGraphPanel webview open.
[2026-08-26T16:25:29.118Z] No active DependencyGraphPanel webview open.
[2026-08-26T16:25:29.118Z] No active DependencyGraphPanel webview open.
[2026-08-26T16:25:29.119Z] No active DependencyGraphPanel webview open.
[2026-08-26T16:25:29.119Z] No active DependencyGraphPanel webview open.
[2026-08-26T16:25:29.119Z] No active DependencyGraphPanel webview open.
[2026-08-26T16:25:29.119Z] No active DependencyGraphPanel webview open.
[2026-08-26T16:25:29.119Z] No active DependencyGraphPanel webview open.
[2026-08-26T16:25:29.119Z] No active DependencyGraphPanel webview open.
[2026-08-26T16:25:29.120Z] No active DependencyGraphPanel webview open.
[2026-08-26T16:25:29.120Z] No active DependencyGraphPanel webview open.
[2026-08-26T16:25:29.120Z] No active DependencyGraphPanel webview open.
[2026-08-26T16:25:29.120Z] No active DependencyGraphPanel webview open.
[2026-08-26T16:25:29.120Z] No active DependencyGraphPanel webview open.
[2026-08-26T16:25:29.120Z] No active DependencyGraphPanel webview open.
[2026-08-26T16:25:29.120Z] No active DependencyGraphPanel webview open.
[2026-08-26T16:25:29.121Z] No active DependencyGraphPanel webview open.
[2026-08-26T16:25:29.121Z] No active DependencyGraphPanel webview open.
[2026-08-26T16:25:29.121Z] No active DependencyGraphPanel webview open.
[2026-08-26T16:25:29.121Z] No active DependencyGraphPanel webview open.
[2026-08-26T16:25:29.121Z] No active DependencyGraphPanel webview open.
[2026-08-26T16:25:29.121Z] No active DependencyGraphPanel webview open.
[2026-08-26T16:25:29.121Z] No active DependencyGraphPanel webview open.
[2026-08-26T16:25:29.122Z] No active DependencyGraphPanel webview open.
[2026-08-26T16:25:29.122Z] No active DependencyGraphPanel webview open.
[2026-08-26T16:25:29.122Z] No active DependencyGraphPanel webview open.
[2026-08-26T16:25:29.122Z] No active DependencyGraphPanel webview open.
[2026-08-26T16:25:29.122Z] No active DependencyGraphPanel webview open.
[2026-08-26T16:25:29.122Z] No active DependencyGraphPanel webview open.
[2026-08-26T16:25:29.122Z] No active DependencyGraphPanel webview open.
[2026-08-26T16:25:29.123Z] No active DependencyGraphPanel webview open.
[2026-08-26T16:25:29.123Z] No active DependencyGraphPanel webview open.
[2026-08-26T16:25:29.123Z] No active DependencyGraphPanel webview open.
[2026-08-26T16:25:29.123Z] No active DependencyGraphPanel webview open.
[2026-08-26T16:25:29.123Z] No active DependencyGraphPanel webview open.
[2026-08-26T16:25:29.123Z] No active DependencyGraphPanel webview open.
[2026-08-26T16:25:29.123Z] No active DependencyGraphPanel webview open.
[2026-08-26T16:25:29.124Z] No active DependencyGraphPanel webview open.
[2026-08-26T16:25:29.124Z] No active DependencyGraphPanel webview open.
[2026-08-26T16:25:29.124Z] No active DependencyGraphPanel webview open.
[2026-08-26T16:25:29.124Z] No active DependencyGraphPanel webview open.
[2026-08-26T16:25:29.124Z] No active DependencyGraphPanel webview open.
[2026-08-26T16:25:29.124Z] No active DependencyGraphPanel webview open.
[2026-08-26T16:25:29.124Z] No active DependencyGraphPanel webview open.
[2026-08-26T16:25:29.125Z] No active DependencyGraphPanel webview open.
[2026-08-26T16:25:29.125Z] No active DependencyGraphPanel webview open.
[2026-08-26T16:25:29.125Z] No active DependencyGraphPanel webview open.
[2026-08-26T16:25:29.125Z] No active DependencyGraphPanel webview open.
[2026-08-26T16:25:29.125Z] No active DependencyGraphPanel webview open.
[2026-08-26T16:25:29.125Z] No active DependencyGraphPanel webview open.
[2026-08-26T16:25:29.125Z] No active DependencyGraphPanel webview open.
[2026-08-26T16:25:29.126Z] No active DependencyGraphPanel webview open.
[2026-08-26T16:25:29.126Z] No active DependencyGraphPanel webview open.
[2026-08-26T16:25:29.126Z] No active DependencyGraphPanel webview open.
[2026-08-26T16:25:29.126Z] No active DependencyGraphPanel webview open.
[2026-08-26T16:25:29.126Z] No active DependencyGraphPanel webview open.
[2026-08-26T16:25:29.126Z] No active DependencyGraphPanel webview open.
[2026-08-26T16:25:29.126Z] No active DependencyGraphPanel webview open.
[2026-08-26T16:25:29.127Z] No active DependencyGraphPanel webview open.
[2026-08-26T16:25:29.127Z] No active DependencyGraphPanel webview open.
[2026-08-26T16:25:29.127Z] No active DependencyGraphPanel webview open.
[2026-08-26T16:25:29.127Z] No active DependencyGraphPanel webview open.
[2026-08-26T16:25:29.127Z] No active DependencyGraphPanel webview open.
[2026-08-26T16:25:29.127Z] No active DependencyGraphPanel webview open.
[2026-08-26T16:25:29.127Z] No active DependencyGraphPanel webview open.
[2026-08-26T16:25:29.165Z] runPostScanAnalysis started. Current nodes count: 1
[2026-08-26T16:25:29.166Z] runPostScanAnalysis started. Current nodes count: 1
[2026-08-26T16:25:29.166Z] runPostScanAnalysis started. Current nodes count: 1
[2026-08-26T16:25:29.166Z] runPostScanAnalysis started. Current nodes count: 1
[2026-08-26T16:25:29.166Z] runPostScanAnalysis started. Current nodes count: 1
[2026-08-26T16:25:29.166Z] runPostScanAnalysis started. Current nodes count: 1
[2026-08-26T16:25:29.166Z] runPostScanAnalysis started. Current nodes count: 1
[2026-08-26T16:25:29.166Z] runPostScanAnalysis started. Current nodes count: 1
[2026-08-26T16:25:29.166Z] runPostScanAnalysis started. Current nodes count: 1
[2026-08-26T16:25:29.166Z] runPostScanAnalysis started. Current nodes count: 1
[2026-08-26T16:25:29.166Z] runPostScanAnalysis started. Current nodes count: 1
[2026-08-26T16:25:29.166Z] runPostScanAnalysis started. Current nodes count: 1
[2026-08-26T16:25:29.166Z] runPostScanAnalysis started. Current nodes count: 1
[2026-08-26T16:25:29.166Z] runPostScanAnalysis started. Current nodes count: 1
[2026-08-26T16:25:29.166Z] runPostScanAnalysis started. Current nodes count: 1
[2026-08-26T16:25:29.166Z] runPostScanAnalysis started. Current nodes count: 1
[2026-08-26T16:25:29.166Z] runPostScanAnalysis started. Current nodes count: 1
[2026-08-26T16:25:29.166Z] runPostScanAnalysis started. Current nodes count: 1
[2026-08-26T16:25:29.166Z] runPostScanAnalysis started. Current nodes count: 1
[2026-08-26T16:25:29.166Z] runPostScanAnalysis started. Current nodes count: 1
[2026-08-26T16:25:29.167Z] runPostScanAnalysis started. Current nodes count: 1
[2026-08-26T16:25:29.167Z] runPostScanAnalysis started. Current nodes count: 1
[2026-08-26T16:25:29.167Z] runPostScanAnalysis started. Current nodes count: 1
[2026-08-26T16:25:29.167Z] runPostScanAnalysis started. Current nodes count: 1
[2026-08-26T16:25:29.167Z] runPostScanAnalysis started. Current nodes count: 1
[2026-08-26T16:25:29.167Z] runPostScanAnalysis started. Current nodes count: 1
[2026-08-26T16:25:29.167Z] runPostScanAnalysis started. Current nodes count: 1
[2026-08-26T16:25:29.167Z] runPostScanAnalysis started. Current nodes count: 1
[2026-08-26T16:25:29.167Z] runPostScanAnalysis started. Current nodes count: 1
[2026-08-26T16:25:29.167Z] runPostScanAnalysis started. Current nodes count: 1
[2026-08-26T16:25:29.167Z] runPostScanAnalysis started. Current nodes count: 1
[2026-08-26T16:25:29.167Z] runPostScanAnalysis started. Current nodes count: 1
[2026-08-26T16:25:29.167Z] runPostScanAnalysis started. Current nodes count: 1
[2026-08-26T16:25:29.167Z] runPostScanAnalysis started. Current nodes count: 1
[2026-08-26T16:25:29.167Z] runPostScanAnalysis started. Current nodes count: 1
[2026-08-26T16:25:29.167Z] runPostScanAnalysis started. Current nodes count: 1
[2026-08-26T16:25:29.167Z] runPostScanAnalysis started. Current nodes count: 1
[2026-08-26T16:25:29.167Z] runPostScanAnalysis started. Current nodes count: 1
[2026-08-26T16:25:29.167Z] runPostScanAnalysis started. Current nodes count: 1
[2026-08-26T16:25:29.167Z] runPostScanAnalysis started. Current nodes count: 1
[2026-08-26T16:25:29.168Z] runPostScanAnalysis started. Current nodes count: 1
[2026-08-26T16:25:29.168Z] runPostScanAnalysis started. Current nodes count: 1
[2026-08-26T16:25:29.168Z] runPostScanAnalysis started. Current nodes count: 1
[2026-08-26T16:25:29.168Z] runPostScanAnalysis started. Current nodes count: 1
[2026-08-26T16:25:29.168Z] runPostScanAnalysis started. Current nodes count: 1
[2026-08-26T16:25:29.168Z] runPostScanAnalysis started. Current nodes count: 1
[2026-08-26T16:25:29.168Z] runPostScanAnalysis started. Current nodes count: 1
[2026-08-26T16:25:29.168Z] runPostScanAnalysis started. Current nodes count: 1
[2026-08-26T16:25:29.168Z] runPostScanAnalysis started. Current nodes count: 1
[2026-08-26T16:25:29.168Z] runPostScanAnalysis started. Current nodes count: 1
[2026-08-26T16:25:29.168Z] runPostScanAnalysis started. Current nodes count: 1
[2026-08-26T16:25:29.168Z] runPostScanAnalysis started. Current nodes count: 1
[2026-08-26T16:25:29.168Z] runPostScanAnalysis started. Current nodes count: 1
[2026-08-26T16:25:29.168Z] runPostScanAnalysis started. Current nodes count: 1
[2026-08-26T16:25:29.168Z] runPostScanAnalysis started. Current nodes count: 1
[2026-08-26T16:25:29.168Z] runPostScanAnalysis started. Current nodes count: 1
[2026-08-26T16:25:29.168Z] runPostScanAnalysis started. Current nodes count: 1
[2026-08-26T16:25:29.168Z] runPostScanAnalysis started. Current nodes count: 1
[2026-08-26T16:25:29.168Z] runPostScanAnalysis started. Current nodes count: 1
[2026-08-26T16:25:29.168Z] runPostScanAnalysis started. Current nodes count: 1
[2026-08-26T16:25:29.168Z] runPostScanAnalysis started. Current nodes count: 1
[2026-08-26T16:25:29.169Z] runPostScanAnalysis started. Current nodes count: 1
[2026-08-26T16:25:29.169Z] runPostScanAnalysis started. Current nodes count: 1
[2026-08-26T16:25:29.169Z] runPostScanAnalysis started. Current nodes count: 1
[2026-08-26T16:25:29.169Z] runPostScanAnalysis started. Current nodes count: 1
[2026-08-26T16:25:29.169Z] runPostScanAnalysis started. Current nodes count: 1
[2026-08-26T16:25:29.169Z] runPostScanAnalysis started. Current nodes count: 1
[2026-08-26T16:25:29.169Z] runPostScanAnalysis started. Current nodes count: 1
[2026-08-26T16:25:29.169Z] runPostScanAnalysis started. Current nodes count: 1
[2026-08-26T16:25:29.169Z] runPostScanAnalysis started. Current nodes count: 1
[2026-08-26T16:25:29.169Z] runPostScanAnalysis started. Current nodes count: 1
[2026-08-26T16:25:29.169Z] runPostScanAnalysis started. Current nodes count: 1
[2026-08-26T16:25:29.169Z] runPostScanAnalysis started. Current nodes count: 1
[2026-08-26T16:25:29.169Z] runPostScanAnalysis started. Current nodes count: 1
[2026-08-26T16:25:29.169Z] runPostScanAnalysis started. Current nodes count: 1
[2026-08-26T16:25:29.170Z] runPostScanAnalysis started. Current nodes count: 1
[2026-08-26T16:25:29.170Z] runPostScanAnalysis started. Current nodes count: 1
[2026-08-26T16:25:29.170Z] runPostScanAnalysis started. Current nodes count: 1
[2026-08-26T16:25:29.170Z] runPostScanAnalysis started. Current nodes count: 1
[2026-08-26T16:25:29.170Z] runPostScanAnalysis started. Current nodes count: 1
[2026-08-26T16:25:29.170Z] runPostScanAnalysis started. Current nodes count: 1
[2026-08-26T16:25:29.170Z] runPostScanAnalysis started. Current nodes count: 1
[2026-08-26T16:25:29.170Z] runPostScanAnalysis started. Current nodes count: 1
[2026-08-26T16:25:29.170Z] runPostScanAnalysis started. Current nodes count: 1
[2026-08-26T16:25:29.170Z] runPostScanAnalysis started. Current nodes count: 1
[2026-08-26T16:25:29.170Z] runPostScanAnalysis started. Current nodes count: 1
[2026-08-26T16:25:29.170Z] runPostScanAnalysis started. Current nodes count: 1
[2026-08-26T16:25:29.170Z] runPostScanAnalysis started. Current nodes count: 1
[2026-08-26T16:25:29.170Z] runPostScanAnalysis started. Current nodes count: 1
[2026-08-26T16:25:29.170Z] runPostScanAnalysis started. Current nodes count: 1
[2026-08-26T16:25:29.170Z] runPostScanAnalysis started. Current nodes count: 1
[2026-08-26T16:25:29.170Z] runPostScanAnalysis started. Current nodes count: 1
[2026-08-26T16:25:29.170Z] runPostScanAnalysis started. Current nodes count: 1
[2026-08-26T16:25:29.170Z] runPostScanAnalysis started. Current nodes count: 1
[2026-08-26T16:25:29.170Z] runPostScanAnalysis started. Current nodes count: 1
[2026-08-26T16:25:29.170Z] runPostScanAnalysis started. Current nodes count: 1
[2026-08-26T16:25:29.170Z] runPostScanAnalysis started. Current nodes count: 1
[2026-08-26T16:25:29.170Z] runPostScanAnalysis started. Current nodes count: 1
[2026-08-26T16:25:29.171Z] runPostScanAnalysis started. Current nodes count: 1
[2026-08-26T16:25:29.171Z] runPostScanAnalysis started. Current nodes count: 1
[2026-08-26T16:25:29.171Z] runPostScanAnalysis started. Current nodes count: 1
[2026-08-26T16:25:29.171Z] runPostScanAnalysis started. Current nodes count: 1
[2026-08-26T16:25:29.219Z] No active DependencyGraphPanel webview open.
[2026-08-26T16:25:29.219Z] No active DependencyGraphPanel webview open.
[2026-08-26T16:25:29.219Z] No active DependencyGraphPanel webview open.
[2026-08-26T16:25:29.220Z] No active DependencyGraphPanel webview open.
[2026-08-26T16:25:29.220Z] No active DependencyGraphPanel webview open.
[2026-08-26T16:25:29.220Z] No active DependencyGraphPanel webview open.
[2026-08-26T16:25:29.220Z] No active DependencyGraphPanel webview open.
[2026-08-26T16:25:29.220Z] No active DependencyGraphPanel webview open.
[2026-08-26T16:25:29.221Z] No active DependencyGraphPanel webview open.
[2026-08-26T16:25:29.221Z] No active DependencyGraphPanel webview open.
[2026-08-26T16:25:29.221Z] No active DependencyGraphPanel webview open.
[2026-08-26T16:25:29.221Z] No active DependencyGraphPanel webview open.
[2026-08-26T16:25:29.221Z] No active DependencyGraphPanel webview open.
[2026-08-26T16:25:29.222Z] No active DependencyGraphPanel webview open.
[2026-08-26T16:25:29.222Z] No active DependencyGraphPanel webview open.
[2026-08-26T16:25:29.222Z] No active DependencyGraphPanel webview open.
[2026-08-26T16:25:29.222Z] No active DependencyGraphPanel webview open.
[2026-08-26T16:25:29.222Z] No active DependencyGraphPanel webview open.
[2026-08-26T16:25:29.223Z] No active DependencyGraphPanel webview open.
[2026-08-26T16:25:29.223Z] No active DependencyGraphPanel webview open.
[2026-08-26T16:25:29.223Z] No active DependencyGraphPanel webview open.
[2026-08-26T16:25:29.223Z] No active DependencyGraphPanel webview open.
[2026-08-26T16:25:29.223Z] No active DependencyGraphPanel webview open.
[2026-08-26T16:25:29.223Z] No active DependencyGraphPanel webview open.
[2026-08-26T16:25:29.224Z] No active DependencyGraphPanel webview open.
[2026-08-26T16:25:29.224Z] No active DependencyGraphPanel webview open.
[2026-08-26T16:25:29.224Z] No active DependencyGraphPanel webview open.
[2026-08-26T16:25:29.224Z] No active DependencyGraphPanel webview open.
[2026-08-26T16:25:29.224Z] No active DependencyGraphPanel webview open.
[2026-08-26T16:25:29.224Z] No active DependencyGraphPanel webview open.
[2026-08-26T16:25:29.225Z] No active DependencyGraphPanel webview open.
[2026-08-26T16:25:29.225Z] No active DependencyGraphPanel webview open.
[2026-08-26T16:25:29.225Z] No active DependencyGraphPanel webview open.
[2026-08-26T16:25:29.225Z] No active DependencyGraphPanel webview open.
[2026-08-26T16:25:29.225Z] No active DependencyGraphPanel webview open.
[2026-08-26T16:25:29.225Z] No active DependencyGraphPanel webview open.
[2026-08-26T16:25:29.226Z] No active DependencyGraphPanel webview open.
[2026-08-26T16:25:29.226Z] No active DependencyGraphPanel webview open.
[2026-08-26T16:25:29.226Z] No active DependencyGraphPanel webview open.
[2026-08-26T16:25:29.226Z] No active DependencyGraphPanel webview open.
[2026-08-26T16:25:29.226Z] No active DependencyGraphPanel webview open.
[2026-08-26T16:25:29.226Z] No active DependencyGraphPanel webview open.
[2026-08-26T16:25:29.227Z] No active DependencyGraphPanel webview open.
[2026-08-26T16:25:29.227Z] No active DependencyGraphPanel webview open.
[2026-08-26T16:25:29.227Z] No active DependencyGraphPanel webview open.
[2026-08-26T16:25:29.227Z] No active DependencyGraphPanel webview open.
[2026-08-26T16:25:29.227Z] No active DependencyGraphPanel webview open.
[2026-08-26T16:25:29.227Z] No active DependencyGraphPanel webview open.
[2026-08-26T16:25:29.228Z] No active DependencyGraphPanel webview open.
[2026-08-26T16:25:29.228Z] No active DependencyGraphPanel webview open.
[2026-08-26T16:25:29.228Z] No active DependencyGraphPanel webview open.
[2026-08-26T16:25:29.228Z] No active DependencyGraphPanel webview open.
[2026-08-26T16:25:29.228Z] No active DependencyGraphPanel webview open.
[2026-08-26T16:25:29.228Z] No active DependencyGraphPanel webview open.
[2026-08-26T16:25:29.229Z] No active DependencyGraphPanel webview open.
[2026-08-26T16:25:29.229Z] No active DependencyGraphPanel webview open.
[2026-08-26T16:25:29.229Z] No active DependencyGraphPanel webview open.
[2026-08-26T16:25:29.229Z] No active DependencyGraphPanel webview open.
[2026-08-26T16:25:29.229Z] No active DependencyGraphPanel webview open.
[2026-08-26T16:25:29.229Z] No active DependencyGraphPanel webview open.
[2026-08-26T16:25:29.230Z] No active DependencyGraphPanel webview open.
[2026-08-26T16:25:29.230Z] No active DependencyGraphPanel webview open.
[2026-08-26T16:25:29.230Z] No active DependencyGraphPanel webview open.
[2026-08-26T16:25:29.230Z] No active DependencyGraphPanel webview open.
[2026-08-26T16:25:29.230Z] No active DependencyGraphPanel webview open.
[2026-08-26T16:25:29.230Z] No active DependencyGraphPanel webview open.
[2026-08-26T16:25:29.231Z] No active DependencyGraphPanel webview open.
[2026-08-26T16:25:29.231Z] No active DependencyGraphPanel webview open.
[2026-08-26T16:25:29.231Z] No active DependencyGraphPanel webview open.
[2026-08-26T16:25:29.231Z] No active DependencyGraphPanel webview open.
[2026-08-26T16:25:29.231Z] No active DependencyGraphPanel webview open.
[2026-08-26T16:25:29.231Z] No active DependencyGraphPanel webview open.
[2026-08-26T16:25:29.232Z] No active DependencyGraphPanel webview open.
[2026-08-26T16:25:29.232Z] No active DependencyGraphPanel webview open.
[2026-08-26T16:25:29.232Z] No active DependencyGraphPanel webview open.
[2026-08-26T16:25:29.232Z] No active DependencyGraphPanel webview open.
[2026-08-26T16:25:29.232Z] No active DependencyGraphPanel webview open.
[2026-08-26T16:25:29.233Z] No active DependencyGraphPanel webview open.
[2026-08-26T16:25:29.233Z] No active DependencyGraphPanel webview open.
[2026-08-26T16:25:29.233Z] No active DependencyGraphPanel webview open.
[2026-08-26T16:25:29.233Z] No active DependencyGraphPanel webview open.
[2026-08-26T16:25:29.233Z] No active DependencyGraphPanel webview open.
[2026-08-26T16:25:29.233Z] No active DependencyGraphPanel webview open.
[2026-08-26T16:25:29.234Z] No active DependencyGraphPanel webview open.
[2026-08-26T16:25:29.234Z] No active DependencyGraphPanel webview open.
[2026-08-26T16:25:29.234Z] No active DependencyGraphPanel webview open.
[2026-08-26T16:25:29.234Z] No active DependencyGraphPanel webview open.
[2026-08-26T16:25:29.234Z] No active DependencyGraphPanel webview open.
[2026-08-26T16:25:29.234Z] No active DependencyGraphPanel webview open.
[2026-08-26T16:25:29.235Z] No active DependencyGraphPanel webview open.
[2026-08-26T16:25:29.235Z] No active DependencyGraphPanel webview open.
[2026-08-26T16:25:29.235Z] No active DependencyGraphPanel webview open.
[2026-08-26T16:25:29.235Z] No active DependencyGraphPanel webview open.
[2026-08-26T16:25:29.235Z] No active DependencyGraphPanel webview open.
[2026-08-26T16:25:29.236Z] No active DependencyGraphPanel webview open.
[2026-08-26T16:25:29.236Z] No active DependencyGraphPanel webview open.
[2026-08-26T16:25:29.236Z] No active DependencyGraphPanel webview open.
[2026-08-26T16:25:29.236Z] No active DependencyGraphPanel webview open.
[2026-08-26T16:25:29.236Z] No active DependencyGraphPanel webview open.
[2026-08-26T16:25:29.236Z] No active DependencyGraphPanel webview open.
[2026-08-26T16:25:29.237Z] No active DependencyGraphPanel webview open.
[2026-08-26T16:25:29.237Z] No active DependencyGraphPanel webview open.
[2026-08-26T16:25:30.691Z] runPostScanAnalysis started. Current nodes count: 2
[2026-08-26T16:25:30.692Z] No active DependencyGraphPanel webview open.
[2026-08-26T16:25:30.718Z] runPostScanAnalysis started. Current nodes count: 3
[2026-08-26T16:25:30.719Z] No active DependencyGraphPanel webview open.
[2026-08-26T16:26:06.921Z] runPostScanAnalysis started. Current nodes count: 160
[2026-08-26T16:26:06.948Z] runPostScanAnalysis started. Current nodes count: 160
[2026-08-26T16:26:06.974Z] runPostScanAnalysis started. Current nodes count: 160
[2026-08-26T16:26:07.000Z] runPostScanAnalysis started. Current nodes count: 160
[2026-08-26T16:26:07.028Z] runPostScanAnalysis started. Current nodes count: 160
[2026-08-26T16:26:07.056Z] runPostScanAnalysis started. Current nodes count: 160
[2026-08-26T16:26:07.083Z] runPostScanAnalysis started. Current nodes count: 160
[2026-08-26T16:26:07.110Z] runPostScanAnalysis started. Current nodes count: 160
[2026-08-26T16:26:07.139Z] runPostScanAnalysis started. Current nodes count: 160
[2026-08-26T16:26:07.167Z] runPostScanAnalysis started. Current nodes count: 160
[2026-08-26T16:26:07.203Z] runPostScanAnalysis started. Current nodes count: 160
[2026-08-26T16:26:07.242Z] runPostScanAnalysis started. Current nodes count: 160
[2026-08-26T16:26:07.281Z] runPostScanAnalysis started. Current nodes count: 160
[2026-08-26T16:26:07.340Z] runPostScanAnalysis started. Current nodes count: 160
[2026-08-26T16:26:07.399Z] runPostScanAnalysis started. Current nodes count: 160
[2026-08-26T16:26:07.458Z] runPostScanAnalysis started. Current nodes count: 160
[2026-08-26T16:26:07.506Z] runPostScanAnalysis started. Current nodes count: 160
[2026-08-26T16:26:07.564Z] runPostScanAnalysis started. Current nodes count: 160
[2026-08-26T16:26:07.617Z] runPostScanAnalysis started. Current nodes count: 160
[2026-08-26T16:26:07.674Z] runPostScanAnalysis started. Current nodes count: 160
[2026-08-26T16:26:07.731Z] runPostScanAnalysis started. Current nodes count: 160
[2026-08-26T16:26:07.790Z] runPostScanAnalysis started. Current nodes count: 160
[2026-08-26T16:26:07.849Z] runPostScanAnalysis started. Current nodes count: 160
[2026-08-26T16:26:07.909Z] runPostScanAnalysis started. Current nodes count: 160
[2026-08-26T16:26:08.179Z] runPostScanAnalysis started. Current nodes count: 160
[2026-08-26T16:26:08.220Z] runPostScanAnalysis started. Current nodes count: 160
[2026-08-26T16:26:08.259Z] runPostScanAnalysis started. Current nodes count: 160
[2026-08-26T16:26:08.299Z] runPostScanAnalysis started. Current nodes count: 160
[2026-08-26T16:26:08.339Z] runPostScanAnalysis started. Current nodes count: 160
[2026-08-26T16:26:08.381Z] runPostScanAnalysis started. Current nodes count: 160
[2026-08-26T16:26:08.422Z] runPostScanAnalysis started. Current nodes count: 160
[2026-08-26T16:26:08.463Z] runPostScanAnalysis started. Current nodes count: 160
[2026-08-26T16:26:08.505Z] runPostScanAnalysis started. Current nodes count: 160
[2026-08-26T16:26:08.546Z] runPostScanAnalysis started. Current nodes count: 160
[2026-08-26T16:26:08.587Z] runPostScanAnalysis started. Current nodes count: 160
[2026-08-26T16:26:08.632Z] runPostScanAnalysis started. Current nodes count: 160
[2026-08-26T16:26:08.679Z] runPostScanAnalysis started. Current nodes count: 160
[2026-08-26T16:26:08.726Z] runPostScanAnalysis started. Current nodes count: 160
[2026-08-26T16:26:08.775Z] runPostScanAnalysis started. Current nodes count: 160
[2026-08-26T16:26:08.822Z] runPostScanAnalysis started. Current nodes count: 160
[2026-08-26T16:26:08.876Z] runPostScanAnalysis started. Current nodes count: 160
[2026-08-26T16:26:08.935Z] runPostScanAnalysis started. Current nodes count: 160
[2026-08-26T16:26:08.993Z] runPostScanAnalysis started. Current nodes count: 160
[2026-08-26T16:26:09.050Z] runPostScanAnalysis started. Current nodes count: 160
[2026-08-26T16:26:09.108Z] runPostScanAnalysis started. Current nodes count: 160
[2026-08-26T16:26:09.171Z] runPostScanAnalysis started. Current nodes count: 160
[2026-08-26T16:26:09.235Z] runPostScanAnalysis started. Current nodes count: 160
[2026-08-26T16:26:09.318Z] runPostScanAnalysis started. Current nodes count: 160
[2026-08-26T16:26:09.404Z] runPostScanAnalysis started. Current nodes count: 160
[2026-08-26T16:26:09.483Z] runPostScanAnalysis started. Current nodes count: 160
[2026-08-26T16:26:09.545Z] runPostScanAnalysis started. Current nodes count: 160
[2026-08-26T16:26:09.606Z] runPostScanAnalysis started. Current nodes count: 160
[2026-08-26T16:26:09.668Z] runPostScanAnalysis started. Current nodes count: 160
[2026-08-26T16:26:09.730Z] runPostScanAnalysis started. Current nodes count: 160
[2026-08-26T16:26:09.791Z] runPostScanAnalysis started. Current nodes count: 160
[2026-08-26T16:26:09.854Z] runPostScanAnalysis started. Current nodes count: 160
[2026-08-26T16:26:09.914Z] runPostScanAnalysis started. Current nodes count: 160
[2026-08-26T16:26:09.975Z] runPostScanAnalysis started. Current nodes count: 160
[2026-08-26T16:26:10.035Z] runPostScanAnalysis started. Current nodes count: 160
[2026-08-26T16:26:10.092Z] runPostScanAnalysis started. Current nodes count: 160
[2026-08-26T16:26:10.143Z] runPostScanAnalysis started. Current nodes count: 160
[2026-08-26T16:26:10.193Z] runPostScanAnalysis started. Current nodes count: 160
[2026-08-26T16:26:10.242Z] runPostScanAnalysis started. Current nodes count: 160
[2026-08-26T16:26:10.292Z] runPostScanAnalysis started. Current nodes count: 160
[2026-08-26T16:26:10.342Z] runPostScanAnalysis started. Current nodes count: 160
[2026-08-26T16:26:10.390Z] runPostScanAnalysis started. Current nodes count: 160
[2026-08-26T16:26:10.434Z] runPostScanAnalysis started. Current nodes count: 160
[2026-08-26T16:26:10.479Z] runPostScanAnalysis started. Current nodes count: 160
[2026-08-26T16:26:10.524Z] runPostScanAnalysis started. Current nodes count: 160
[2026-08-26T16:26:10.568Z] runPostScanAnalysis started. Current nodes count: 160
[2026-08-26T16:26:10.612Z] runPostScanAnalysis started. Current nodes count: 160
[2026-08-26T16:26:10.656Z] runPostScanAnalysis started. Current nodes count: 160
[2026-08-26T16:26:10.698Z] runPostScanAnalysis started. Current nodes count: 160
[2026-08-26T16:26:10.737Z] runPostScanAnalysis started. Current nodes count: 160
[2026-08-26T16:26:10.777Z] runPostScanAnalysis started. Current nodes count: 160
[2026-08-26T16:26:10.818Z] runPostScanAnalysis started. Current nodes count: 160
[2026-08-26T16:26:10.857Z] runPostScanAnalysis started. Current nodes count: 160
[2026-08-26T16:26:10.897Z] runPostScanAnalysis started. Current nodes count: 160
[2026-08-26T16:26:10.940Z] runPostScanAnalysis started. Current nodes count: 160
[2026-08-26T16:26:10.982Z] runPostScanAnalysis started. Current nodes count: 160
[2026-08-26T16:26:11.025Z] runPostScanAnalysis started. Current nodes count: 160
[2026-08-26T16:26:11.065Z] runPostScanAnalysis started. Current nodes count: 160
[2026-08-26T16:26:11.106Z] runPostScanAnalysis started. Current nodes count: 160
[2026-08-26T16:26:11.149Z] runPostScanAnalysis started. Current nodes count: 160
[2026-08-26T16:26:11.190Z] runPostScanAnalysis started. Current nodes count: 160
[2026-08-26T16:26:11.230Z] runPostScanAnalysis started. Current nodes count: 160
[2026-08-26T16:26:11.271Z] runPostScanAnalysis started. Current nodes count: 160
[2026-08-26T16:26:11.312Z] runPostScanAnalysis started. Current nodes count: 160
[2026-08-26T16:26:11.355Z] runPostScanAnalysis started. Current nodes count: 160
[2026-08-26T16:26:11.396Z] runPostScanAnalysis started. Current nodes count: 160
[2026-08-26T16:26:11.438Z] runPostScanAnalysis started. Current nodes count: 160
[2026-08-26T16:26:11.480Z] runPostScanAnalysis started. Current nodes count: 160
[2026-08-26T16:26:11.523Z] runPostScanAnalysis started. Current nodes count: 160
[2026-08-26T16:26:11.565Z] runPostScanAnalysis started. Current nodes count: 160
[2026-08-26T16:26:11.607Z] runPostScanAnalysis started. Current nodes count: 160
[2026-08-26T16:26:11.650Z] runPostScanAnalysis started. Current nodes count: 160
[2026-08-26T16:26:11.690Z] runPostScanAnalysis started. Current nodes count: 160
[2026-08-26T16:26:11.729Z] runPostScanAnalysis started. Current nodes count: 160
[2026-08-26T16:26:11.769Z] runPostScanAnalysis started. Current nodes count: 160
[2026-08-26T16:26:11.809Z] runPostScanAnalysis started. Current nodes count: 160
[2026-08-26T16:26:11.847Z] runPostScanAnalysis started. Current nodes count: 160
[2026-08-26T16:26:11.886Z] runPostScanAnalysis started. Current nodes count: 160
[2026-08-26T16:26:11.925Z] runPostScanAnalysis started. Current nodes count: 160
[2026-08-26T16:26:11.963Z] runPostScanAnalysis started. Current nodes count: 160
[2026-08-26T16:26:12.017Z] runPostScanAnalysis started. Current nodes count: 160
[2026-08-26T16:26:12.056Z] runPostScanAnalysis started. Current nodes count: 160
[2026-08-26T16:26:12.096Z] runPostScanAnalysis started. Current nodes count: 160
[2026-08-26T16:26:12.137Z] runPostScanAnalysis started. Current nodes count: 160
[2026-08-26T16:26:12.180Z] runPostScanAnalysis started. Current nodes count: 160
[2026-08-26T16:26:12.220Z] runPostScanAnalysis started. Current nodes count: 160
[2026-08-26T16:26:12.258Z] runPostScanAnalysis started. Current nodes count: 160
[2026-08-26T16:26:12.297Z] runPostScanAnalysis started. Current nodes count: 160
[2026-08-26T16:26:12.336Z] runPostScanAnalysis started. Current nodes count: 160
[2026-08-26T16:26:12.377Z] runPostScanAnalysis started. Current nodes count: 160
[2026-08-26T16:26:12.416Z] runPostScanAnalysis started. Current nodes count: 160
[2026-08-26T16:26:12.454Z] runPostScanAnalysis started. Current nodes count: 160
[2026-08-26T16:26:12.491Z] runPostScanAnalysis started. Current nodes count: 160
[2026-08-26T16:26:12.528Z] runPostScanAnalysis started. Current nodes count: 160
[2026-08-26T16:26:12.566Z] runPostScanAnalysis started. Current nodes count: 160
[2026-08-26T16:26:12.605Z] runPostScanAnalysis started. Current nodes count: 160
[2026-08-26T16:26:12.643Z] runPostScanAnalysis started. Current nodes count: 160
[2026-08-26T16:26:12.677Z] runPostScanAnalysis started. Current nodes count: 160
[2026-08-26T16:26:12.712Z] runPostScanAnalysis started. Current nodes count: 160
[2026-08-26T16:26:12.750Z] runPostScanAnalysis started. Current nodes count: 160
[2026-08-26T16:26:12.786Z] runPostScanAnalysis started. Current nodes count: 160
[2026-08-26T16:26:12.815Z] runPostScanAnalysis started. Current nodes count: 160
[2026-08-26T16:26:12.843Z] runPostScanAnalysis started. Current nodes count: 160
[2026-08-26T16:26:12.872Z] runPostScanAnalysis started. Current nodes count: 160
[2026-08-26T16:26:12.900Z] runPostScanAnalysis started. Current nodes count: 160
[2026-08-26T16:26:12.929Z] runPostScanAnalysis started. Current nodes count: 160
[2026-08-26T16:26:12.957Z] runPostScanAnalysis started. Current nodes count: 160
[2026-08-26T16:26:12.987Z] runPostScanAnalysis started. Current nodes count: 160
[2026-08-26T16:26:13.018Z] runPostScanAnalysis started. Current nodes count: 160
[2026-08-26T16:26:13.047Z] runPostScanAnalysis started. Current nodes count: 160
[2026-08-26T16:26:13.076Z] runPostScanAnalysis started. Current nodes count: 160
[2026-08-26T16:26:13.105Z] runPostScanAnalysis started. Current nodes count: 160
[2026-08-26T16:26:13.134Z] runPostScanAnalysis started. Current nodes count: 160
[2026-08-26T16:26:13.164Z] runPostScanAnalysis started. Current nodes count: 160
[2026-08-26T16:26:13.195Z] runPostScanAnalysis started. Current nodes count: 160
[2026-08-26T16:26:13.231Z] runPostScanAnalysis started. Current nodes count: 160
[2026-08-26T16:26:13.263Z] runPostScanAnalysis started. Current nodes count: 160
[2026-08-26T16:26:13.300Z] runPostScanAnalysis started. Current nodes count: 160
[2026-08-26T16:26:13.330Z] runPostScanAnalysis started. Current nodes count: 160
[2026-08-26T16:26:13.367Z] runPostScanAnalysis started. Current nodes count: 160
[2026-08-26T16:26:13.404Z] runPostScanAnalysis started. Current nodes count: 160
[2026-08-26T16:26:13.435Z] runPostScanAnalysis started. Current nodes count: 160
[2026-08-26T16:26:13.470Z] runPostScanAnalysis started. Current nodes count: 160
[2026-08-26T16:26:13.500Z] runPostScanAnalysis started. Current nodes count: 160
[2026-08-26T16:26:13.534Z] runPostScanAnalysis started. Current nodes count: 160
[2026-08-26T16:26:13.574Z] runPostScanAnalysis started. Current nodes count: 160
[2026-08-26T16:26:13.615Z] runPostScanAnalysis started. Current nodes count: 160
[2026-08-26T16:26:13.659Z] runPostScanAnalysis started. Current nodes count: 160
[2026-08-26T16:26:13.662Z] No active DependencyGraphPanel webview open.
[2026-08-26T16:26:13.663Z] No active DependencyGraphPanel webview open.
[2026-08-26T16:26:13.665Z] No active DependencyGraphPanel webview open.
[2026-08-26T16:26:13.667Z] No active DependencyGraphPanel webview open.
[2026-08-26T16:26:13.668Z] No active DependencyGraphPanel webview open.
[2026-08-26T16:26:13.669Z] No active DependencyGraphPanel webview open.
[2026-08-26T16:26:13.670Z] No active DependencyGraphPanel webview open.
[2026-08-26T16:26:13.671Z] No active DependencyGraphPanel webview open.
[2026-08-26T16:26:13.672Z] No active DependencyGraphPanel webview open.
[2026-08-26T16:26:13.673Z] No active DependencyGraphPanel webview open.
[2026-08-26T16:26:13.674Z] No active DependencyGraphPanel webview open.
[2026-08-26T16:26:13.675Z] No active DependencyGraphPanel webview open.
[2026-08-26T16:26:13.728Z] runPostScanAnalysis started. Current nodes count: 160
[2026-08-26T16:26:13.731Z] No active DependencyGraphPanel webview open.
[2026-08-26T16:26:13.732Z] No active DependencyGraphPanel webview open.
[2026-08-26T16:26:13.733Z] No active DependencyGraphPanel webview open.
[2026-08-26T16:26:13.736Z] No active DependencyGraphPanel webview open.
[2026-08-26T16:26:13.747Z] No active DependencyGraphPanel webview open.
[2026-08-26T16:26:13.749Z] No active DependencyGraphPanel webview open.
[2026-08-26T16:26:13.750Z] No active DependencyGraphPanel webview open.
[2026-08-26T16:26:13.751Z] No active DependencyGraphPanel webview open.
[2026-08-26T16:26:13.752Z] No active DependencyGraphPanel webview open.
[2026-08-26T16:26:13.753Z] No active DependencyGraphPanel webview open.
[2026-08-26T16:26:13.754Z] No active DependencyGraphPanel webview open.
[2026-08-26T16:26:13.754Z] No active DependencyGraphPanel webview open.
[2026-08-26T16:26:13.755Z] No active DependencyGraphPanel webview open.
[2026-08-26T16:26:13.756Z] No active DependencyGraphPanel webview open.
[2026-08-26T16:26:13.757Z] No active DependencyGraphPanel webview open.
[2026-08-26T16:26:13.758Z] No active DependencyGraphPanel webview open.
[2026-08-26T16:26:13.759Z] No active DependencyGraphPanel webview open.
[2026-08-26T16:26:13.761Z] No active DependencyGraphPanel webview open.
[2026-08-26T16:26:13.762Z] No active DependencyGraphPanel webview open.
[2026-08-26T16:26:13.763Z] No active DependencyGraphPanel webview open.
[2026-08-26T16:26:13.764Z] No active DependencyGraphPanel webview open.
[2026-08-26T16:26:13.765Z] No active DependencyGraphPanel webview open.
[2026-08-26T16:26:13.766Z] No active DependencyGraphPanel webview open.
[2026-08-26T16:26:13.766Z] No active DependencyGraphPanel webview open.
[2026-08-26T16:26:13.767Z] No active DependencyGraphPanel webview open.
[2026-08-26T16:26:13.769Z] No active DependencyGraphPanel webview open.
[2026-08-26T16:26:13.770Z] No active DependencyGraphPanel webview open.
[2026-08-26T16:26:13.770Z] No active DependencyGraphPanel webview open.
[2026-08-26T16:26:13.772Z] No active DependencyGraphPanel webview open.
[2026-08-26T16:26:13.773Z] No active DependencyGraphPanel webview open.
[2026-08-26T16:26:13.774Z] No active DependencyGraphPanel webview open.
[2026-08-26T16:26:13.775Z] No active DependencyGraphPanel webview open.
[2026-08-26T16:26:13.776Z] No active DependencyGraphPanel webview open.
[2026-08-26T16:26:13.777Z] No active DependencyGraphPanel webview open.
[2026-08-26T16:26:13.778Z] No active DependencyGraphPanel webview open.
[2026-08-26T16:26:13.779Z] No active DependencyGraphPanel webview open.
[2026-08-26T16:26:13.780Z] No active DependencyGraphPanel webview open.
[2026-08-26T16:26:13.841Z] runPostScanAnalysis started. Current nodes count: 160
[2026-08-26T16:26:13.843Z] No active DependencyGraphPanel webview open.
[2026-08-26T16:26:13.844Z] No active DependencyGraphPanel webview open.
[2026-08-26T16:26:13.845Z] No active DependencyGraphPanel webview open.
[2026-08-26T16:26:13.845Z] No active DependencyGraphPanel webview open.
[2026-08-26T16:26:13.846Z] No active DependencyGraphPanel webview open.
[2026-08-26T16:26:13.847Z] No active DependencyGraphPanel webview open.
[2026-08-26T16:26:13.848Z] No active DependencyGraphPanel webview open.
[2026-08-26T16:26:13.849Z] No active DependencyGraphPanel webview open.
[2026-08-26T16:26:13.849Z] No active DependencyGraphPanel webview open.
[2026-08-26T16:26:13.850Z] No active DependencyGraphPanel webview open.
[2026-08-26T16:26:13.851Z] No active DependencyGraphPanel webview open.
[2026-08-26T16:26:13.852Z] No active DependencyGraphPanel webview open.
[2026-08-26T16:26:13.854Z] No active DependencyGraphPanel webview open.
[2026-08-26T16:26:13.855Z] No active DependencyGraphPanel webview open.
[2026-08-26T16:26:13.855Z] No active DependencyGraphPanel webview open.
[2026-08-26T16:26:13.856Z] No active DependencyGraphPanel webview open.
[2026-08-26T16:26:13.857Z] No active DependencyGraphPanel webview open.
[2026-08-26T16:26:13.858Z] No active DependencyGraphPanel webview open.
[2026-08-26T16:26:13.859Z] No active DependencyGraphPanel webview open.
[2026-08-26T16:26:13.859Z] No active DependencyGraphPanel webview open.
[2026-08-26T16:26:13.862Z] No active DependencyGraphPanel webview open.
[2026-08-26T16:26:13.863Z] No active DependencyGraphPanel webview open.
[2026-08-26T16:26:13.864Z] No active DependencyGraphPanel webview open.
[2026-08-26T16:26:13.866Z] No active DependencyGraphPanel webview open.
[2026-08-26T16:26:13.867Z] No active DependencyGraphPanel webview open.
[2026-08-26T16:26:13.868Z] No active DependencyGraphPanel webview open.
[2026-08-26T16:26:13.869Z] No active DependencyGraphPanel webview open.
[2026-08-26T16:26:13.874Z] No active DependencyGraphPanel webview open.
[2026-08-26T16:26:13.875Z] No active DependencyGraphPanel webview open.
[2026-08-26T16:26:13.876Z] No active DependencyGraphPanel webview open.
[2026-08-26T16:26:13.877Z] No active DependencyGraphPanel webview open.
[2026-08-26T16:26:13.878Z] No active DependencyGraphPanel webview open.
[2026-08-26T16:26:13.931Z] runPostScanAnalysis started. Current nodes count: 160
[2026-08-26T16:26:13.933Z] No active DependencyGraphPanel webview open.
[2026-08-26T16:26:13.934Z] No active DependencyGraphPanel webview open.
[2026-08-26T16:26:14.057Z] runPostScanAnalysis started. Current nodes count: 160
[2026-08-26T16:26:14.067Z] No active DependencyGraphPanel webview open.
[2026-08-26T16:26:14.069Z] No active DependencyGraphPanel webview open.
[2026-08-26T16:26:14.070Z] No active DependencyGraphPanel webview open.
[2026-08-26T16:26:14.072Z] No active DependencyGraphPanel webview open.
[2026-08-26T16:26:14.076Z] No active DependencyGraphPanel webview open.
[2026-08-26T16:26:14.077Z] No active DependencyGraphPanel webview open.
[2026-08-26T16:26:14.078Z] No active DependencyGraphPanel webview open.
[2026-08-26T16:26:14.080Z] No active DependencyGraphPanel webview open.
[2026-08-26T16:26:14.083Z] No active DependencyGraphPanel webview open.
[2026-08-26T16:26:14.086Z] No active DependencyGraphPanel webview open.
[2026-08-26T16:26:14.089Z] No active DependencyGraphPanel webview open.
[2026-08-26T16:26:14.090Z] No active DependencyGraphPanel webview open.
[2026-08-26T16:26:14.096Z] No active DependencyGraphPanel webview open.
[2026-08-26T16:26:14.097Z] No active DependencyGraphPanel webview open.
[2026-08-26T16:26:14.099Z] No active DependencyGraphPanel webview open.
[2026-08-26T16:26:14.101Z] No active DependencyGraphPanel webview open.
[2026-08-26T16:26:14.103Z] No active DependencyGraphPanel webview open.
[2026-08-26T16:26:14.105Z] No active DependencyGraphPanel webview open.
[2026-08-26T16:26:14.108Z] No active DependencyGraphPanel webview open.
[2026-08-26T16:26:14.109Z] No active DependencyGraphPanel webview open.
[2026-08-26T16:26:14.110Z] No active DependencyGraphPanel webview open.
[2026-08-26T16:26:14.113Z] runPostScanAnalysis started. Current nodes count: 160
[2026-08-26T16:26:14.114Z] runPostScanAnalysis started. Current nodes count: 160
[2026-08-26T16:26:14.115Z] runPostScanAnalysis started. Current nodes count: 160
[2026-08-26T16:26:14.116Z] runPostScanAnalysis started. Current nodes count: 160
[2026-08-26T16:26:14.117Z] runPostScanAnalysis started. Current nodes count: 160
[2026-08-26T16:26:14.118Z] runPostScanAnalysis started. Current nodes count: 160
[2026-08-26T16:26:14.119Z] runPostScanAnalysis started. Current nodes count: 160
[2026-08-26T16:26:14.229Z] No active DependencyGraphPanel webview open.
[2026-08-26T16:26:14.237Z] No active DependencyGraphPanel webview open.
[2026-08-26T16:26:14.239Z] No active DependencyGraphPanel webview open.
[2026-08-26T16:26:14.240Z] No active DependencyGraphPanel webview open.
[2026-08-26T16:26:14.241Z] No active DependencyGraphPanel webview open.
[2026-08-26T16:26:14.242Z] No active DependencyGraphPanel webview open.
[2026-08-26T16:26:14.243Z] No active DependencyGraphPanel webview open.
[2026-08-26T16:26:14.244Z] No active DependencyGraphPanel webview open.
[2026-08-26T16:26:14.246Z] No active DependencyGraphPanel webview open.
[2026-08-26T16:26:14.247Z] No active DependencyGraphPanel webview open.
[2026-08-26T16:26:14.251Z] No active DependencyGraphPanel webview open.
[2026-08-26T16:26:14.252Z] No active DependencyGraphPanel webview open.
[2026-08-26T16:26:14.252Z] No active DependencyGraphPanel webview open.
[2026-08-26T16:26:14.253Z] No active DependencyGraphPanel webview open.
[2026-08-26T16:26:14.254Z] No active DependencyGraphPanel webview open.
[2026-08-26T16:26:14.255Z] No active DependencyGraphPanel webview open.
[2026-08-26T16:26:14.256Z] No active DependencyGraphPanel webview open.
[2026-08-26T16:26:14.257Z] No active DependencyGraphPanel webview open.
[2026-08-26T16:26:14.258Z] No active DependencyGraphPanel webview open.
[2026-08-26T16:26:14.259Z] No active DependencyGraphPanel webview open.
[2026-08-26T16:26:14.260Z] No active DependencyGraphPanel webview open.
[2026-08-26T16:26:14.260Z] No active DependencyGraphPanel webview open.
[2026-08-26T16:26:14.261Z] No active DependencyGraphPanel webview open.
[2026-08-26T16:26:14.262Z] No active DependencyGraphPanel webview open.
[2026-08-26T16:26:14.263Z] No active DependencyGraphPanel webview open.
[2026-08-26T16:26:14.264Z] No active DependencyGraphPanel webview open.
[2026-08-26T16:26:14.265Z] No active DependencyGraphPanel webview open.
[2026-08-26T16:26:14.266Z] No active DependencyGraphPanel webview open.
[2026-08-26T16:26:14.267Z] No active DependencyGraphPanel webview open.
[2026-08-26T16:26:14.268Z] No active DependencyGraphPanel webview open.
[2026-08-26T16:26:14.269Z] No active DependencyGraphPanel webview open.
[2026-08-26T16:26:14.270Z] No active DependencyGraphPanel webview open.
[2026-08-26T16:26:14.270Z] No active DependencyGraphPanel webview open.
[2026-08-26T16:26:14.271Z] No active DependencyGraphPanel webview open.
[2026-08-26T16:26:14.272Z] No active DependencyGraphPanel webview open.
[2026-08-26T16:26:14.273Z] No active DependencyGraphPanel webview open.
[2026-08-26T16:26:14.274Z] No active DependencyGraphPanel webview open.
[2026-08-26T16:26:14.275Z] No active DependencyGraphPanel webview open.
[2026-08-26T16:26:14.276Z] No active DependencyGraphPanel webview open.
[2026-08-26T16:26:14.277Z] No active DependencyGraphPanel webview open.
[2026-08-26T16:26:14.278Z] No active DependencyGraphPanel webview open.
[2026-08-26T16:26:14.281Z] No active DependencyGraphPanel webview open.
[2026-08-26T16:26:14.282Z] No active DependencyGraphPanel webview open.
[2026-08-26T16:26:14.283Z] No active DependencyGraphPanel webview open.
[2026-08-26T16:26:14.284Z] No active DependencyGraphPanel webview open.
[2026-08-26T16:26:14.285Z] No active DependencyGraphPanel webview open.
[2026-08-26T16:26:14.286Z] No active DependencyGraphPanel webview open.
[2026-08-26T16:26:14.287Z] No active DependencyGraphPanel webview open.
[2026-08-26T16:26:14.288Z] No active DependencyGraphPanel webview open.
[2026-08-26T16:26:14.290Z] No active DependencyGraphPanel webview open.
[2026-08-26T16:26:14.291Z] No active DependencyGraphPanel webview open.
[2026-08-26T16:26:14.291Z] No active DependencyGraphPanel webview open.
[2026-08-26T16:26:14.307Z] No active DependencyGraphPanel webview open.
[2026-08-26T16:26:14.308Z] No active DependencyGraphPanel webview open.
[2026-08-26T16:26:14.309Z] No active DependencyGraphPanel webview open.
[2026-08-26T16:26:14.310Z] No active DependencyGraphPanel webview open.
[2026-08-26T16:26:14.311Z] No active DependencyGraphPanel webview open.
[2026-08-26T16:26:14.325Z] No active DependencyGraphPanel webview open.
[2026-08-26T16:26:14.334Z] No active DependencyGraphPanel webview open.
[2026-08-26T16:26:14.989Z] runPostScanAnalysis started. Current nodes count: 343
[2026-08-26T16:26:15.027Z] runPostScanAnalysis started. Current nodes count: 344
[2026-08-26T16:26:15.065Z] runPostScanAnalysis started. Current nodes count: 345
[2026-08-26T16:26:15.107Z] runPostScanAnalysis started. Current nodes count: 347
[2026-08-26T16:26:15.146Z] runPostScanAnalysis started. Current nodes count: 349
[2026-08-26T16:26:15.185Z] runPostScanAnalysis started. Current nodes count: 350
[2026-08-26T16:26:15.221Z] runPostScanAnalysis started. Current nodes count: 351
[2026-08-26T16:26:15.258Z] runPostScanAnalysis started. Current nodes count: 352
[2026-08-26T16:26:15.310Z] runPostScanAnalysis started. Current nodes count: 353
[2026-08-26T16:26:15.351Z] runPostScanAnalysis started. Current nodes count: 355
[2026-08-26T16:26:15.392Z] runPostScanAnalysis started. Current nodes count: 356
[2026-08-26T16:26:15.442Z] runPostScanAnalysis started. Current nodes count: 357
[2026-08-26T16:26:15.481Z] runPostScanAnalysis started. Current nodes count: 358
[2026-08-26T16:26:15.523Z] runPostScanAnalysis started. Current nodes count: 359
[2026-08-26T16:26:15.563Z] runPostScanAnalysis started. Current nodes count: 360
[2026-08-26T16:26:15.602Z] runPostScanAnalysis started. Current nodes count: 361
[2026-08-26T16:26:15.644Z] runPostScanAnalysis started. Current nodes count: 362
[2026-08-26T16:26:15.685Z] runPostScanAnalysis started. Current nodes count: 363
[2026-08-26T16:26:15.725Z] runPostScanAnalysis started. Current nodes count: 364
[2026-08-26T16:26:15.768Z] runPostScanAnalysis started. Current nodes count: 365
[2026-08-26T16:26:15.808Z] runPostScanAnalysis started. Current nodes count: 366
[2026-08-26T16:26:15.848Z] runPostScanAnalysis started. Current nodes count: 367
[2026-08-26T16:26:15.890Z] runPostScanAnalysis started. Current nodes count: 368
[2026-08-26T16:26:15.930Z] runPostScanAnalysis started. Current nodes count: 371
[2026-08-26T16:26:15.970Z] runPostScanAnalysis started. Current nodes count: 373
[2026-08-26T16:26:16.016Z] runPostScanAnalysis started. Current nodes count: 374
[2026-08-26T16:26:16.154Z] runPostScanAnalysis started. Current nodes count: 375
[2026-08-26T16:26:16.224Z] runPostScanAnalysis started. Current nodes count: 377
[2026-08-26T16:26:16.276Z] runPostScanAnalysis started. Current nodes count: 378
[2026-08-26T16:26:16.317Z] runPostScanAnalysis started. Current nodes count: 379
[2026-08-26T16:26:16.356Z] runPostScanAnalysis started. Current nodes count: 380
[2026-08-26T16:26:16.397Z] runPostScanAnalysis started. Current nodes count: 381
[2026-08-26T16:26:16.438Z] runPostScanAnalysis started. Current nodes count: 382
[2026-08-26T16:26:16.478Z] runPostScanAnalysis started. Current nodes count: 383
[2026-08-26T16:26:16.521Z] runPostScanAnalysis started. Current nodes count: 384
[2026-08-26T16:26:16.564Z] runPostScanAnalysis started. Current nodes count: 385
[2026-08-26T16:26:16.610Z] runPostScanAnalysis started. Current nodes count: 386
[2026-08-26T16:26:17.013Z] runPostScanAnalysis started. Current nodes count: 387
[2026-08-26T16:26:17.067Z] runPostScanAnalysis started. Current nodes count: 388
[2026-08-26T16:26:17.120Z] runPostScanAnalysis started. Current nodes count: 389
[2026-08-26T16:26:17.169Z] runPostScanAnalysis started. Current nodes count: 390
[2026-08-26T16:26:17.219Z] runPostScanAnalysis started. Current nodes count: 391
[2026-08-26T16:26:17.273Z] runPostScanAnalysis started. Current nodes count: 392
[2026-08-26T16:26:17.314Z] runPostScanAnalysis started. Current nodes count: 393
[2026-08-26T16:26:17.358Z] runPostScanAnalysis started. Current nodes count: 394
[2026-08-26T16:26:17.401Z] runPostScanAnalysis started. Current nodes count: 395
[2026-08-26T16:26:17.440Z] runPostScanAnalysis started. Current nodes count: 396
[2026-08-26T16:26:17.484Z] runPostScanAnalysis started. Current nodes count: 397
[2026-08-26T16:26:17.523Z] runPostScanAnalysis started. Current nodes count: 398
[2026-08-26T16:26:17.568Z] runPostScanAnalysis started. Current nodes count: 399
[2026-08-26T16:26:17.614Z] runPostScanAnalysis started. Current nodes count: 400
[2026-08-26T16:26:17.655Z] runPostScanAnalysis started. Current nodes count: 401
[2026-08-26T16:26:17.696Z] runPostScanAnalysis started. Current nodes count: 402
[2026-08-26T16:26:17.737Z] runPostScanAnalysis started. Current nodes count: 403
[2026-08-26T16:26:17.782Z] runPostScanAnalysis started. Current nodes count: 404
[2026-08-26T16:26:17.826Z] runPostScanAnalysis started. Current nodes count: 405
[2026-08-26T16:26:17.872Z] runPostScanAnalysis started. Current nodes count: 406
[2026-08-26T16:26:17.924Z] runPostScanAnalysis started. Current nodes count: 407
[2026-08-26T16:26:17.964Z] runPostScanAnalysis started. Current nodes count: 408
[2026-08-26T16:26:18.007Z] runPostScanAnalysis started. Current nodes count: 409
[2026-08-26T16:26:18.047Z] runPostScanAnalysis started. Current nodes count: 410
[2026-08-26T16:26:18.086Z] runPostScanAnalysis started. Current nodes count: 411
[2026-08-26T16:26:18.126Z] runPostScanAnalysis started. Current nodes count: 412
[2026-08-26T16:26:18.171Z] runPostScanAnalysis started. Current nodes count: 413
[2026-08-26T16:26:18.208Z] runPostScanAnalysis started. Current nodes count: 414
[2026-08-26T16:26:18.248Z] runPostScanAnalysis started. Current nodes count: 415
[2026-08-26T16:26:18.288Z] runPostScanAnalysis started. Current nodes count: 416
[2026-08-26T16:26:18.329Z] runPostScanAnalysis started. Current nodes count: 417
[2026-08-26T16:26:18.370Z] runPostScanAnalysis started. Current nodes count: 418
[2026-08-26T16:26:18.412Z] runPostScanAnalysis started. Current nodes count: 419
[2026-08-26T16:26:18.452Z] runPostScanAnalysis started. Current nodes count: 420
[2026-08-26T16:26:18.495Z] runPostScanAnalysis started. Current nodes count: 421
[2026-08-26T16:26:18.535Z] runPostScanAnalysis started. Current nodes count: 422
[2026-08-26T16:26:18.578Z] runPostScanAnalysis started. Current nodes count: 423
[2026-08-26T16:26:18.619Z] runPostScanAnalysis started. Current nodes count: 424
[2026-08-26T16:26:18.665Z] runPostScanAnalysis started. Current nodes count: 425
[2026-08-26T16:26:18.708Z] runPostScanAnalysis started. Current nodes count: 426
[2026-08-26T16:26:18.748Z] runPostScanAnalysis started. Current nodes count: 427
[2026-08-26T16:26:18.789Z] runPostScanAnalysis started. Current nodes count: 428
[2026-08-26T16:26:18.831Z] runPostScanAnalysis started. Current nodes count: 429
[2026-08-26T16:26:18.876Z] runPostScanAnalysis started. Current nodes count: 430
[2026-08-26T16:26:18.915Z] runPostScanAnalysis started. Current nodes count: 431
[2026-08-26T16:26:18.958Z] runPostScanAnalysis started. Current nodes count: 432
[2026-08-26T16:26:19.001Z] runPostScanAnalysis started. Current nodes count: 433
[2026-08-26T16:26:19.041Z] runPostScanAnalysis started. Current nodes count: 434
[2026-08-26T16:26:19.081Z] runPostScanAnalysis started. Current nodes count: 435
[2026-08-26T16:26:19.122Z] runPostScanAnalysis started. Current nodes count: 436
[2026-08-26T16:26:19.164Z] runPostScanAnalysis started. Current nodes count: 437
[2026-08-26T16:26:19.204Z] runPostScanAnalysis started. Current nodes count: 438
[2026-08-26T16:26:19.246Z] runPostScanAnalysis started. Current nodes count: 439
[2026-08-26T16:26:19.289Z] runPostScanAnalysis started. Current nodes count: 440
[2026-08-26T16:26:19.329Z] runPostScanAnalysis started. Current nodes count: 441
[2026-08-26T16:26:19.373Z] runPostScanAnalysis started. Current nodes count: 442
[2026-08-26T16:26:19.414Z] runPostScanAnalysis started. Current nodes count: 443
[2026-08-26T16:26:19.458Z] runPostScanAnalysis started. Current nodes count: 444
[2026-08-26T16:26:19.497Z] runPostScanAnalysis started. Current nodes count: 445
[2026-08-26T16:26:19.539Z] runPostScanAnalysis started. Current nodes count: 446
[2026-08-26T16:26:19.577Z] runPostScanAnalysis started. Current nodes count: 447
[2026-08-26T16:26:19.619Z] runPostScanAnalysis started. Current nodes count: 448
[2026-08-26T16:26:19.662Z] runPostScanAnalysis started. Current nodes count: 449
[2026-08-26T16:26:19.702Z] runPostScanAnalysis started. Current nodes count: 450
[2026-08-26T16:26:19.747Z] runPostScanAnalysis started. Current nodes count: 451
[2026-08-26T16:26:19.789Z] runPostScanAnalysis started. Current nodes count: 452
[2026-08-26T16:26:19.830Z] runPostScanAnalysis started. Current nodes count: 453
[2026-08-26T16:26:19.868Z] runPostScanAnalysis started. Current nodes count: 454
[2026-08-26T16:26:19.908Z] runPostScanAnalysis started. Current nodes count: 455
[2026-08-26T16:26:19.947Z] runPostScanAnalysis started. Current nodes count: 456
[2026-08-26T16:26:19.988Z] runPostScanAnalysis started. Current nodes count: 457
[2026-08-26T16:26:20.028Z] runPostScanAnalysis started. Current nodes count: 458
[2026-08-26T16:26:20.072Z] runPostScanAnalysis started. Current nodes count: 459
[2026-08-26T16:26:20.110Z] runPostScanAnalysis started. Current nodes count: 460
[2026-08-26T16:26:20.153Z] runPostScanAnalysis started. Current nodes count: 461
[2026-08-26T16:26:20.197Z] runPostScanAnalysis started. Current nodes count: 462
[2026-08-26T16:26:20.238Z] runPostScanAnalysis started. Current nodes count: 463
[2026-08-26T16:26:20.281Z] runPostScanAnalysis started. Current nodes count: 464
[2026-08-26T16:26:20.325Z] runPostScanAnalysis started. Current nodes count: 465
[2026-08-26T16:26:20.377Z] runPostScanAnalysis started. Current nodes count: 466
[2026-08-26T16:26:20.439Z] runPostScanAnalysis started. Current nodes count: 467
[2026-08-26T16:26:20.504Z] runPostScanAnalysis started. Current nodes count: 468
[2026-08-26T16:26:20.564Z] runPostScanAnalysis started. Current nodes count: 469
[2026-08-26T16:26:20.631Z] runPostScanAnalysis started. Current nodes count: 470
[2026-08-26T16:26:20.696Z] runPostScanAnalysis started. Current nodes count: 471
[2026-08-26T16:26:20.765Z] runPostScanAnalysis started. Current nodes count: 472
[2026-08-26T16:26:20.828Z] runPostScanAnalysis started. Current nodes count: 473
[2026-08-26T16:26:20.921Z] runPostScanAnalysis started. Current nodes count: 474
[2026-08-26T16:26:20.961Z] runPostScanAnalysis started. Current nodes count: 475
[2026-08-26T16:26:21.003Z] runPostScanAnalysis started. Current nodes count: 476
[2026-08-26T16:26:21.042Z] runPostScanAnalysis started. Current nodes count: 477
[2026-08-26T16:26:21.083Z] runPostScanAnalysis started. Current nodes count: 478
[2026-08-26T16:26:21.124Z] runPostScanAnalysis started. Current nodes count: 479
[2026-08-26T16:26:21.166Z] runPostScanAnalysis started. Current nodes count: 480
[2026-08-26T16:26:21.207Z] runPostScanAnalysis started. Current nodes count: 481
[2026-08-26T16:26:21.245Z] runPostScanAnalysis started. Current nodes count: 482
[2026-08-26T16:26:21.289Z] runPostScanAnalysis started. Current nodes count: 483
[2026-08-26T16:26:21.333Z] runPostScanAnalysis started. Current nodes count: 484
[2026-08-26T16:26:21.381Z] runPostScanAnalysis started. Current nodes count: 485
[2026-08-26T16:26:21.423Z] runPostScanAnalysis started. Current nodes count: 486
[2026-08-26T16:26:21.461Z] runPostScanAnalysis started. Current nodes count: 487
[2026-08-26T16:26:21.504Z] runPostScanAnalysis started. Current nodes count: 488
[2026-08-26T16:26:21.550Z] runPostScanAnalysis started. Current nodes count: 489
[2026-08-26T16:26:21.589Z] runPostScanAnalysis started. Current nodes count: 490
[2026-08-26T16:26:21.630Z] runPostScanAnalysis started. Current nodes count: 491
[2026-08-26T16:26:21.670Z] runPostScanAnalysis started. Current nodes count: 492
[2026-08-26T16:26:21.710Z] runPostScanAnalysis started. Current nodes count: 493
[2026-08-26T16:26:21.753Z] runPostScanAnalysis started. Current nodes count: 494
[2026-08-26T16:26:21.796Z] runPostScanAnalysis started. Current nodes count: 495
[2026-08-26T16:26:21.841Z] runPostScanAnalysis started. Current nodes count: 496
[2026-08-26T16:26:21.883Z] runPostScanAnalysis started. Current nodes count: 497
[2026-08-26T16:26:21.926Z] runPostScanAnalysis started. Current nodes count: 498
[2026-08-26T16:26:21.969Z] runPostScanAnalysis started. Current nodes count: 499
[2026-08-26T16:26:22.011Z] runPostScanAnalysis started. Current nodes count: 500
[2026-08-26T16:26:22.066Z] runPostScanAnalysis started. Current nodes count: 501
[2026-08-26T16:26:22.118Z] runPostScanAnalysis started. Current nodes count: 502
[2026-08-26T16:26:22.161Z] runPostScanAnalysis started. Current nodes count: 503
[2026-08-26T16:26:22.216Z] runPostScanAnalysis started. Current nodes count: 504
[2026-08-26T16:26:22.264Z] runPostScanAnalysis started. Current nodes count: 505
[2026-08-26T16:26:22.310Z] runPostScanAnalysis started. Current nodes count: 506
[2026-08-26T16:26:22.359Z] runPostScanAnalysis started. Current nodes count: 507
[2026-08-26T16:26:22.419Z] runPostScanAnalysis started. Current nodes count: 511
[2026-08-26T16:26:22.469Z] runPostScanAnalysis started. Current nodes count: 512
[2026-08-26T16:26:22.512Z] runPostScanAnalysis started. Current nodes count: 513
[2026-08-26T16:26:22.565Z] runPostScanAnalysis started. Current nodes count: 516
[2026-08-26T16:26:22.611Z] runPostScanAnalysis started. Current nodes count: 517
[2026-08-26T16:26:22.716Z] runPostScanAnalysis started. Current nodes count: 747
[2026-08-26T16:26:22.770Z] runPostScanAnalysis started. Current nodes count: 766
[2026-08-26T16:26:22.832Z] runPostScanAnalysis started. Current nodes count: 781
[2026-08-26T16:26:22.879Z] runPostScanAnalysis started. Current nodes count: 782
[2026-08-26T16:26:22.929Z] runPostScanAnalysis started. Current nodes count: 783
[2026-08-26T16:26:22.974Z] runPostScanAnalysis started. Current nodes count: 784
[2026-08-26T16:26:23.025Z] runPostScanAnalysis started. Current nodes count: 785
[2026-08-26T16:26:23.073Z] runPostScanAnalysis started. Current nodes count: 786
[2026-08-26T16:26:23.124Z] runPostScanAnalysis started. Current nodes count: 787
[2026-08-26T16:26:23.172Z] runPostScanAnalysis started. Current nodes count: 789
[2026-08-26T16:26:23.218Z] runPostScanAnalysis started. Current nodes count: 790
[2026-08-26T16:26:23.287Z] runPostScanAnalysis started. Current nodes count: 792
[2026-08-26T16:26:23.339Z] runPostScanAnalysis started. Current nodes count: 793
[2026-08-26T16:26:23.345Z] No active DependencyGraphPanel webview open.
[2026-08-26T16:26:23.346Z] No active DependencyGraphPanel webview open.
[2026-08-26T16:26:23.347Z] No active DependencyGraphPanel webview open.
[2026-08-26T16:26:23.348Z] No active DependencyGraphPanel webview open.
[2026-08-26T16:26:23.351Z] No active DependencyGraphPanel webview open.
[2026-08-26T16:26:23.353Z] No active DependencyGraphPanel webview open.
[2026-08-26T16:26:23.356Z] No active DependencyGraphPanel webview open.
[2026-08-26T16:26:23.358Z] No active DependencyGraphPanel webview open.
[2026-08-26T16:26:23.359Z] No active DependencyGraphPanel webview open.
[2026-08-26T16:26:23.361Z] No active DependencyGraphPanel webview open.
[2026-08-26T16:26:23.363Z] No active DependencyGraphPanel webview open.
[2026-08-26T16:26:23.365Z] No active DependencyGraphPanel webview open.
[2026-08-26T16:26:23.367Z] No active DependencyGraphPanel webview open.
[2026-08-26T16:26:23.368Z] No active DependencyGraphPanel webview open.
[2026-08-26T16:26:23.370Z] No active DependencyGraphPanel webview open.
[2026-08-26T16:26:23.372Z] No active DependencyGraphPanel webview open.
[2026-08-26T16:26:23.373Z] No active DependencyGraphPanel webview open.
[2026-08-26T16:26:23.374Z] No active DependencyGraphPanel webview open.
[2026-08-26T16:26:23.375Z] No active DependencyGraphPanel webview open.
[2026-08-26T16:26:23.376Z] No active DependencyGraphPanel webview open.
[2026-08-26T16:26:23.377Z] No active DependencyGraphPanel webview open.
[2026-08-26T16:26:23.378Z] No active DependencyGraphPanel webview open.
[2026-08-26T16:26:23.378Z] No active DependencyGraphPanel webview open.
[2026-08-26T16:26:23.382Z] No active DependencyGraphPanel webview open.
[2026-08-26T16:26:23.383Z] No active DependencyGraphPanel webview open.
[2026-08-26T16:26:23.385Z] No active DependencyGraphPanel webview open.
[2026-08-26T16:26:23.387Z] No active DependencyGraphPanel webview open.
[2026-08-26T16:26:23.388Z] No active DependencyGraphPanel webview open.
[2026-08-26T16:26:23.390Z] No active DependencyGraphPanel webview open.
[2026-08-26T16:26:23.392Z] No active DependencyGraphPanel webview open.
[2026-08-26T16:26:23.393Z] No active DependencyGraphPanel webview open.
[2026-08-26T16:26:23.394Z] No active DependencyGraphPanel webview open.
[2026-08-26T16:26:23.396Z] No active DependencyGraphPanel webview open.
[2026-08-26T16:26:23.397Z] No active DependencyGraphPanel webview open.
[2026-08-26T16:26:23.398Z] No active DependencyGraphPanel webview open.
[2026-08-26T16:26:23.399Z] No active DependencyGraphPanel webview open.
[2026-08-26T16:26:23.400Z] No active DependencyGraphPanel webview open.
[2026-08-26T16:26:23.402Z] No active DependencyGraphPanel webview open.
[2026-08-26T16:26:23.403Z] No active DependencyGraphPanel webview open.
[2026-08-26T16:26:23.404Z] No active DependencyGraphPanel webview open.
[2026-08-26T16:26:23.406Z] No active DependencyGraphPanel webview open.
[2026-08-26T16:26:23.407Z] No active DependencyGraphPanel webview open.
[2026-08-26T16:26:23.409Z] No active DependencyGraphPanel webview open.
[2026-08-26T16:26:23.411Z] No active DependencyGraphPanel webview open.
[2026-08-26T16:26:23.412Z] No active DependencyGraphPanel webview open.
[2026-08-26T16:26:23.414Z] No active DependencyGraphPanel webview open.
[2026-08-26T16:26:23.415Z] No active DependencyGraphPanel webview open.
[2026-08-26T16:26:23.417Z] No active DependencyGraphPanel webview open.
[2026-08-26T16:26:23.418Z] No active DependencyGraphPanel webview open.
[2026-08-26T16:26:23.419Z] No active DependencyGraphPanel webview open.
[2026-08-26T16:26:23.421Z] No active DependencyGraphPanel webview open.
[2026-08-26T16:26:23.422Z] No active DependencyGraphPanel webview open.
[2026-08-26T16:26:23.424Z] No active DependencyGraphPanel webview open.
[2026-08-26T16:26:23.425Z] No active DependencyGraphPanel webview open.
[2026-08-26T16:26:23.427Z] No active DependencyGraphPanel webview open.
[2026-08-26T16:26:23.430Z] No active DependencyGraphPanel webview open.
[2026-08-26T16:26:23.432Z] No active DependencyGraphPanel webview open.
[2026-08-26T16:26:23.434Z] No active DependencyGraphPanel webview open.
[2026-08-26T16:26:23.435Z] No active DependencyGraphPanel webview open.
[2026-08-26T16:26:23.436Z] No active DependencyGraphPanel webview open.
[2026-08-26T16:26:23.438Z] No active DependencyGraphPanel webview open.
[2026-08-26T16:26:23.439Z] No active DependencyGraphPanel webview open.
[2026-08-26T16:26:23.442Z] No active DependencyGraphPanel webview open.
[2026-08-26T16:26:23.444Z] No active DependencyGraphPanel webview open.
[2026-08-26T16:26:23.445Z] No active DependencyGraphPanel webview open.
[2026-08-26T16:26:23.445Z] No active DependencyGraphPanel webview open.
[2026-08-26T16:26:23.446Z] No active DependencyGraphPanel webview open.
[2026-08-26T16:26:23.448Z] No active DependencyGraphPanel webview open.
[2026-08-26T16:26:23.449Z] No active DependencyGraphPanel webview open.
[2026-08-26T16:26:23.453Z] No active DependencyGraphPanel webview open.
[2026-08-26T16:26:23.461Z] No active DependencyGraphPanel webview open.
[2026-08-26T16:26:23.463Z] No active DependencyGraphPanel webview open.
[2026-08-26T16:26:23.464Z] No active DependencyGraphPanel webview open.
[2026-08-26T16:26:23.465Z] No active DependencyGraphPanel webview open.
[2026-08-26T16:26:23.465Z] No active DependencyGraphPanel webview open.
[2026-08-26T16:26:23.466Z] No active DependencyGraphPanel webview open.
[2026-08-26T16:26:23.466Z] No active DependencyGraphPanel webview open.
[2026-08-26T16:26:23.467Z] No active DependencyGraphPanel webview open.
[2026-08-26T16:26:23.467Z] No active DependencyGraphPanel webview open.
[2026-08-26T16:26:23.468Z] No active DependencyGraphPanel webview open.
[2026-08-26T16:26:23.468Z] No active DependencyGraphPanel webview open.
[2026-08-26T16:26:23.469Z] No active DependencyGraphPanel webview open.
[2026-08-26T16:26:23.469Z] No active DependencyGraphPanel webview open.
[2026-08-26T16:26:23.472Z] No active DependencyGraphPanel webview open.
[2026-08-26T16:26:23.474Z] No active DependencyGraphPanel webview open.
[2026-08-26T16:26:23.478Z] No active DependencyGraphPanel webview open.
[2026-08-26T16:26:23.481Z] No active DependencyGraphPanel webview open.
[2026-08-26T16:26:23.484Z] No active DependencyGraphPanel webview open.
[2026-08-26T16:26:23.485Z] No active DependencyGraphPanel webview open.
[2026-08-26T16:26:23.486Z] No active DependencyGraphPanel webview open.
[2026-08-26T16:26:23.488Z] No active DependencyGraphPanel webview open.
[2026-08-26T16:26:23.489Z] No active DependencyGraphPanel webview open.
[2026-08-26T16:26:23.491Z] No active DependencyGraphPanel webview open.
[2026-08-26T16:26:23.492Z] No active DependencyGraphPanel webview open.
[2026-08-26T16:26:23.493Z] No active DependencyGraphPanel webview open.
[2026-08-26T16:26:23.493Z] No active DependencyGraphPanel webview open.
[2026-08-26T16:26:23.494Z] No active DependencyGraphPanel webview open.
[2026-08-26T16:26:23.494Z] No active DependencyGraphPanel webview open.
[2026-08-26T16:26:23.495Z] No active DependencyGraphPanel webview open.
[2026-08-26T16:26:23.495Z] No active DependencyGraphPanel webview open.
[2026-08-26T16:26:23.496Z] No active DependencyGraphPanel webview open.
[2026-08-26T16:26:23.496Z] No active DependencyGraphPanel webview open.
[2026-08-26T16:26:23.497Z] No active DependencyGraphPanel webview open.
[2026-08-26T16:26:23.500Z] No active DependencyGraphPanel webview open.
[2026-08-26T16:26:23.502Z] No active DependencyGraphPanel webview open.
[2026-08-26T16:26:23.504Z] No active DependencyGraphPanel webview open.
[2026-08-26T16:26:23.507Z] No active DependencyGraphPanel webview open.
[2026-08-26T16:26:23.508Z] No active DependencyGraphPanel webview open.
[2026-08-26T16:26:23.510Z] No active DependencyGraphPanel webview open.
[2026-08-26T16:26:23.511Z] No active DependencyGraphPanel webview open.
[2026-08-26T16:26:23.513Z] No active DependencyGraphPanel webview open.
[2026-08-26T16:26:23.514Z] No active DependencyGraphPanel webview open.
[2026-08-26T16:26:23.515Z] No active DependencyGraphPanel webview open.
[2026-08-26T16:26:23.516Z] No active DependencyGraphPanel webview open.
[2026-08-26T16:26:23.517Z] No active DependencyGraphPanel webview open.
[2026-08-26T16:26:23.518Z] No active DependencyGraphPanel webview open.
[2026-08-26T16:26:23.518Z] No active DependencyGraphPanel webview open.
[2026-08-26T16:26:23.519Z] No active DependencyGraphPanel webview open.
[2026-08-26T16:26:23.519Z] No active DependencyGraphPanel webview open.
[2026-08-26T16:26:23.520Z] No active DependencyGraphPanel webview open.
[2026-08-26T16:26:23.520Z] No active DependencyGraphPanel webview open.
[2026-08-26T16:26:23.521Z] No active DependencyGraphPanel webview open.
[2026-08-26T16:26:23.521Z] No active DependencyGraphPanel webview open.
[2026-08-26T16:26:23.521Z] No active DependencyGraphPanel webview open.
[2026-08-26T16:26:23.522Z] No active DependencyGraphPanel webview open.
[2026-08-26T16:26:23.525Z] No active DependencyGraphPanel webview open.
[2026-08-26T16:26:23.526Z] No active DependencyGraphPanel webview open.
[2026-08-26T16:26:23.528Z] No active DependencyGraphPanel webview open.
[2026-08-26T16:26:23.529Z] No active DependencyGraphPanel webview open.
[2026-08-26T16:26:23.530Z] No active DependencyGraphPanel webview open.
[2026-08-26T16:26:23.532Z] No active DependencyGraphPanel webview open.
[2026-08-26T16:26:23.533Z] No active DependencyGraphPanel webview open.
[2026-08-26T16:26:23.534Z] No active DependencyGraphPanel webview open.
[2026-08-26T16:26:23.536Z] No active DependencyGraphPanel webview open.
[2026-08-26T16:26:23.537Z] No active DependencyGraphPanel webview open.
[2026-08-26T16:26:23.539Z] No active DependencyGraphPanel webview open.
[2026-08-26T16:26:23.542Z] No active DependencyGraphPanel webview open.
[2026-08-26T16:26:23.545Z] No active DependencyGraphPanel webview open.
[2026-08-26T16:26:23.547Z] No active DependencyGraphPanel webview open.
[2026-08-26T16:26:23.548Z] No active DependencyGraphPanel webview open.
[2026-08-26T16:26:23.550Z] No active DependencyGraphPanel webview open.
[2026-08-26T16:26:23.552Z] No active DependencyGraphPanel webview open.
[2026-08-26T16:26:23.557Z] No active DependencyGraphPanel webview open.
[2026-08-26T16:26:23.559Z] No active DependencyGraphPanel webview open.
[2026-08-26T16:26:23.560Z] No active DependencyGraphPanel webview open.
[2026-08-26T16:26:23.561Z] No active DependencyGraphPanel webview open.
[2026-08-26T16:26:23.561Z] No active DependencyGraphPanel webview open.
[2026-08-26T16:26:23.562Z] No active DependencyGraphPanel webview open.
[2026-08-26T16:26:23.562Z] No active DependencyGraphPanel webview open.
[2026-08-26T16:26:23.563Z] No active DependencyGraphPanel webview open.
[2026-08-26T16:26:23.563Z] No active DependencyGraphPanel webview open.
[2026-08-26T16:26:23.564Z] No active DependencyGraphPanel webview open.
[2026-08-26T16:26:23.564Z] No active DependencyGraphPanel webview open.
[2026-08-26T16:26:23.565Z] No active DependencyGraphPanel webview open.
[2026-08-26T16:26:23.565Z] No active DependencyGraphPanel webview open.
[2026-08-26T16:26:23.566Z] No active DependencyGraphPanel webview open.
[2026-08-26T16:26:23.570Z] No active DependencyGraphPanel webview open.
[2026-08-26T16:26:23.574Z] No active DependencyGraphPanel webview open.
[2026-08-26T16:26:23.577Z] No active DependencyGraphPanel webview open.
[2026-08-26T16:26:23.579Z] No active DependencyGraphPanel webview open.
[2026-08-26T16:26:23.580Z] No active DependencyGraphPanel webview open.
[2026-08-26T16:26:23.635Z] runPostScanAnalysis started. Current nodes count: 793
[2026-08-26T16:26:23.639Z] No active DependencyGraphPanel webview open.
[2026-08-26T16:26:23.640Z] No active DependencyGraphPanel webview open.
[2026-08-26T16:26:23.692Z] runPostScanAnalysis started. Current nodes count: 793
[2026-08-26T16:26:23.744Z] runPostScanAnalysis started. Current nodes count: 793
[2026-08-26T16:26:23.790Z] runPostScanAnalysis started. Current nodes count: 793
[2026-08-26T16:26:23.833Z] runPostScanAnalysis started. Current nodes count: 793
[2026-08-26T16:26:23.885Z] runPostScanAnalysis started. Current nodes count: 793
[2026-08-26T16:26:23.962Z] runPostScanAnalysis started. Current nodes count: 793
[2026-08-26T16:26:24.006Z] runPostScanAnalysis started. Current nodes count: 793
[2026-08-26T16:26:24.053Z] runPostScanAnalysis started. Current nodes count: 793
[2026-08-26T16:26:24.095Z] runPostScanAnalysis started. Current nodes count: 793
[2026-08-26T16:26:24.140Z] runPostScanAnalysis started. Current nodes count: 793
[2026-08-26T16:26:24.185Z] runPostScanAnalysis started. Current nodes count: 793
[2026-08-26T16:26:24.227Z] runPostScanAnalysis started. Current nodes count: 793
[2026-08-26T16:26:24.271Z] runPostScanAnalysis started. Current nodes count: 793
[2026-08-26T16:26:24.313Z] runPostScanAnalysis started. Current nodes count: 793
[2026-08-26T16:26:24.355Z] runPostScanAnalysis started. Current nodes count: 793
[2026-08-26T16:26:24.397Z] runPostScanAnalysis started. Current nodes count: 793
[2026-08-26T16:26:24.437Z] runPostScanAnalysis started. Current nodes count: 793
[2026-08-26T16:26:24.478Z] runPostScanAnalysis started. Current nodes count: 793
[2026-08-26T16:26:24.514Z] runPostScanAnalysis started. Current nodes count: 793
[2026-08-26T16:26:24.553Z] runPostScanAnalysis started. Current nodes count: 793
[2026-08-26T16:26:24.592Z] runPostScanAnalysis started. Current nodes count: 793
[2026-08-26T16:26:24.630Z] runPostScanAnalysis started. Current nodes count: 793
[2026-08-26T16:26:24.668Z] runPostScanAnalysis started. Current nodes count: 793
[2026-08-26T16:26:24.707Z] runPostScanAnalysis started. Current nodes count: 793
[2026-08-26T16:26:24.742Z] runPostScanAnalysis started. Current nodes count: 793
[2026-08-26T16:26:24.776Z] runPostScanAnalysis started. Current nodes count: 793
[2026-08-26T16:26:24.816Z] runPostScanAnalysis started. Current nodes count: 793
[2026-08-26T16:26:24.852Z] runPostScanAnalysis started. Current nodes count: 793
[2026-08-26T16:26:24.891Z] runPostScanAnalysis started. Current nodes count: 793
[2026-08-26T16:26:24.925Z] runPostScanAnalysis started. Current nodes count: 793
[2026-08-26T16:26:24.966Z] runPostScanAnalysis started. Current nodes count: 793
[2026-08-26T16:26:25.000Z] runPostScanAnalysis started. Current nodes count: 793
[2026-08-26T16:26:25.036Z] runPostScanAnalysis started. Current nodes count: 793
[2026-08-26T16:26:25.076Z] runPostScanAnalysis started. Current nodes count: 793
[2026-08-26T16:26:25.116Z] runPostScanAnalysis started. Current nodes count: 793
[2026-08-26T16:26:25.153Z] runPostScanAnalysis started. Current nodes count: 793
[2026-08-26T16:26:25.186Z] runPostScanAnalysis started. Current nodes count: 793
[2026-08-26T16:26:25.225Z] runPostScanAnalysis started. Current nodes count: 793
[2026-08-26T16:26:25.261Z] runPostScanAnalysis started. Current nodes count: 793
[2026-08-26T16:26:25.299Z] runPostScanAnalysis started. Current nodes count: 793
[2026-08-26T16:26:25.337Z] runPostScanAnalysis started. Current nodes count: 793
[2026-08-26T16:26:25.375Z] runPostScanAnalysis started. Current nodes count: 793
[2026-08-26T16:26:25.409Z] runPostScanAnalysis started. Current nodes count: 793
[2026-08-26T16:26:25.443Z] runPostScanAnalysis started. Current nodes count: 793
[2026-08-26T16:26:25.480Z] runPostScanAnalysis started. Current nodes count: 793
[2026-08-26T16:26:25.516Z] runPostScanAnalysis started. Current nodes count: 793
[2026-08-26T16:26:25.552Z] runPostScanAnalysis started. Current nodes count: 793
[2026-08-26T16:26:25.589Z] runPostScanAnalysis started. Current nodes count: 793
[2026-08-26T16:26:25.630Z] runPostScanAnalysis started. Current nodes count: 793
[2026-08-26T16:26:25.667Z] runPostScanAnalysis started. Current nodes count: 793
[2026-08-26T16:26:25.707Z] runPostScanAnalysis started. Current nodes count: 793
[2026-08-26T16:26:25.745Z] runPostScanAnalysis started. Current nodes count: 793
[2026-08-26T16:26:25.784Z] runPostScanAnalysis started. Current nodes count: 793
[2026-08-26T16:26:25.822Z] runPostScanAnalysis started. Current nodes count: 793
[2026-08-26T16:26:25.860Z] runPostScanAnalysis started. Current nodes count: 793
[2026-08-26T16:26:25.900Z] runPostScanAnalysis started. Current nodes count: 793
[2026-08-26T16:26:25.939Z] runPostScanAnalysis started. Current nodes count: 793
[2026-08-26T16:26:25.975Z] runPostScanAnalysis started. Current nodes count: 793
[2026-08-26T16:26:26.019Z] runPostScanAnalysis started. Current nodes count: 793
[2026-08-26T16:26:26.068Z] runPostScanAnalysis started. Current nodes count: 793
[2026-08-26T16:26:26.121Z] runPostScanAnalysis started. Current nodes count: 793
[2026-08-26T16:26:26.188Z] runPostScanAnalysis started. Current nodes count: 793
[2026-08-26T16:26:26.249Z] runPostScanAnalysis started. Current nodes count: 793
[2026-08-26T16:26:26.316Z] runPostScanAnalysis started. Current nodes count: 793
[2026-08-26T16:26:26.380Z] runPostScanAnalysis started. Current nodes count: 793
[2026-08-26T16:26:26.453Z] runPostScanAnalysis started. Current nodes count: 793
[2026-08-26T16:26:26.514Z] runPostScanAnalysis started. Current nodes count: 793
[2026-08-26T16:26:26.631Z] runPostScanAnalysis started. Current nodes count: 793
[2026-08-26T16:26:26.677Z] runPostScanAnalysis started. Current nodes count: 793
[2026-08-26T16:26:26.725Z] runPostScanAnalysis started. Current nodes count: 793
[2026-08-26T16:26:26.768Z] runPostScanAnalysis started. Current nodes count: 793
[2026-08-26T16:26:26.818Z] runPostScanAnalysis started. Current nodes count: 793
[2026-08-26T16:26:26.862Z] runPostScanAnalysis started. Current nodes count: 793
[2026-08-26T16:26:26.905Z] runPostScanAnalysis started. Current nodes count: 793
[2026-08-26T16:26:26.948Z] runPostScanAnalysis started. Current nodes count: 793
[2026-08-26T16:26:26.992Z] runPostScanAnalysis started. Current nodes count: 793
[2026-08-26T16:26:27.031Z] runPostScanAnalysis started. Current nodes count: 793
[2026-08-26T16:26:27.083Z] runPostScanAnalysis started. Current nodes count: 793
[2026-08-26T16:26:27.125Z] runPostScanAnalysis started. Current nodes count: 793
[2026-08-26T16:26:27.170Z] runPostScanAnalysis started. Current nodes count: 793
[2026-08-26T16:26:27.218Z] runPostScanAnalysis started. Current nodes count: 793
[2026-08-26T16:26:27.258Z] runPostScanAnalysis started. Current nodes count: 793
[2026-08-26T16:26:27.309Z] runPostScanAnalysis started. Current nodes count: 793
[2026-08-26T16:26:27.348Z] runPostScanAnalysis started. Current nodes count: 793
[2026-08-26T16:26:27.391Z] runPostScanAnalysis started. Current nodes count: 793
[2026-08-26T16:26:27.434Z] runPostScanAnalysis started. Current nodes count: 793
[2026-08-26T16:26:27.476Z] runPostScanAnalysis started. Current nodes count: 793
[2026-08-26T16:26:27.517Z] runPostScanAnalysis started. Current nodes count: 793
[2026-08-26T16:26:27.561Z] runPostScanAnalysis started. Current nodes count: 793
[2026-08-26T16:26:27.602Z] runPostScanAnalysis started. Current nodes count: 793
[2026-08-26T16:26:27.644Z] runPostScanAnalysis started. Current nodes count: 793
[2026-08-26T16:26:27.683Z] runPostScanAnalysis started. Current nodes count: 793
[2026-08-26T16:26:27.723Z] runPostScanAnalysis started. Current nodes count: 793
[2026-08-26T16:26:27.763Z] runPostScanAnalysis started. Current nodes count: 793
[2026-08-26T16:26:27.801Z] runPostScanAnalysis started. Current nodes count: 793
[2026-08-26T16:26:27.842Z] runPostScanAnalysis started. Current nodes count: 793
[2026-08-26T16:26:27.882Z] runPostScanAnalysis started. Current nodes count: 793
[2026-08-26T16:26:27.929Z] runPostScanAnalysis started. Current nodes count: 793
[2026-08-26T16:26:27.978Z] runPostScanAnalysis started. Current nodes count: 793
[2026-08-26T16:26:28.020Z] runPostScanAnalysis started. Current nodes count: 793
[2026-08-26T16:26:28.063Z] runPostScanAnalysis started. Current nodes count: 793
[2026-08-26T16:26:28.113Z] runPostScanAnalysis started. Current nodes count: 793
[2026-08-26T16:26:28.155Z] runPostScanAnalysis started. Current nodes count: 793
[2026-08-26T16:26:28.200Z] runPostScanAnalysis started. Current nodes count: 793
[2026-08-26T16:26:28.245Z] runPostScanAnalysis started. Current nodes count: 793
[2026-08-26T16:26:28.293Z] runPostScanAnalysis started. Current nodes count: 793
[2026-08-26T16:26:28.349Z] runPostScanAnalysis started. Current nodes count: 793
[2026-08-26T16:26:28.417Z] runPostScanAnalysis started. Current nodes count: 793
[2026-08-26T16:26:28.474Z] runPostScanAnalysis started. Current nodes count: 793
[2026-08-26T16:26:28.534Z] runPostScanAnalysis started. Current nodes count: 793
[2026-08-26T16:26:28.590Z] runPostScanAnalysis started. Current nodes count: 793
[2026-08-26T16:26:28.635Z] runPostScanAnalysis started. Current nodes count: 793
[2026-08-26T16:26:28.678Z] runPostScanAnalysis started. Current nodes count: 793
[2026-08-26T16:26:28.727Z] runPostScanAnalysis started. Current nodes count: 793
[2026-08-26T16:26:28.778Z] runPostScanAnalysis started. Current nodes count: 793
[2026-08-26T16:26:28.840Z] runPostScanAnalysis started. Current nodes count: 793
[2026-08-26T16:26:28.911Z] runPostScanAnalysis started. Current nodes count: 793
[2026-08-26T16:26:28.973Z] runPostScanAnalysis started. Current nodes count: 793
[2026-08-26T16:26:29.042Z] runPostScanAnalysis started. Current nodes count: 793
[2026-08-26T16:26:29.107Z] runPostScanAnalysis started. Current nodes count: 793
[2026-08-26T16:26:29.182Z] runPostScanAnalysis started. Current nodes count: 793
[2026-08-26T16:26:29.247Z] runPostScanAnalysis started. Current nodes count: 793
[2026-08-26T16:26:29.381Z] runPostScanAnalysis started. Current nodes count: 793
[2026-08-26T16:26:29.426Z] runPostScanAnalysis started. Current nodes count: 793
[2026-08-26T16:26:29.471Z] runPostScanAnalysis started. Current nodes count: 793
[2026-08-26T16:26:29.517Z] runPostScanAnalysis started. Current nodes count: 793
[2026-08-26T16:26:29.558Z] runPostScanAnalysis started. Current nodes count: 793
[2026-08-26T16:26:29.600Z] runPostScanAnalysis started. Current nodes count: 793
[2026-08-26T16:26:29.650Z] runPostScanAnalysis started. Current nodes count: 793
[2026-08-26T16:26:29.693Z] runPostScanAnalysis started. Current nodes count: 793
[2026-08-26T16:26:29.735Z] runPostScanAnalysis started. Current nodes count: 793
[2026-08-26T16:26:29.775Z] runPostScanAnalysis started. Current nodes count: 793
[2026-08-26T16:26:29.816Z] runPostScanAnalysis started. Current nodes count: 793
[2026-08-26T16:26:29.859Z] runPostScanAnalysis started. Current nodes count: 793
[2026-08-26T16:26:29.901Z] runPostScanAnalysis started. Current nodes count: 793
[2026-08-26T16:26:29.944Z] runPostScanAnalysis started. Current nodes count: 793
[2026-08-26T16:26:29.987Z] runPostScanAnalysis started. Current nodes count: 793
[2026-08-26T16:26:30.033Z] runPostScanAnalysis started. Current nodes count: 793
[2026-08-26T16:26:30.072Z] runPostScanAnalysis started. Current nodes count: 793
[2026-08-26T16:26:30.116Z] runPostScanAnalysis started. Current nodes count: 793
[2026-08-26T16:26:30.156Z] runPostScanAnalysis started. Current nodes count: 793
[2026-08-26T16:26:30.208Z] runPostScanAnalysis started. Current nodes count: 793
[2026-08-26T16:26:30.271Z] runPostScanAnalysis started. Current nodes count: 793
[2026-08-26T16:26:30.337Z] runPostScanAnalysis started. Current nodes count: 793
[2026-08-26T16:26:30.403Z] runPostScanAnalysis started. Current nodes count: 793
[2026-08-26T16:26:30.469Z] runPostScanAnalysis started. Current nodes count: 793
[2026-08-26T16:26:30.543Z] runPostScanAnalysis started. Current nodes count: 793
[2026-08-26T16:26:30.610Z] runPostScanAnalysis started. Current nodes count: 793
[2026-08-26T16:26:30.713Z] runPostScanAnalysis started. Current nodes count: 793
[2026-08-26T16:26:30.775Z] runPostScanAnalysis started. Current nodes count: 793
[2026-08-26T16:26:30.842Z] runPostScanAnalysis started. Current nodes count: 793
[2026-08-26T16:26:30.906Z] runPostScanAnalysis started. Current nodes count: 793
[2026-08-26T16:26:30.954Z] runPostScanAnalysis started. Current nodes count: 793
[2026-08-26T16:26:31.011Z] runPostScanAnalysis started. Current nodes count: 793
[2026-08-26T16:26:31.084Z] runPostScanAnalysis started. Current nodes count: 793
[2026-08-26T16:26:31.135Z] runPostScanAnalysis started. Current nodes count: 793
[2026-08-26T19:37:10.668Z] Extension activating. WorkspaceFolders found: ["/Users/jaffar/Desktop/MacBookPro14/IOTAGit/IOTADashboard","/Users/jaffar/Desktop/MacBookPro14/IOTAGit/IOTAApiServer","/Users/jaffar/Desktop/MacBookPro14/IOTAGit/IOTADocuments"]
[2026-08-26T19:37:10.672Z] runFullScan started
[2026-08-26T19:37:10.672Z] Discovering files...
[2026-08-26T19:37:13.864Z] Scan complete: 1837 files found, 0 cached, 1837 freshly parsed, 3192ms
[2026-08-26T19:37:13.865Z] runPostScanAnalysis started. Current nodes count: 1837
[2026-08-26T19:37:13.876Z] No active DependencyGraphPanel webview open.
[2026-08-26T19:37:13.876Z] runFullScan finished
